Level 1,Measure Names,Adjust Ad?,Ads Manager Link,Campaign Mission,Campaign Preview Link,Measure Values
120246518042070030,Forecasted Cost Per Baptism,-,https://business.facebook.com/adsmanager/manage/ads?act=3685410151495854&selected_campaign_ids=120246518042050030&selected_adset_ids=120246518042320030&selected_ad_ids=120246518042070030&date=2026-01-01_2026-06-12&insight_date=2026-01-01_2026-06-12&comparison_date=2026-01-01_2026-06-12,North Carolina Raleigh Mission,,15767.535501344
120246518042070030,Forecasted Baptisms,-,https://business.facebook.com/adsmanager/manage/ads?act=3685410151495854&selected_campaign_ids=120246518042050030&selected_adset_ids=120246518042320030&selected_ad_ids=120246518042070030&date=2026-01-01_2026-06-12&insight_date=2026-01-01_2026-06-12&comparison_date=2026-01-01_2026-06-12,North Carolina Raleigh Mission,,1.306346265
120246518042070030,Forecasted % Found Baptized,-,https://business.facebook.com/adsmanager/manage/ads?act=3685410151495854&selected_campaign_ids=120246518042050030&selected_adset_ids=120246518042320030&selected_ad_ids=120246518042070030&date=2026-01-01_2026-06-12&insight_date=2026-01-01_2026-06-12&comparison_date=2026-01-01_2026-06-12,North Carolina Raleigh Mission,,0.006499235
120246518042070030,% Found Baptized,-,https://business.facebook.com/adsmanager/manage/ads?act=3685410151495854&selected_campaign_ids=120246518042050030&selected_adset_ids=120246518042320030&selected_ad_ids=120246518042070030&date=2026-01-01_2026-06-12&insight_date=2026-01-01_2026-06-12&comparison_date=2026-01-01_2026-06-12,North Carolina Raleigh Mission,,0
120246518042070030,% Found Attending Sacrament,-,https://business.facebook.com/adsmanager/manage/ads?act=3685410151495854&selected_campaign_ids=120246518042050030&selected_adset_ids=120246518042320030&selected_ad_ids=120246518042070030&date=2026-01-01_2026-06-12&insight_date=2026-01-01_2026-06-12&comparison_date=2026-01-01_2026-06-12,North Carolina Raleigh Mission,,0.014925373
120246518042070030,People Baptized and Confirmed,-,https://business.facebook.com/adsmanager/manage/ads?act=3685410151495854&selected_campaign_ids=120246518042050030&selected_adset_ids=120246518042320030&selected_ad_ids=120246518042070030&date=2026-01-01_2026-06-12&insight_date=2026-01-01_2026-06-12&comparison_date=2026-01-01_2026-06-12,North Carolina Raleigh Mission,,0
120246518042070030,People Who Attended Sacrament,-,https://business.facebook.com/adsmanager/manage/ads?act=3685410151495854&selected_campaign_ids=120246518042050030&selected_adset_ids=120246518042320030&selected_ad_ids=120246518042070030&date=2026-01-01_2026-06-12&insight_date=2026-01-01_2026-06-12&comparison_date=2026-01-01_2026-06-12,North Carolina Raleigh Mission,,3
120246518042070030,New People Being Taught,-,https://business.facebook.com/adsmanager/manage/ads?act=3685410151495854&selected_campaign_ids=120246518042050030&selected_adset_ids=120246518042320030&selected_ad_ids=120246518042070030&date=2026-01-01_2026-06-12&insight_date=2026-01-01_2026-06-12&comparison_date=2026-01-01_2026-06-12,North Carolina Raleigh Mission,,22
120246518042070030,Cost Per Facebook Lead,-,https://business.facebook.com/adsmanager/manage/ads?act=3685410151495854&selected_campaign_ids=120246518042050030&selected_adset_ids=120246518042320030&selected_ad_ids=120246518042070030&date=2026-01-01_2026-06-12&insight_date=2026-01-01_2026-06-12&comparison_date=2026-01-01_2026-06-12,North Carolina Raleigh Mission,,90.683991684
120246518042070030,Ad Leads,-,https://business.facebook.com/adsmanager/manage/ads?act=3685410151495854&selected_campaign_ids=120246518042050030&selected_adset_ids=120246518042320030&selected_ad_ids=120246518042070030&date=2026-01-01_2026-06-12&insight_date=2026-01-01_2026-06-12&comparison_date=2026-01-01_2026-06-12,North Carolina Raleigh Mission,,227.138888889
120246518042070030,People Found,-,https://business.facebook.com/adsmanager/manage/ads?act=3685410151495854&selected_campaign_ids=120246518042050030&selected_adset_ids=120246518042320030&selected_ad_ids=120246518042070030&date=2026-01-01_2026-06-12&insight_date=2026-01-01_2026-06-12&comparison_date=2026-01-01_2026-06-12,North Carolina Raleigh Mission,,201
120236433620940313,Forecasted Cost Per Baptism,-,https://business.facebook.com/adsmanager/manage/ads?act=930733667354652&selected_campaign_ids=120236433577910313&selected_adset_ids=120236433580760313&selected_ad_ids=120236433620940313&date=2026-01-01_2026-06-12&insight_date=2026-01-01_2026-06-12&comparison_date=2026-01-01_2026-06-12,Washington Everett Mission,,14073.900127693
120236433620940313,Forecasted Baptisms,-,https://business.facebook.com/adsmanager/manage/ads?act=930733667354652&selected_campaign_ids=120236433577910313&selected_adset_ids=120236433580760313&selected_ad_ids=120236433620940313&date=2026-01-01_2026-06-12&insight_date=2026-01-01_2026-06-12&comparison_date=2026-01-01_2026-06-12,Washington Everett Mission,,4.347851615
120236433620940313,Forecasted % Found Baptized,-,https://business.facebook.com/adsmanager/manage/ads?act=930733667354652&selected_campaign_ids=120236433577910313&selected_adset_ids=120236433580760313&selected_ad_ids=120236433620940313&date=2026-01-01_2026-06-12&insight_date=2026-01-01_2026-06-12&comparison_date=2026-01-01_2026-06-12,Washington Everett Mission,,0.006229014
120236433620940313,% Found Baptized,-,https://business.facebook.com/adsmanager/manage/ads?act=930733667354652&selected_campaign_ids=120236433577910313&selected_adset_ids=120236433580760313&selected_ad_ids=120236433620940313&date=2026-01-01_2026-06-12&insight_date=2026-01-01_2026-06-12&comparison_date=2026-01-01_2026-06-12,Washington Everett Mission,,0.004297994
120236433620940313,% Found Attending Sacrament,-,https://business.facebook.com/adsmanager/manage/ads?act=930733667354652&selected_campaign_ids=120236433577910313&selected_adset_ids=120236433580760313&selected_ad_ids=120236433620940313&date=2026-01-01_2026-06-12&insight_date=2026-01-01_2026-06-12&comparison_date=2026-01-01_2026-06-12,Washington Everett Mission,,0.047277937
120236433620940313,People Baptized and Confirmed,-,https://business.facebook.com/adsmanager/manage/ads?act=930733667354652&selected_campaign_ids=120236433577910313&selected_adset_ids=120236433580760313&selected_ad_ids=120236433620940313&date=2026-01-01_2026-06-12&insight_date=2026-01-01_2026-06-12&comparison_date=2026-01-01_2026-06-12,Washington Everett Mission,,3
120236433620940313,People Who Attended Sacrament,-,https://business.facebook.com/adsmanager/manage/ads?act=930733667354652&selected_campaign_ids=120236433577910313&selected_adset_ids=120236433580760313&selected_ad_ids=120236433620940313&date=2026-01-01_2026-06-12&insight_date=2026-01-01_2026-06-12&comparison_date=2026-01-01_2026-06-12,Washington Everett Mission,,33
120236433620940313,New People Being Taught,-,https://business.facebook.com/adsmanager/manage/ads?act=930733667354652&selected_campaign_ids=120236433577910313&selected_adset_ids=120236433580760313&selected_ad_ids=120236433620940313&date=2026-01-01_2026-06-12&insight_date=2026-01-01_2026-06-12&comparison_date=2026-01-01_2026-06-12,Washington Everett Mission,,149
120236433620940313,Cost Per Facebook Lead,-,https://business.facebook.com/adsmanager/manage/ads?act=930733667354652&selected_campaign_ids=120236433577910313&selected_adset_ids=120236433580760313&selected_ad_ids=120236433620940313&date=2026-01-01_2026-06-12&insight_date=2026-01-01_2026-06-12&comparison_date=2026-01-01_2026-06-12,Washington Everett Mission,,28.858547713
120236433620940313,Ad Leads,-,https://business.facebook.com/adsmanager/manage/ads?act=930733667354652&selected_campaign_ids=120236433577910313&selected_adset_ids=120236433580760313&selected_ad_ids=120236433620940313&date=2026-01-01_2026-06-12&insight_date=2026-01-01_2026-06-12&comparison_date=2026-01-01_2026-06-12,Washington Everett Mission,,2120.384920635
120236433620940313,People Found,-,https://business.facebook.com/adsmanager/manage/ads?act=930733667354652&selected_campaign_ids=120236433577910313&selected_adset_ids=120236433580760313&selected_ad_ids=120236433620940313&date=2026-01-01_2026-06-12&insight_date=2026-01-01_2026-06-12&comparison_date=2026-01-01_2026-06-12,Washington Everett Mission,,698
120238222103720218,Forecasted Cost Per Baptism,Grow,https://business.facebook.com/adsmanager/manage/ads?act=2690826994537559&selected_campaign_ids=120237860491540218&selected_adset_ids=120238222103700218&selected_ad_ids=120238222103720218&date=2026-01-01_2026-06-12&insight_date=2026-01-01_2026-06-12&comparison_date=2026-01-01_2026-06-12,California San Jose Mission,,12365.574129402
120238222103720218,Forecasted Baptisms,Grow,https://business.facebook.com/adsmanager/manage/ads?act=2690826994537559&selected_campaign_ids=120237860491540218&selected_adset_ids=120238222103700218&selected_ad_ids=120238222103720218&date=2026-01-01_2026-06-12&insight_date=2026-01-01_2026-06-12&comparison_date=2026-01-01_2026-06-12,California San Jose Mission,,0.484813721
120238222103720218,Forecasted % Found Baptized,Grow,https://business.facebook.com/adsmanager/manage/ads?act=2690826994537559&selected_campaign_ids=120237860491540218&selected_adset_ids=120238222103700218&selected_ad_ids=120238222103720218&date=2026-01-01_2026-06-12&insight_date=2026-01-01_2026-06-12&comparison_date=2026-01-01_2026-06-12,California San Jose Mission,,0.006379128
120238222103720218,% Found Baptized,Grow,https://business.facebook.com/adsmanager/manage/ads?act=2690826994537559&selected_campaign_ids=120237860491540218&selected_adset_ids=120238222103700218&selected_ad_ids=120238222103720218&date=2026-01-01_2026-06-12&insight_date=2026-01-01_2026-06-12&comparison_date=2026-01-01_2026-06-12,California San Jose Mission,,0
120238222103720218,% Found Attending Sacrament,Grow,https://business.facebook.com/adsmanager/manage/ads?act=2690826994537559&selected_campaign_ids=120237860491540218&selected_adset_ids=120238222103700218&selected_ad_ids=120238222103720218&date=2026-01-01_2026-06-12&insight_date=2026-01-01_2026-06-12&comparison_date=2026-01-01_2026-06-12,California San Jose Mission,,0.078947368
120238222103720218,People Baptized and Confirmed,Grow,https://business.facebook.com/adsmanager/manage/ads?act=2690826994537559&selected_campaign_ids=120237860491540218&selected_adset_ids=120238222103700218&selected_ad_ids=120238222103720218&date=2026-01-01_2026-06-12&insight_date=2026-01-01_2026-06-12&comparison_date=2026-01-01_2026-06-12,California San Jose Mission,,0
120238222103720218,People Who Attended Sacrament,Grow,https://business.facebook.com/adsmanager/manage/ads?act=2690826994537559&selected_campaign_ids=120237860491540218&selected_adset_ids=120238222103700218&selected_ad_ids=120238222103720218&date=2026-01-01_2026-06-12&insight_date=2026-01-01_2026-06-12&comparison_date=2026-01-01_2026-06-12,California San Jose Mission,,6
120238222103720218,New People Being Taught,Grow,https://business.facebook.com/adsmanager/manage/ads?act=2690826994537559&selected_campaign_ids=120237860491540218&selected_adset_ids=120238222103700218&selected_ad_ids=120238222103720218&date=2026-01-01_2026-06-12&insight_date=2026-01-01_2026-06-12&comparison_date=2026-01-01_2026-06-12,California San Jose Mission,,19
120238222103720218,Cost Per Facebook Lead,Grow,https://business.facebook.com/adsmanager/manage/ads?act=2690826994537559&selected_campaign_ids=120237860491540218&selected_adset_ids=120238222103700218&selected_ad_ids=120238222103720218&date=2026-01-01_2026-06-12&insight_date=2026-01-01_2026-06-12&comparison_date=2026-01-01_2026-06-12,California San Jose Mission,,26.008676790
120238222103720218,Ad Leads,Grow,https://business.facebook.com/adsmanager/manage/ads?act=2690826994537559&selected_campaign_ids=120237860491540218&selected_adset_ids=120238222103700218&selected_ad_ids=120238222103720218&date=2026-01-01_2026-06-12&insight_date=2026-01-01_2026-06-12&comparison_date=2026-01-01_2026-06-12,California San Jose Mission,,230.5
120238222103720218,People Found,Grow,https://business.facebook.com/adsmanager/manage/ads?act=2690826994537559&selected_campaign_ids=120237860491540218&selected_adset_ids=120238222103700218&selected_ad_ids=120238222103720218&date=2026-01-01_2026-06-12&insight_date=2026-01-01_2026-06-12&comparison_date=2026-01-01_2026-06-12,California San Jose Mission,,76
120242670013560116,Forecasted Cost Per Baptism,-,https://business.facebook.com/adsmanager/manage/ads?act=969086184816615&selected_campaign_ids=120242670013850116&selected_adset_ids=120242670013990116&selected_ad_ids=120242670013560116&date=2026-01-01_2026-06-12&insight_date=2026-01-01_2026-06-12&comparison_date=2026-01-01_2026-06-12,Michigan Detroit Mission,,12063.308461846
120242670013560116,Forecasted Baptisms,-,https://business.facebook.com/adsmanager/manage/ads?act=969086184816615&selected_campaign_ids=120242670013850116&selected_adset_ids=120242670013990116&selected_ad_ids=120242670013560116&date=2026-01-01_2026-06-12&insight_date=2026-01-01_2026-06-12&comparison_date=2026-01-01_2026-06-12,Michigan Detroit Mission,,0.415532772
120242670013560116,Forecasted % Found Baptized,-,https://business.facebook.com/adsmanager/manage/ads?act=969086184816615&selected_campaign_ids=120242670013850116&selected_adset_ids=120242670013990116&selected_ad_ids=120242670013560116&date=2026-01-01_2026-06-12&insight_date=2026-01-01_2026-06-12&comparison_date=2026-01-01_2026-06-12,Michigan Detroit Mission,,0.006022214
120242670013560116,% Found Baptized,-,https://business.facebook.com/adsmanager/manage/ads?act=969086184816615&selected_campaign_ids=120242670013850116&selected_adset_ids=120242670013990116&selected_ad_ids=120242670013560116&date=2026-01-01_2026-06-12&insight_date=2026-01-01_2026-06-12&comparison_date=2026-01-01_2026-06-12,Michigan Detroit Mission,,0
120242670013560116,% Found Attending Sacrament,-,https://business.facebook.com/adsmanager/manage/ads?act=969086184816615&selected_campaign_ids=120242670013850116&selected_adset_ids=120242670013990116&selected_ad_ids=120242670013560116&date=2026-01-01_2026-06-12&insight_date=2026-01-01_2026-06-12&comparison_date=2026-01-01_2026-06-12,Michigan Detroit Mission,,0.072463768
120242670013560116,People Baptized and Confirmed,-,https://business.facebook.com/adsmanager/manage/ads?act=969086184816615&selected_campaign_ids=120242670013850116&selected_adset_ids=120242670013990116&selected_ad_ids=120242670013560116&date=2026-01-01_2026-06-12&insight_date=2026-01-01_2026-06-12&comparison_date=2026-01-01_2026-06-12,Michigan Detroit Mission,,0
120242670013560116,People Who Attended Sacrament,-,https://business.facebook.com/adsmanager/manage/ads?act=969086184816615&selected_campaign_ids=120242670013850116&selected_adset_ids=120242670013990116&selected_ad_ids=120242670013560116&date=2026-01-01_2026-06-12&insight_date=2026-01-01_2026-06-12&comparison_date=2026-01-01_2026-06-12,Michigan Detroit Mission,,5
120242670013560116,New People Being Taught,-,https://business.facebook.com/adsmanager/manage/ads?act=969086184816615&selected_campaign_ids=120242670013850116&selected_adset_ids=120242670013990116&selected_ad_ids=120242670013560116&date=2026-01-01_2026-06-12&insight_date=2026-01-01_2026-06-12&comparison_date=2026-01-01_2026-06-12,Michigan Detroit Mission,,19
120242670013560116,Cost Per Facebook Lead,-,https://business.facebook.com/adsmanager/manage/ads?act=969086184816615&selected_campaign_ids=120242670013850116&selected_adset_ids=120242670013990116&selected_ad_ids=120242670013560116&date=2026-01-01_2026-06-12&insight_date=2026-01-01_2026-06-12&comparison_date=2026-01-01_2026-06-12,Michigan Detroit Mission,,39.346153846
120242670013560116,Ad Leads,-,https://business.facebook.com/adsmanager/manage/ads?act=969086184816615&selected_campaign_ids=120242670013850116&selected_adset_ids=120242670013990116&selected_ad_ids=120242670013560116&date=2026-01-01_2026-06-12&insight_date=2026-01-01_2026-06-12&comparison_date=2026-01-01_2026-06-12,Michigan Detroit Mission,,127.4
120242670013560116,People Found,-,https://business.facebook.com/adsmanager/manage/ads?act=969086184816615&selected_campaign_ids=120242670013850116&selected_adset_ids=120242670013990116&selected_ad_ids=120242670013560116&date=2026-01-01_2026-06-12&insight_date=2026-01-01_2026-06-12&comparison_date=2026-01-01_2026-06-12,Michigan Detroit Mission,,69
120245245557720524,Forecasted Cost Per Baptism,-,https://business.facebook.com/adsmanager/manage/ads?act=2683631865285420&selected_campaign_ids=120245245557500524&selected_adset_ids=120245245557800524&selected_ad_ids=120245245557720524&date=2026-01-01_2026-06-12&insight_date=2026-01-01_2026-06-12&comparison_date=2026-01-01_2026-06-12,Tennessee Nashville Mission,,11589.115176171
120245245557720524,Forecasted Baptisms,-,https://business.facebook.com/adsmanager/manage/ads?act=2683631865285420&selected_campaign_ids=120245245557500524&selected_adset_ids=120245245557800524&selected_ad_ids=120245245557720524&date=2026-01-01_2026-06-12&insight_date=2026-01-01_2026-06-12&comparison_date=2026-01-01_2026-06-12,Tennessee Nashville Mission,,1.271888740
120245245557720524,Forecasted % Found Baptized,-,https://business.facebook.com/adsmanager/manage/ads?act=2683631865285420&selected_campaign_ids=120245245557500524&selected_adset_ids=120245245557800524&selected_ad_ids=120245245557720524&date=2026-01-01_2026-06-12&insight_date=2026-01-01_2026-06-12&comparison_date=2026-01-01_2026-06-12,Tennessee Nashville Mission,,0.007309705
120245245557720524,% Found Baptized,-,https://business.facebook.com/adsmanager/manage/ads?act=2683631865285420&selected_campaign_ids=120245245557500524&selected_adset_ids=120245245557800524&selected_ad_ids=120245245557720524&date=2026-01-01_2026-06-12&insight_date=2026-01-01_2026-06-12&comparison_date=2026-01-01_2026-06-12,Tennessee Nashville Mission,,0
120245245557720524,% Found Attending Sacrament,-,https://business.facebook.com/adsmanager/manage/ads?act=2683631865285420&selected_campaign_ids=120245245557500524&selected_adset_ids=120245245557800524&selected_ad_ids=120245245557720524&date=2026-01-01_2026-06-12&insight_date=2026-01-01_2026-06-12&comparison_date=2026-01-01_2026-06-12,Tennessee Nashville Mission,,0.040229885
120245245557720524,People Baptized and Confirmed,-,https://business.facebook.com/adsmanager/manage/ads?act=2683631865285420&selected_campaign_ids=120245245557500524&selected_adset_ids=120245245557800524&selected_ad_ids=120245245557720524&date=2026-01-01_2026-06-12&insight_date=2026-01-01_2026-06-12&comparison_date=2026-01-01_2026-06-12,Tennessee Nashville Mission,,0
120245245557720524,People Who Attended Sacrament,-,https://business.facebook.com/adsmanager/manage/ads?act=2683631865285420&selected_campaign_ids=120245245557500524&selected_adset_ids=120245245557800524&selected_ad_ids=120245245557720524&date=2026-01-01_2026-06-12&insight_date=2026-01-01_2026-06-12&comparison_date=2026-01-01_2026-06-12,Tennessee Nashville Mission,,7
120245245557720524,New People Being Taught,-,https://business.facebook.com/adsmanager/manage/ads?act=2683631865285420&selected_campaign_ids=120245245557500524&selected_adset_ids=120245245557800524&selected_ad_ids=120245245557720524&date=2026-01-01_2026-06-12&insight_date=2026-01-01_2026-06-12&comparison_date=2026-01-01_2026-06-12,Tennessee Nashville Mission,,49
120245245557720524,Cost Per Facebook Lead,-,https://business.facebook.com/adsmanager/manage/ads?act=2683631865285420&selected_campaign_ids=120245245557500524&selected_adset_ids=120245245557800524&selected_ad_ids=120245245557720524&date=2026-01-01_2026-06-12&insight_date=2026-01-01_2026-06-12&comparison_date=2026-01-01_2026-06-12,Tennessee Nashville Mission,,77.308221797
120245245557720524,Ad Leads,-,https://business.facebook.com/adsmanager/manage/ads?act=2683631865285420&selected_campaign_ids=120245245557500524&selected_adset_ids=120245245557800524&selected_ad_ids=120245245557720524&date=2026-01-01_2026-06-12&insight_date=2026-01-01_2026-06-12&comparison_date=2026-01-01_2026-06-12,Tennessee Nashville Mission,,190.666202845
120245245557720524,People Found,-,https://business.facebook.com/adsmanager/manage/ads?act=2683631865285420&selected_campaign_ids=120245245557500524&selected_adset_ids=120245245557800524&selected_ad_ids=120245245557720524&date=2026-01-01_2026-06-12&insight_date=2026-01-01_2026-06-12&comparison_date=2026-01-01_2026-06-12,Tennessee Nashville Mission,,174
120241439590590019,Forecasted Cost Per Baptism,-,https://business.facebook.com/adsmanager/manage/ads?act=1557243931332340&selected_campaign_ids=120240753607360019&selected_adset_ids=120241439590650019&selected_ad_ids=120241439590590019&date=2026-01-01_2026-06-12&insight_date=2026-01-01_2026-06-12&comparison_date=2026-01-01_2026-06-12,Ohio Columbus Mission,,11479.522027863
120241439590590019,Forecasted Baptisms,-,https://business.facebook.com/adsmanager/manage/ads?act=1557243931332340&selected_campaign_ids=120240753607360019&selected_adset_ids=120241439590650019&selected_ad_ids=120241439590590019&date=2026-01-01_2026-06-12&insight_date=2026-01-01_2026-06-12&comparison_date=2026-01-01_2026-06-12,Ohio Columbus Mission,,1.685679940
120241439590590019,Forecasted % Found Baptized,-,https://business.facebook.com/adsmanager/manage/ads?act=1557243931332340&selected_campaign_ids=120240753607360019&selected_adset_ids=120241439590650019&selected_ad_ids=120241439590590019&date=2026-01-01_2026-06-12&insight_date=2026-01-01_2026-06-12&comparison_date=2026-01-01_2026-06-12,Ohio Columbus Mission,,0.006063597
120241439590590019,% Found Baptized,-,https://business.facebook.com/adsmanager/manage/ads?act=1557243931332340&selected_campaign_ids=120240753607360019&selected_adset_ids=120241439590650019&selected_ad_ids=120241439590590019&date=2026-01-01_2026-06-12&insight_date=2026-01-01_2026-06-12&comparison_date=2026-01-01_2026-06-12,Ohio Columbus Mission,,0
120241439590590019,% Found Attending Sacrament,-,https://business.facebook.com/adsmanager/manage/ads?act=1557243931332340&selected_campaign_ids=120240753607360019&selected_adset_ids=120241439590650019&selected_ad_ids=120241439590590019&date=2026-01-01_2026-06-12&insight_date=2026-01-01_2026-06-12&comparison_date=2026-01-01_2026-06-12,Ohio Columbus Mission,,0.035971223
120241439590590019,People Baptized and Confirmed,-,https://business.facebook.com/adsmanager/manage/ads?act=1557243931332340&selected_campaign_ids=120240753607360019&selected_adset_ids=120241439590650019&selected_ad_ids=120241439590590019&date=2026-01-01_2026-06-12&insight_date=2026-01-01_2026-06-12&comparison_date=2026-01-01_2026-06-12,Ohio Columbus Mission,,0
120241439590590019,People Who Attended Sacrament,-,https://business.facebook.com/adsmanager/manage/ads?act=1557243931332340&selected_campaign_ids=120240753607360019&selected_adset_ids=120241439590650019&selected_ad_ids=120241439590590019&date=2026-01-01_2026-06-12&insight_date=2026-01-01_2026-06-12&comparison_date=2026-01-01_2026-06-12,Ohio Columbus Mission,,10
120241439590590019,New People Being Taught,-,https://business.facebook.com/adsmanager/manage/ads?act=1557243931332340&selected_campaign_ids=120240753607360019&selected_adset_ids=120241439590650019&selected_ad_ids=120241439590590019&date=2026-01-01_2026-06-12&insight_date=2026-01-01_2026-06-12&comparison_date=2026-01-01_2026-06-12,Ohio Columbus Mission,,46
120241439590590019,Cost Per Facebook Lead,-,https://business.facebook.com/adsmanager/manage/ads?act=1557243931332340&selected_campaign_ids=120240753607360019&selected_adset_ids=120241439590650019&selected_ad_ids=120241439590590019&date=2026-01-01_2026-06-12&insight_date=2026-01-01_2026-06-12&comparison_date=2026-01-01_2026-06-12,Ohio Columbus Mission,,27.359332658
120241439590590019,Ad Leads,-,https://business.facebook.com/adsmanager/manage/ads?act=1557243931332340&selected_campaign_ids=120240753607360019&selected_adset_ids=120241439590650019&selected_ad_ids=120241439590590019&date=2026-01-01_2026-06-12&insight_date=2026-01-01_2026-06-12&comparison_date=2026-01-01_2026-06-12,Ohio Columbus Mission,,707.283333333
120241439590590019,People Found,-,https://business.facebook.com/adsmanager/manage/ads?act=1557243931332340&selected_campaign_ids=120240753607360019&selected_adset_ids=120241439590650019&selected_ad_ids=120241439590590019&date=2026-01-01_2026-06-12&insight_date=2026-01-01_2026-06-12&comparison_date=2026-01-01_2026-06-12,Ohio Columbus Mission,,278
6924729715458,Forecasted Cost Per Baptism,-,https://business.facebook.com/adsmanager/manage/ads?act=59491887&selected_campaign_ids=6924723798258&selected_adset_ids=6924723803058&selected_ad_ids=6924729715458&date=2026-01-01_2026-06-12&insight_date=2026-01-01_2026-06-12&comparison_date=2026-01-01_2026-06-12,Tennessee Nashville Mission,,11171.918626468
6924729715458,Forecasted Baptisms,-,https://business.facebook.com/adsmanager/manage/ads?act=59491887&selected_campaign_ids=6924723798258&selected_adset_ids=6924723803058&selected_ad_ids=6924729715458&date=2026-01-01_2026-06-12&insight_date=2026-01-01_2026-06-12&comparison_date=2026-01-01_2026-06-12,Tennessee Nashville Mission,,0.584859255
6924729715458,Forecasted % Found Baptized,-,https://business.facebook.com/adsmanager/manage/ads?act=59491887&selected_campaign_ids=6924723798258&selected_adset_ids=6924723803058&selected_ad_ids=6924729715458&date=2026-01-01_2026-06-12&insight_date=2026-01-01_2026-06-12&comparison_date=2026-01-01_2026-06-12,Tennessee Nashville Mission,,0.006880697
6924729715458,% Found Baptized,-,https://business.facebook.com/adsmanager/manage/ads?act=59491887&selected_campaign_ids=6924723798258&selected_adset_ids=6924723803058&selected_ad_ids=6924729715458&date=2026-01-01_2026-06-12&insight_date=2026-01-01_2026-06-12&comparison_date=2026-01-01_2026-06-12,Tennessee Nashville Mission,,0
6924729715458,% Found Attending Sacrament,-,https://business.facebook.com/adsmanager/manage/ads?act=59491887&selected_campaign_ids=6924723798258&selected_adset_ids=6924723803058&selected_ad_ids=6924729715458&date=2026-01-01_2026-06-12&insight_date=2026-01-01_2026-06-12&comparison_date=2026-01-01_2026-06-12,Tennessee Nashville Mission,,0.035294118
6924729715458,People Baptized and Confirmed,-,https://business.facebook.com/adsmanager/manage/ads?act=59491887&selected_campaign_ids=6924723798258&selected_adset_ids=6924723803058&selected_ad_ids=6924729715458&date=2026-01-01_2026-06-12&insight_date=2026-01-01_2026-06-12&comparison_date=2026-01-01_2026-06-12,Tennessee Nashville Mission,,0
6924729715458,People Who Attended Sacrament,-,https://business.facebook.com/adsmanager/manage/ads?act=59491887&selected_campaign_ids=6924723798258&selected_adset_ids=6924723803058&selected_ad_ids=6924729715458&date=2026-01-01_2026-06-12&insight_date=2026-01-01_2026-06-12&comparison_date=2026-01-01_2026-06-12,Tennessee Nashville Mission,,3
6924729715458,New People Being Taught,-,https://business.facebook.com/adsmanager/manage/ads?act=59491887&selected_campaign_ids=6924723798258&selected_adset_ids=6924723803058&selected_ad_ids=6924729715458&date=2026-01-01_2026-06-12&insight_date=2026-01-01_2026-06-12&comparison_date=2026-01-01_2026-06-12,Tennessee Nashville Mission,,14
6924729715458,Cost Per Facebook Lead,-,https://business.facebook.com/adsmanager/manage/ads?act=59491887&selected_campaign_ids=6924723798258&selected_adset_ids=6924723803058&selected_ad_ids=6924729715458&date=2026-01-01_2026-06-12&insight_date=2026-01-01_2026-06-12&comparison_date=2026-01-01_2026-06-12,Tennessee Nashville Mission,,32.834170854
6924729715458,Ad Leads,-,https://business.facebook.com/adsmanager/manage/ads?act=59491887&selected_campaign_ids=6924723798258&selected_adset_ids=6924723803058&selected_ad_ids=6924729715458&date=2026-01-01_2026-06-12&insight_date=2026-01-01_2026-06-12&comparison_date=2026-01-01_2026-06-12,Tennessee Nashville Mission,,199
6924729715458,People Found,-,https://business.facebook.com/adsmanager/manage/ads?act=59491887&selected_campaign_ids=6924723798258&selected_adset_ids=6924723803058&selected_ad_ids=6924729715458&date=2026-01-01_2026-06-12&insight_date=2026-01-01_2026-06-12&comparison_date=2026-01-01_2026-06-12,Tennessee Nashville Mission,,85
120237860337580218,Forecasted Cost Per Baptism,-,https://business.facebook.com/adsmanager/manage/ads?act=2690826994537559&selected_campaign_ids=120237860337560218&selected_adset_ids=120237860337640218&selected_ad_ids=120237860337580218&date=2026-01-01_2026-06-12&insight_date=2026-01-01_2026-06-12&comparison_date=2026-01-01_2026-06-12,California San Jose Mission,,10755.762918474
120237860337580218,Forecasted Baptisms,-,https://business.facebook.com/adsmanager/manage/ads?act=2690826994537559&selected_campaign_ids=120237860337560218&selected_adset_ids=120237860337640218&selected_ad_ids=120237860337580218&date=2026-01-01_2026-06-12&insight_date=2026-01-01_2026-06-12&comparison_date=2026-01-01_2026-06-12,California San Jose Mission,,1.124141550
120237860337580218,Forecasted % Found Baptized,-,https://business.facebook.com/adsmanager/manage/ads?act=2690826994537559&selected_campaign_ids=120237860337560218&selected_adset_ids=120237860337640218&selected_ad_ids=120237860337580218&date=2026-01-01_2026-06-12&insight_date=2026-01-01_2026-06-12&comparison_date=2026-01-01_2026-06-12,California San Jose Mission,,0.007025885
120237860337580218,% Found Baptized,-,https://business.facebook.com/adsmanager/manage/ads?act=2690826994537559&selected_campaign_ids=120237860337560218&selected_adset_ids=120237860337640218&selected_ad_ids=120237860337580218&date=2026-01-01_2026-06-12&insight_date=2026-01-01_2026-06-12&comparison_date=2026-01-01_2026-06-12,California San Jose Mission,,0
120237860337580218,% Found Attending Sacrament,-,https://business.facebook.com/adsmanager/manage/ads?act=2690826994537559&selected_campaign_ids=120237860337560218&selected_adset_ids=120237860337640218&selected_ad_ids=120237860337580218&date=2026-01-01_2026-06-12&insight_date=2026-01-01_2026-06-12&comparison_date=2026-01-01_2026-06-12,California San Jose Mission,,0.0875
120237860337580218,People Baptized and Confirmed,-,https://business.facebook.com/adsmanager/manage/ads?act=2690826994537559&selected_campaign_ids=120237860337560218&selected_adset_ids=120237860337640218&selected_ad_ids=120237860337580218&date=2026-01-01_2026-06-12&insight_date=2026-01-01_2026-06-12&comparison_date=2026-01-01_2026-06-12,California San Jose Mission,,0
120237860337580218,People Who Attended Sacrament,-,https://business.facebook.com/adsmanager/manage/ads?act=2690826994537559&selected_campaign_ids=120237860337560218&selected_adset_ids=120237860337640218&selected_ad_ids=120237860337580218&date=2026-01-01_2026-06-12&insight_date=2026-01-01_2026-06-12&comparison_date=2026-01-01_2026-06-12,California San Jose Mission,,14
120237860337580218,New People Being Taught,-,https://business.facebook.com/adsmanager/manage/ads?act=2690826994537559&selected_campaign_ids=120237860337560218&selected_adset_ids=120237860337640218&selected_ad_ids=120237860337580218&date=2026-01-01_2026-06-12&insight_date=2026-01-01_2026-06-12&comparison_date=2026-01-01_2026-06-12,California San Jose Mission,,56
120237860337580218,Cost Per Facebook Lead,-,https://business.facebook.com/adsmanager/manage/ads?act=2690826994537559&selected_campaign_ids=120237860337560218&selected_adset_ids=120237860337640218&selected_ad_ids=120237860337580218&date=2026-01-01_2026-06-12&insight_date=2026-01-01_2026-06-12&comparison_date=2026-01-01_2026-06-12,California San Jose Mission,,56.237209302
120237860337580218,Ad Leads,-,https://business.facebook.com/adsmanager/manage/ads?act=2690826994537559&selected_campaign_ids=120237860337560218&selected_adset_ids=120237860337640218&selected_ad_ids=120237860337580218&date=2026-01-01_2026-06-12&insight_date=2026-01-01_2026-06-12&comparison_date=2026-01-01_2026-06-12,California San Jose Mission,,215
120237860337580218,People Found,-,https://business.facebook.com/adsmanager/manage/ads?act=2690826994537559&selected_campaign_ids=120237860337560218&selected_adset_ids=120237860337640218&selected_ad_ids=120237860337580218&date=2026-01-01_2026-06-12&insight_date=2026-01-01_2026-06-12&comparison_date=2026-01-01_2026-06-12,California San Jose Mission,,160
120244623926990030,Forecasted Cost Per Baptism,-,https://business.facebook.com/adsmanager/manage/ads?act=3685410151495854&selected_campaign_ids=120244623888840030&selected_adset_ids=120244623891200030&selected_ad_ids=120244623926990030&date=2026-01-01_2026-06-12&insight_date=2026-01-01_2026-06-12&comparison_date=2026-01-01_2026-06-12,Tennessee Nashville Mission,,10005.782679113
120244623926990030,Forecasted Baptisms,-,https://business.facebook.com/adsmanager/manage/ads?act=3685410151495854&selected_campaign_ids=120244623888840030&selected_adset_ids=120244623891200030&selected_ad_ids=120244623926990030&date=2026-01-01_2026-06-12&insight_date=2026-01-01_2026-06-12&comparison_date=2026-01-01_2026-06-12,Tennessee Nashville Mission,,1.018710912
120244623926990030,Forecasted % Found Baptized,-,https://business.facebook.com/adsmanager/manage/ads?act=3685410151495854&selected_campaign_ids=120244623888840030&selected_adset_ids=120244623891200030&selected_ad_ids=120244623926990030&date=2026-01-01_2026-06-12&insight_date=2026-01-01_2026-06-12&comparison_date=2026-01-01_2026-06-12,Tennessee Nashville Mission,,0.006658241
120244623926990030,% Found Baptized,-,https://business.facebook.com/adsmanager/manage/ads?act=3685410151495854&selected_campaign_ids=120244623888840030&selected_adset_ids=120244623891200030&selected_ad_ids=120244623926990030&date=2026-01-01_2026-06-12&insight_date=2026-01-01_2026-06-12&comparison_date=2026-01-01_2026-06-12,Tennessee Nashville Mission,,0.006535948
120244623926990030,% Found Attending Sacrament,-,https://business.facebook.com/adsmanager/manage/ads?act=3685410151495854&selected_campaign_ids=120244623888840030&selected_adset_ids=120244623891200030&selected_ad_ids=120244623926990030&date=2026-01-01_2026-06-12&insight_date=2026-01-01_2026-06-12&comparison_date=2026-01-01_2026-06-12,Tennessee Nashville Mission,,0.039215686
120244623926990030,People Baptized and Confirmed,-,https://business.facebook.com/adsmanager/manage/ads?act=3685410151495854&selected_campaign_ids=120244623888840030&selected_adset_ids=120244623891200030&selected_ad_ids=120244623926990030&date=2026-01-01_2026-06-12&insight_date=2026-01-01_2026-06-12&comparison_date=2026-01-01_2026-06-12,Tennessee Nashville Mission,,1
120244623926990030,People Who Attended Sacrament,-,https://business.facebook.com/adsmanager/manage/ads?act=3685410151495854&selected_campaign_ids=120244623888840030&selected_adset_ids=120244623891200030&selected_ad_ids=120244623926990030&date=2026-01-01_2026-06-12&insight_date=2026-01-01_2026-06-12&comparison_date=2026-01-01_2026-06-12,Tennessee Nashville Mission,,6
120244623926990030,New People Being Taught,-,https://business.facebook.com/adsmanager/manage/ads?act=3685410151495854&selected_campaign_ids=120244623888840030&selected_adset_ids=120244623891200030&selected_ad_ids=120244623926990030&date=2026-01-01_2026-06-12&insight_date=2026-01-01_2026-06-12&comparison_date=2026-01-01_2026-06-12,Tennessee Nashville Mission,,34
120244623926990030,Cost Per Facebook Lead,-,https://business.facebook.com/adsmanager/manage/ads?act=3685410151495854&selected_campaign_ids=120244623888840030&selected_adset_ids=120244623891200030&selected_ad_ids=120244623926990030&date=2026-01-01_2026-06-12&insight_date=2026-01-01_2026-06-12&comparison_date=2026-01-01_2026-06-12,Tennessee Nashville Mission,,59.608187135
120244623926990030,Ad Leads,-,https://business.facebook.com/adsmanager/manage/ads?act=3685410151495854&selected_campaign_ids=120244623888840030&selected_adset_ids=120244623891200030&selected_ad_ids=120244623926990030&date=2026-01-01_2026-06-12&insight_date=2026-01-01_2026-06-12&comparison_date=2026-01-01_2026-06-12,Tennessee Nashville Mission,,171
120244623926990030,People Found,-,https://business.facebook.com/adsmanager/manage/ads?act=3685410151495854&selected_campaign_ids=120244623888840030&selected_adset_ids=120244623891200030&selected_ad_ids=120244623926990030&date=2026-01-01_2026-06-12&insight_date=2026-01-01_2026-06-12&comparison_date=2026-01-01_2026-06-12,Tennessee Nashville Mission,,153
120247978650730188,Forecasted Cost Per Baptism,-,https://business.facebook.com/adsmanager/manage/ads?act=265070661450846&selected_campaign_ids=120247978569840188&selected_adset_ids=120247978573400188&selected_ad_ids=120247978650730188&date=2026-01-01_2026-06-12&insight_date=2026-01-01_2026-06-12&comparison_date=2026-01-01_2026-06-12,Tennessee Nashville Mission,,9691.933033064
120247978650730188,Forecasted Baptisms,-,https://business.facebook.com/adsmanager/manage/ads?act=265070661450846&selected_campaign_ids=120247978569840188&selected_adset_ids=120247978573400188&selected_ad_ids=120247978650730188&date=2026-01-01_2026-06-12&insight_date=2026-01-01_2026-06-12&comparison_date=2026-01-01_2026-06-12,Tennessee Nashville Mission,,4.069776366
120247978650730188,Forecasted % Found Baptized,-,https://business.facebook.com/adsmanager/manage/ads?act=265070661450846&selected_campaign_ids=120247978569840188&selected_adset_ids=120247978573400188&selected_ad_ids=120247978650730188&date=2026-01-01_2026-06-12&insight_date=2026-01-01_2026-06-12&comparison_date=2026-01-01_2026-06-12,Tennessee Nashville Mission,,0.006429347
120247978650730188,% Found Baptized,-,https://business.facebook.com/adsmanager/manage/ads?act=265070661450846&selected_campaign_ids=120247978569840188&selected_adset_ids=120247978573400188&selected_ad_ids=120247978650730188&date=2026-01-01_2026-06-12&insight_date=2026-01-01_2026-06-12&comparison_date=2026-01-01_2026-06-12,Tennessee Nashville Mission,,0.001579779
120247978650730188,% Found Attending Sacrament,-,https://business.facebook.com/adsmanager/manage/ads?act=265070661450846&selected_campaign_ids=120247978569840188&selected_adset_ids=120247978573400188&selected_ad_ids=120247978650730188&date=2026-01-01_2026-06-12&insight_date=2026-01-01_2026-06-12&comparison_date=2026-01-01_2026-06-12,Tennessee Nashville Mission,,0.023696682
120247978650730188,People Baptized and Confirmed,-,https://business.facebook.com/adsmanager/manage/ads?act=265070661450846&selected_campaign_ids=120247978569840188&selected_adset_ids=120247978573400188&selected_ad_ids=120247978650730188&date=2026-01-01_2026-06-12&insight_date=2026-01-01_2026-06-12&comparison_date=2026-01-01_2026-06-12,Tennessee Nashville Mission,,1
120247978650730188,People Who Attended Sacrament,-,https://business.facebook.com/adsmanager/manage/ads?act=265070661450846&selected_campaign_ids=120247978569840188&selected_adset_ids=120247978573400188&selected_ad_ids=120247978650730188&date=2026-01-01_2026-06-12&insight_date=2026-01-01_2026-06-12&comparison_date=2026-01-01_2026-06-12,Tennessee Nashville Mission,,15
120247978650730188,New People Being Taught,-,https://business.facebook.com/adsmanager/manage/ads?act=265070661450846&selected_campaign_ids=120247978569840188&selected_adset_ids=120247978573400188&selected_ad_ids=120247978650730188&date=2026-01-01_2026-06-12&insight_date=2026-01-01_2026-06-12&comparison_date=2026-01-01_2026-06-12,Tennessee Nashville Mission,,166
120247978650730188,Cost Per Facebook Lead,-,https://business.facebook.com/adsmanager/manage/ads?act=265070661450846&selected_campaign_ids=120247978569840188&selected_adset_ids=120247978573400188&selected_ad_ids=120247978650730188&date=2026-01-01_2026-06-12&insight_date=2026-01-01_2026-06-12&comparison_date=2026-01-01_2026-06-12,Tennessee Nashville Mission,,57.414847162
120247978650730188,Ad Leads,-,https://business.facebook.com/adsmanager/manage/ads?act=265070661450846&selected_campaign_ids=120247978569840188&selected_adset_ids=120247978573400188&selected_ad_ids=120247978650730188&date=2026-01-01_2026-06-12&insight_date=2026-01-01_2026-06-12&comparison_date=2026-01-01_2026-06-12,Tennessee Nashville Mission,,687
120247978650730188,People Found,-,https://business.facebook.com/adsmanager/manage/ads?act=265070661450846&selected_campaign_ids=120247978569840188&selected_adset_ids=120247978573400188&selected_ad_ids=120247978650730188&date=2026-01-01_2026-06-12&insight_date=2026-01-01_2026-06-12&comparison_date=2026-01-01_2026-06-12,Tennessee Nashville Mission,,633
120245105285050030,Forecasted Cost Per Baptism,-,https://business.facebook.com/adsmanager/manage/ads?act=3685410151495854&selected_campaign_ids=120245105271090030&selected_adset_ids=120245105272640030&selected_ad_ids=120245105285050030&date=2026-01-01_2026-06-12&insight_date=2026-01-01_2026-06-12&comparison_date=2026-01-01_2026-06-12,Tennessee Nashville Mission,,9551.588519941
120245105285050030,Forecasted Baptisms,-,https://business.facebook.com/adsmanager/manage/ads?act=3685410151495854&selected_campaign_ids=120245105271090030&selected_adset_ids=120245105272640030&selected_ad_ids=120245105285050030&date=2026-01-01_2026-06-12&insight_date=2026-01-01_2026-06-12&comparison_date=2026-01-01_2026-06-12,Tennessee Nashville Mission,,3.265668466
120245105285050030,Forecasted % Found Baptized,-,https://business.facebook.com/adsmanager/manage/ads?act=3685410151495854&selected_campaign_ids=120245105271090030&selected_adset_ids=120245105272640030&selected_ad_ids=120245105285050030&date=2026-01-01_2026-06-12&insight_date=2026-01-01_2026-06-12&comparison_date=2026-01-01_2026-06-12,Tennessee Nashville Mission,,0.006208495
120245105285050030,% Found Baptized,-,https://business.facebook.com/adsmanager/manage/ads?act=3685410151495854&selected_campaign_ids=120245105271090030&selected_adset_ids=120245105272640030&selected_ad_ids=120245105285050030&date=2026-01-01_2026-06-12&insight_date=2026-01-01_2026-06-12&comparison_date=2026-01-01_2026-06-12,Tennessee Nashville Mission,,0.005703422
120245105285050030,% Found Attending Sacrament,-,https://business.facebook.com/adsmanager/manage/ads?act=3685410151495854&selected_campaign_ids=120245105271090030&selected_adset_ids=120245105272640030&selected_ad_ids=120245105285050030&date=2026-01-01_2026-06-12&insight_date=2026-01-01_2026-06-12&comparison_date=2026-01-01_2026-06-12,Tennessee Nashville Mission,,0.034220532
120245105285050030,People Baptized and Confirmed,-,https://business.facebook.com/adsmanager/manage/ads?act=3685410151495854&selected_campaign_ids=120245105271090030&selected_adset_ids=120245105272640030&selected_ad_ids=120245105285050030&date=2026-01-01_2026-06-12&insight_date=2026-01-01_2026-06-12&comparison_date=2026-01-01_2026-06-12,Tennessee Nashville Mission,,3
120245105285050030,People Who Attended Sacrament,-,https://business.facebook.com/adsmanager/manage/ads?act=3685410151495854&selected_campaign_ids=120245105271090030&selected_adset_ids=120245105272640030&selected_ad_ids=120245105285050030&date=2026-01-01_2026-06-12&insight_date=2026-01-01_2026-06-12&comparison_date=2026-01-01_2026-06-12,Tennessee Nashville Mission,,18
120245105285050030,New People Being Taught,-,https://business.facebook.com/adsmanager/manage/ads?act=3685410151495854&selected_campaign_ids=120245105271090030&selected_adset_ids=120245105272640030&selected_ad_ids=120245105285050030&date=2026-01-01_2026-06-12&insight_date=2026-01-01_2026-06-12&comparison_date=2026-01-01_2026-06-12,Tennessee Nashville Mission,,114
120245105285050030,Cost Per Facebook Lead,-,https://business.facebook.com/adsmanager/manage/ads?act=3685410151495854&selected_campaign_ids=120245105271090030&selected_adset_ids=120245105272640030&selected_ad_ids=120245105285050030&date=2026-01-01_2026-06-12&insight_date=2026-01-01_2026-06-12&comparison_date=2026-01-01_2026-06-12,Tennessee Nashville Mission,,45.794096057
120245105285050030,Ad Leads,-,https://business.facebook.com/adsmanager/manage/ads?act=3685410151495854&selected_campaign_ids=120245105271090030&selected_adset_ids=120245105272640030&selected_ad_ids=120245105285050030&date=2026-01-01_2026-06-12&insight_date=2026-01-01_2026-06-12&comparison_date=2026-01-01_2026-06-12,Tennessee Nashville Mission,,681.142857143
120245105285050030,People Found,-,https://business.facebook.com/adsmanager/manage/ads?act=3685410151495854&selected_campaign_ids=120245105271090030&selected_adset_ids=120245105272640030&selected_ad_ids=120245105285050030&date=2026-01-01_2026-06-12&insight_date=2026-01-01_2026-06-12&comparison_date=2026-01-01_2026-06-12,Tennessee Nashville Mission,,526
120244623976240030,Forecasted Cost Per Baptism,-,https://business.facebook.com/adsmanager/manage/ads?act=3685410151495854&selected_campaign_ids=120244623892770030&selected_adset_ids=120244623894220030&selected_ad_ids=120244623976240030&date=2026-01-01_2026-06-12&insight_date=2026-01-01_2026-06-12&comparison_date=2026-01-01_2026-06-12,Tennessee Nashville Mission,,9296.948572805
120244623976240030,Forecasted Baptisms,-,https://business.facebook.com/adsmanager/manage/ads?act=3685410151495854&selected_campaign_ids=120244623892770030&selected_adset_ids=120244623894220030&selected_ad_ids=120244623976240030&date=2026-01-01_2026-06-12&insight_date=2026-01-01_2026-06-12&comparison_date=2026-01-01_2026-06-12,Tennessee Nashville Mission,,9.045113659
120244623976240030,Forecasted % Found Baptized,-,https://business.facebook.com/adsmanager/manage/ads?act=3685410151495854&selected_campaign_ids=120244623892770030&selected_adset_ids=120244623894220030&selected_ad_ids=120244623976240030&date=2026-01-01_2026-06-12&insight_date=2026-01-01_2026-06-12&comparison_date=2026-01-01_2026-06-12,Tennessee Nashville Mission,,0.006680291
120244623976240030,% Found Baptized,-,https://business.facebook.com/adsmanager/manage/ads?act=3685410151495854&selected_campaign_ids=120244623892770030&selected_adset_ids=120244623894220030&selected_ad_ids=120244623976240030&date=2026-01-01_2026-06-12&insight_date=2026-01-01_2026-06-12&comparison_date=2026-01-01_2026-06-12,Tennessee Nashville Mission,,0.002954210
120244623976240030,% Found Attending Sacrament,-,https://business.facebook.com/adsmanager/manage/ads?act=3685410151495854&selected_campaign_ids=120244623892770030&selected_adset_ids=120244623894220030&selected_ad_ids=120244623976240030&date=2026-01-01_2026-06-12&insight_date=2026-01-01_2026-06-12&comparison_date=2026-01-01_2026-06-12,Tennessee Nashville Mission,,0.042097489
120244623976240030,People Baptized and Confirmed,-,https://business.facebook.com/adsmanager/manage/ads?act=3685410151495854&selected_campaign_ids=120244623892770030&selected_adset_ids=120244623894220030&selected_ad_ids=120244623976240030&date=2026-01-01_2026-06-12&insight_date=2026-01-01_2026-06-12&comparison_date=2026-01-01_2026-06-12,Tennessee Nashville Mission,,4
120244623976240030,People Who Attended Sacrament,-,https://business.facebook.com/adsmanager/manage/ads?act=3685410151495854&selected_campaign_ids=120244623892770030&selected_adset_ids=120244623894220030&selected_ad_ids=120244623976240030&date=2026-01-01_2026-06-12&insight_date=2026-01-01_2026-06-12&comparison_date=2026-01-01_2026-06-12,Tennessee Nashville Mission,,57
120244623976240030,New People Being Taught,-,https://business.facebook.com/adsmanager/manage/ads?act=3685410151495854&selected_campaign_ids=120244623892770030&selected_adset_ids=120244623894220030&selected_ad_ids=120244623976240030&date=2026-01-01_2026-06-12&insight_date=2026-01-01_2026-06-12&comparison_date=2026-01-01_2026-06-12,Tennessee Nashville Mission,,336
120244623976240030,Cost Per Facebook Lead,-,https://business.facebook.com/adsmanager/manage/ads?act=3685410151495854&selected_campaign_ids=120244623892770030&selected_adset_ids=120244623894220030&selected_ad_ids=120244623976240030&date=2026-01-01_2026-06-12&insight_date=2026-01-01_2026-06-12&comparison_date=2026-01-01_2026-06-12,Tennessee Nashville Mission,,57.651138945
120244623976240030,Ad Leads,-,https://business.facebook.com/adsmanager/manage/ads?act=3685410151495854&selected_campaign_ids=120244623892770030&selected_adset_ids=120244623894220030&selected_ad_ids=120244623976240030&date=2026-01-01_2026-06-12&insight_date=2026-01-01_2026-06-12&comparison_date=2026-01-01_2026-06-12,Tennessee Nashville Mission,,1458.634782609
120244623976240030,People Found,-,https://business.facebook.com/adsmanager/manage/ads?act=3685410151495854&selected_campaign_ids=120244623892770030&selected_adset_ids=120244623894220030&selected_ad_ids=120244623976240030&date=2026-01-01_2026-06-12&insight_date=2026-01-01_2026-06-12&comparison_date=2026-01-01_2026-06-12,Tennessee Nashville Mission,,1354
120242568852980286,Forecasted Cost Per Baptism,Grow,https://business.facebook.com/adsmanager/manage/ads?act=302214574236400&selected_campaign_ids=120242568795070286&selected_adset_ids=120242568797670286&selected_ad_ids=120242568852980286&date=2026-01-01_2026-06-12&insight_date=2026-01-01_2026-06-12&comparison_date=2026-01-01_2026-06-12,Wisconsin Milwaukee Mission,,9201.555551329
120242568852980286,Forecasted Baptisms,Grow,https://business.facebook.com/adsmanager/manage/ads?act=302214574236400&selected_campaign_ids=120242568795070286&selected_adset_ids=120242568797670286&selected_ad_ids=120242568852980286&date=2026-01-01_2026-06-12&insight_date=2026-01-01_2026-06-12&comparison_date=2026-01-01_2026-06-12,Wisconsin Milwaukee Mission,,0.807181843
120242568852980286,Forecasted % Found Baptized,Grow,https://business.facebook.com/adsmanager/manage/ads?act=302214574236400&selected_campaign_ids=120242568795070286&selected_adset_ids=120242568797670286&selected_ad_ids=120242568852980286&date=2026-01-01_2026-06-12&insight_date=2026-01-01_2026-06-12&comparison_date=2026-01-01_2026-06-12,Wisconsin Milwaukee Mission,,0.008496651
120242568852980286,% Found Baptized,Grow,https://business.facebook.com/adsmanager/manage/ads?act=302214574236400&selected_campaign_ids=120242568795070286&selected_adset_ids=120242568797670286&selected_ad_ids=120242568852980286&date=2026-01-01_2026-06-12&insight_date=2026-01-01_2026-06-12&comparison_date=2026-01-01_2026-06-12,Wisconsin Milwaukee Mission,,0
120242568852980286,% Found Attending Sacrament,Grow,https://business.facebook.com/adsmanager/manage/ads?act=302214574236400&selected_campaign_ids=120242568795070286&selected_adset_ids=120242568797670286&selected_ad_ids=120242568852980286&date=2026-01-01_2026-06-12&insight_date=2026-01-01_2026-06-12&comparison_date=2026-01-01_2026-06-12,Wisconsin Milwaukee Mission,,0.031578947
120242568852980286,People Baptized and Confirmed,Grow,https://business.facebook.com/adsmanager/manage/ads?act=302214574236400&selected_campaign_ids=120242568795070286&selected_adset_ids=120242568797670286&selected_ad_ids=120242568852980286&date=2026-01-01_2026-06-12&insight_date=2026-01-01_2026-06-12&comparison_date=2026-01-01_2026-06-12,Wisconsin Milwaukee Mission,,0
120242568852980286,People Who Attended Sacrament,Grow,https://business.facebook.com/adsmanager/manage/ads?act=302214574236400&selected_campaign_ids=120242568795070286&selected_adset_ids=120242568797670286&selected_ad_ids=120242568852980286&date=2026-01-01_2026-06-12&insight_date=2026-01-01_2026-06-12&comparison_date=2026-01-01_2026-06-12,Wisconsin Milwaukee Mission,,3
120242568852980286,New People Being Taught,Grow,https://business.facebook.com/adsmanager/manage/ads?act=302214574236400&selected_campaign_ids=120242568795070286&selected_adset_ids=120242568797670286&selected_ad_ids=120242568852980286&date=2026-01-01_2026-06-12&insight_date=2026-01-01_2026-06-12&comparison_date=2026-01-01_2026-06-12,Wisconsin Milwaukee Mission,,14
120242568852980286,Cost Per Facebook Lead,Grow,https://business.facebook.com/adsmanager/manage/ads?act=302214574236400&selected_campaign_ids=120242568795070286&selected_adset_ids=120242568797670286&selected_ad_ids=120242568852980286&date=2026-01-01_2026-06-12&insight_date=2026-01-01_2026-06-12&comparison_date=2026-01-01_2026-06-12,Wisconsin Milwaukee Mission,,31.938521709
120242568852980286,Ad Leads,Grow,https://business.facebook.com/adsmanager/manage/ads?act=302214574236400&selected_campaign_ids=120242568795070286&selected_adset_ids=120242568797670286&selected_ad_ids=120242568852980286&date=2026-01-01_2026-06-12&insight_date=2026-01-01_2026-06-12&comparison_date=2026-01-01_2026-06-12,Wisconsin Milwaukee Mission,,232.550793651
120242568852980286,People Found,Grow,https://business.facebook.com/adsmanager/manage/ads?act=302214574236400&selected_campaign_ids=120242568795070286&selected_adset_ids=120242568797670286&selected_ad_ids=120242568852980286&date=2026-01-01_2026-06-12&insight_date=2026-01-01_2026-06-12&comparison_date=2026-01-01_2026-06-12,Wisconsin Milwaukee Mission,,95
120247978696550188,Forecasted Cost Per Baptism,-,https://business.facebook.com/adsmanager/manage/ads?act=265070661450846&selected_campaign_ids=120247978569840188&selected_adset_ids=120247978574120188&selected_ad_ids=120247978696550188&date=2026-01-01_2026-06-12&insight_date=2026-01-01_2026-06-12&comparison_date=2026-01-01_2026-06-12,Tennessee Nashville Mission,,9183.563844416
120247978696550188,Forecasted Baptisms,-,https://business.facebook.com/adsmanager/manage/ads?act=265070661450846&selected_campaign_ids=120247978569840188&selected_adset_ids=120247978574120188&selected_ad_ids=120247978696550188&date=2026-01-01_2026-06-12&insight_date=2026-01-01_2026-06-12&comparison_date=2026-01-01_2026-06-12,Tennessee Nashville Mission,,1.093469830
120247978696550188,Forecasted % Found Baptized,-,https://business.facebook.com/adsmanager/manage/ads?act=265070661450846&selected_campaign_ids=120247978569840188&selected_adset_ids=120247978574120188&selected_ad_ids=120247978696550188&date=2026-01-01_2026-06-12&insight_date=2026-01-01_2026-06-12&comparison_date=2026-01-01_2026-06-12,Tennessee Nashville Mission,,0.006177796
120247978696550188,% Found Baptized,-,https://business.facebook.com/adsmanager/manage/ads?act=265070661450846&selected_campaign_ids=120247978569840188&selected_adset_ids=120247978574120188&selected_ad_ids=120247978696550188&date=2026-01-01_2026-06-12&insight_date=2026-01-01_2026-06-12&comparison_date=2026-01-01_2026-06-12,Tennessee Nashville Mission,,0.011299435
120247978696550188,% Found Attending Sacrament,-,https://business.facebook.com/adsmanager/manage/ads?act=265070661450846&selected_campaign_ids=120247978569840188&selected_adset_ids=120247978574120188&selected_ad_ids=120247978696550188&date=2026-01-01_2026-06-12&insight_date=2026-01-01_2026-06-12&comparison_date=2026-01-01_2026-06-12,Tennessee Nashville Mission,,0.033898305
120247978696550188,People Baptized and Confirmed,-,https://business.facebook.com/adsmanager/manage/ads?act=265070661450846&selected_campaign_ids=120247978569840188&selected_adset_ids=120247978574120188&selected_ad_ids=120247978696550188&date=2026-01-01_2026-06-12&insight_date=2026-01-01_2026-06-12&comparison_date=2026-01-01_2026-06-12,Tennessee Nashville Mission,,2
120247978696550188,People Who Attended Sacrament,-,https://business.facebook.com/adsmanager/manage/ads?act=265070661450846&selected_campaign_ids=120247978569840188&selected_adset_ids=120247978574120188&selected_ad_ids=120247978696550188&date=2026-01-01_2026-06-12&insight_date=2026-01-01_2026-06-12&comparison_date=2026-01-01_2026-06-12,Tennessee Nashville Mission,,6
120247978696550188,New People Being Taught,-,https://business.facebook.com/adsmanager/manage/ads?act=265070661450846&selected_campaign_ids=120247978569840188&selected_adset_ids=120247978574120188&selected_ad_ids=120247978696550188&date=2026-01-01_2026-06-12&insight_date=2026-01-01_2026-06-12&comparison_date=2026-01-01_2026-06-12,Tennessee Nashville Mission,,46
120247978696550188,Cost Per Facebook Lead,-,https://business.facebook.com/adsmanager/manage/ads?act=265070661450846&selected_campaign_ids=120247978569840188&selected_adset_ids=120247978574120188&selected_ad_ids=120247978696550188&date=2026-01-01_2026-06-12&insight_date=2026-01-01_2026-06-12&comparison_date=2026-01-01_2026-06-12,Tennessee Nashville Mission,,51.603031860
120247978696550188,Ad Leads,-,https://business.facebook.com/adsmanager/manage/ads?act=265070661450846&selected_campaign_ids=120247978569840188&selected_adset_ids=120247978574120188&selected_ad_ids=120247978696550188&date=2026-01-01_2026-06-12&insight_date=2026-01-01_2026-06-12&comparison_date=2026-01-01_2026-06-12,Tennessee Nashville Mission,,194.6
120247978696550188,People Found,-,https://business.facebook.com/adsmanager/manage/ads?act=265070661450846&selected_campaign_ids=120247978569840188&selected_adset_ids=120247978574120188&selected_ad_ids=120247978696550188&date=2026-01-01_2026-06-12&insight_date=2026-01-01_2026-06-12&comparison_date=2026-01-01_2026-06-12,Tennessee Nashville Mission,,177
120240610739580181,Forecasted Cost Per Baptism,-,https://business.facebook.com/adsmanager/manage/ads?act=333786897621676&selected_campaign_ids=120240610511140181&selected_adset_ids=120240610739530181&selected_ad_ids=120240610739580181&date=2026-01-01_2026-06-12&insight_date=2026-01-01_2026-06-12&comparison_date=2026-01-01_2026-06-12,California Oakland/San Francisco Mission,,9168.796016034
120240610739580181,Forecasted Baptisms,-,https://business.facebook.com/adsmanager/manage/ads?act=333786897621676&selected_campaign_ids=120240610511140181&selected_adset_ids=120240610739530181&selected_ad_ids=120240610739580181&date=2026-01-01_2026-06-12&insight_date=2026-01-01_2026-06-12&comparison_date=2026-01-01_2026-06-12,California Oakland/San Francisco Mission,,4.644785442
120240610739580181,Forecasted % Found Baptized,-,https://business.facebook.com/adsmanager/manage/ads?act=333786897621676&selected_campaign_ids=120240610511140181&selected_adset_ids=120240610739530181&selected_ad_ids=120240610739580181&date=2026-01-01_2026-06-12&insight_date=2026-01-01_2026-06-12&comparison_date=2026-01-01_2026-06-12,California Oakland/San Francisco Mission,,0.008399250
120240610739580181,% Found Baptized,-,https://business.facebook.com/adsmanager/manage/ads?act=333786897621676&selected_campaign_ids=120240610511140181&selected_adset_ids=120240610739530181&selected_ad_ids=120240610739580181&date=2026-01-01_2026-06-12&insight_date=2026-01-01_2026-06-12&comparison_date=2026-01-01_2026-06-12,California Oakland/San Francisco Mission,,0.007233273
120240610739580181,% Found Attending Sacrament,-,https://business.facebook.com/adsmanager/manage/ads?act=333786897621676&selected_campaign_ids=120240610511140181&selected_adset_ids=120240610739530181&selected_ad_ids=120240610739580181&date=2026-01-01_2026-06-12&insight_date=2026-01-01_2026-06-12&comparison_date=2026-01-01_2026-06-12,California Oakland/San Francisco Mission,,0.079566004
120240610739580181,People Baptized and Confirmed,-,https://business.facebook.com/adsmanager/manage/ads?act=333786897621676&selected_campaign_ids=120240610511140181&selected_adset_ids=120240610739530181&selected_ad_ids=120240610739580181&date=2026-01-01_2026-06-12&insight_date=2026-01-01_2026-06-12&comparison_date=2026-01-01_2026-06-12,California Oakland/San Francisco Mission,,4
120240610739580181,People Who Attended Sacrament,-,https://business.facebook.com/adsmanager/manage/ads?act=333786897621676&selected_campaign_ids=120240610511140181&selected_adset_ids=120240610739530181&selected_ad_ids=120240610739580181&date=2026-01-01_2026-06-12&insight_date=2026-01-01_2026-06-12&comparison_date=2026-01-01_2026-06-12,California Oakland/San Francisco Mission,,44
120240610739580181,New People Being Taught,-,https://business.facebook.com/adsmanager/manage/ads?act=333786897621676&selected_campaign_ids=120240610511140181&selected_adset_ids=120240610739530181&selected_ad_ids=120240610739580181&date=2026-01-01_2026-06-12&insight_date=2026-01-01_2026-06-12&comparison_date=2026-01-01_2026-06-12,California Oakland/San Francisco Mission,,212
120240610739580181,Cost Per Facebook Lead,-,https://business.facebook.com/adsmanager/manage/ads?act=333786897621676&selected_campaign_ids=120240610511140181&selected_adset_ids=120240610739530181&selected_ad_ids=120240610739580181&date=2026-01-01_2026-06-12&insight_date=2026-01-01_2026-06-12&comparison_date=2026-01-01_2026-06-12,California Oakland/San Francisco Mission,,59.119681926
120240610739580181,Ad Leads,-,https://business.facebook.com/adsmanager/manage/ads?act=333786897621676&selected_campaign_ids=120240610511140181&selected_adset_ids=120240610739530181&selected_ad_ids=120240610739580181&date=2026-01-01_2026-06-12&insight_date=2026-01-01_2026-06-12&comparison_date=2026-01-01_2026-06-12,California Oakland/San Francisco Mission,,720.353846154
120240610739580181,People Found,-,https://business.facebook.com/adsmanager/manage/ads?act=333786897621676&selected_campaign_ids=120240610511140181&selected_adset_ids=120240610739530181&selected_ad_ids=120240610739580181&date=2026-01-01_2026-06-12&insight_date=2026-01-01_2026-06-12&comparison_date=2026-01-01_2026-06-12,California Oakland/San Francisco Mission,,553
120247978696560188,Forecasted Cost Per Baptism,-,https://business.facebook.com/adsmanager/manage/ads?act=265070661450846&selected_campaign_ids=120247978569840188&selected_adset_ids=120247978573390188&selected_ad_ids=120247978696560188&date=2026-01-01_2026-06-12&insight_date=2026-01-01_2026-06-12&comparison_date=2026-01-01_2026-06-12,Tennessee Nashville Mission,,9063.707677364
120247978696560188,Forecasted Baptisms,-,https://business.facebook.com/adsmanager/manage/ads?act=265070661450846&selected_campaign_ids=120247978569840188&selected_adset_ids=120247978573390188&selected_ad_ids=120247978696560188&date=2026-01-01_2026-06-12&insight_date=2026-01-01_2026-06-12&comparison_date=2026-01-01_2026-06-12,Tennessee Nashville Mission,,2.139852772
120247978696560188,Forecasted % Found Baptized,-,https://business.facebook.com/adsmanager/manage/ads?act=265070661450846&selected_campaign_ids=120247978569840188&selected_adset_ids=120247978573390188&selected_ad_ids=120247978696560188&date=2026-01-01_2026-06-12&insight_date=2026-01-01_2026-06-12&comparison_date=2026-01-01_2026-06-12,Tennessee Nashville Mission,,0.006793183
120247978696560188,% Found Baptized,-,https://business.facebook.com/adsmanager/manage/ads?act=265070661450846&selected_campaign_ids=120247978569840188&selected_adset_ids=120247978573390188&selected_ad_ids=120247978696560188&date=2026-01-01_2026-06-12&insight_date=2026-01-01_2026-06-12&comparison_date=2026-01-01_2026-06-12,Tennessee Nashville Mission,,0.003174603
120247978696560188,% Found Attending Sacrament,-,https://business.facebook.com/adsmanager/manage/ads?act=265070661450846&selected_campaign_ids=120247978569840188&selected_adset_ids=120247978573390188&selected_ad_ids=120247978696560188&date=2026-01-01_2026-06-12&insight_date=2026-01-01_2026-06-12&comparison_date=2026-01-01_2026-06-12,Tennessee Nashville Mission,,0.028571429
120247978696560188,People Baptized and Confirmed,-,https://business.facebook.com/adsmanager/manage/ads?act=265070661450846&selected_campaign_ids=120247978569840188&selected_adset_ids=120247978573390188&selected_ad_ids=120247978696560188&date=2026-01-01_2026-06-12&insight_date=2026-01-01_2026-06-12&comparison_date=2026-01-01_2026-06-12,Tennessee Nashville Mission,,1
120247978696560188,People Who Attended Sacrament,-,https://business.facebook.com/adsmanager/manage/ads?act=265070661450846&selected_campaign_ids=120247978569840188&selected_adset_ids=120247978573390188&selected_ad_ids=120247978696560188&date=2026-01-01_2026-06-12&insight_date=2026-01-01_2026-06-12&comparison_date=2026-01-01_2026-06-12,Tennessee Nashville Mission,,9
120247978696560188,New People Being Taught,-,https://business.facebook.com/adsmanager/manage/ads?act=265070661450846&selected_campaign_ids=120247978569840188&selected_adset_ids=120247978573390188&selected_ad_ids=120247978696560188&date=2026-01-01_2026-06-12&insight_date=2026-01-01_2026-06-12&comparison_date=2026-01-01_2026-06-12,Tennessee Nashville Mission,,80
120247978696560188,Cost Per Facebook Lead,-,https://business.facebook.com/adsmanager/manage/ads?act=265070661450846&selected_campaign_ids=120247978569840188&selected_adset_ids=120247978573390188&selected_ad_ids=120247978696560188&date=2026-01-01_2026-06-12&insight_date=2026-01-01_2026-06-12&comparison_date=2026-01-01_2026-06-12,Tennessee Nashville Mission,,58.243243243
120247978696560188,Ad Leads,-,https://business.facebook.com/adsmanager/manage/ads?act=265070661450846&selected_campaign_ids=120247978569840188&selected_adset_ids=120247978573390188&selected_ad_ids=120247978696560188&date=2026-01-01_2026-06-12&insight_date=2026-01-01_2026-06-12&comparison_date=2026-01-01_2026-06-12,Tennessee Nashville Mission,,333.000000000
120247978696560188,People Found,-,https://business.facebook.com/adsmanager/manage/ads?act=265070661450846&selected_campaign_ids=120247978569840188&selected_adset_ids=120247978573390188&selected_ad_ids=120247978696560188&date=2026-01-01_2026-06-12&insight_date=2026-01-01_2026-06-12&comparison_date=2026-01-01_2026-06-12,Tennessee Nashville Mission,,315
120237917627560246,Forecasted Cost Per Baptism,Grow,https://business.facebook.com/adsmanager/manage/ads?act=1405980847467818&selected_campaign_ids=120237916995950246&selected_adset_ids=120237916995940246&selected_ad_ids=120237917627560246&date=2026-01-01_2026-06-12&insight_date=2026-01-01_2026-06-12&comparison_date=2026-01-01_2026-06-12,California Modesto Mission,,8775.219251372
120237917627560246,Forecasted Baptisms,Grow,https://business.facebook.com/adsmanager/manage/ads?act=1405980847467818&selected_campaign_ids=120237916995950246&selected_adset_ids=120237916995940246&selected_ad_ids=120237917627560246&date=2026-01-01_2026-06-12&insight_date=2026-01-01_2026-06-12&comparison_date=2026-01-01_2026-06-12,California Modesto Mission,,2.002080093
120237917627560246,Forecasted % Found Baptized,Grow,https://business.facebook.com/adsmanager/manage/ads?act=1405980847467818&selected_campaign_ids=120237916995950246&selected_adset_ids=120237916995940246&selected_ad_ids=120237917627560246&date=2026-01-01_2026-06-12&insight_date=2026-01-01_2026-06-12&comparison_date=2026-01-01_2026-06-12,California Modesto Mission,,0.008171755
120237917627560246,% Found Baptized,Grow,https://business.facebook.com/adsmanager/manage/ads?act=1405980847467818&selected_campaign_ids=120237916995950246&selected_adset_ids=120237916995940246&selected_ad_ids=120237917627560246&date=2026-01-01_2026-06-12&insight_date=2026-01-01_2026-06-12&comparison_date=2026-01-01_2026-06-12,California Modesto Mission,,0.004081633
120237917627560246,% Found Attending Sacrament,Grow,https://business.facebook.com/adsmanager/manage/ads?act=1405980847467818&selected_campaign_ids=120237916995950246&selected_adset_ids=120237916995940246&selected_ad_ids=120237917627560246&date=2026-01-01_2026-06-12&insight_date=2026-01-01_2026-06-12&comparison_date=2026-01-01_2026-06-12,California Modesto Mission,,0.053061224
120237917627560246,People Baptized and Confirmed,Grow,https://business.facebook.com/adsmanager/manage/ads?act=1405980847467818&selected_campaign_ids=120237916995950246&selected_adset_ids=120237916995940246&selected_ad_ids=120237917627560246&date=2026-01-01_2026-06-12&insight_date=2026-01-01_2026-06-12&comparison_date=2026-01-01_2026-06-12,California Modesto Mission,,1
120237917627560246,People Who Attended Sacrament,Grow,https://business.facebook.com/adsmanager/manage/ads?act=1405980847467818&selected_campaign_ids=120237916995950246&selected_adset_ids=120237916995940246&selected_ad_ids=120237917627560246&date=2026-01-01_2026-06-12&insight_date=2026-01-01_2026-06-12&comparison_date=2026-01-01_2026-06-12,California Modesto Mission,,13
120237917627560246,New People Being Taught,Grow,https://business.facebook.com/adsmanager/manage/ads?act=1405980847467818&selected_campaign_ids=120237916995950246&selected_adset_ids=120237916995940246&selected_ad_ids=120237917627560246&date=2026-01-01_2026-06-12&insight_date=2026-01-01_2026-06-12&comparison_date=2026-01-01_2026-06-12,California Modesto Mission,,45
120237917627560246,Cost Per Facebook Lead,Grow,https://business.facebook.com/adsmanager/manage/ads?act=1405980847467818&selected_campaign_ids=120237916995950246&selected_adset_ids=120237916995940246&selected_ad_ids=120237917627560246&date=2026-01-01_2026-06-12&insight_date=2026-01-01_2026-06-12&comparison_date=2026-01-01_2026-06-12,California Modesto Mission,,30.310733792
120237917627560246,Ad Leads,Grow,https://business.facebook.com/adsmanager/manage/ads?act=1405980847467818&selected_campaign_ids=120237916995950246&selected_adset_ids=120237916995940246&selected_ad_ids=120237917627560246&date=2026-01-01_2026-06-12&insight_date=2026-01-01_2026-06-12&comparison_date=2026-01-01_2026-06-12,California Modesto Mission,,579.619480519
120237917627560246,People Found,Grow,https://business.facebook.com/adsmanager/manage/ads?act=1405980847467818&selected_campaign_ids=120237916995950246&selected_adset_ids=120237916995940246&selected_ad_ids=120237917627560246&date=2026-01-01_2026-06-12&insight_date=2026-01-01_2026-06-12&comparison_date=2026-01-01_2026-06-12,California Modesto Mission,,245
120236433526520313,Forecasted Cost Per Baptism,-,https://business.facebook.com/adsmanager/manage/ads?act=930733667354652&selected_campaign_ids=120236433514670313&selected_adset_ids=120236433514990313&selected_ad_ids=120236433526520313&date=2026-01-01_2026-06-12&insight_date=2026-01-01_2026-06-12&comparison_date=2026-01-01_2026-06-12,Washington Everett Mission,,8180.294440079
120236433526520313,Forecasted Baptisms,-,https://business.facebook.com/adsmanager/manage/ads?act=930733667354652&selected_campaign_ids=120236433514670313&selected_adset_ids=120236433514990313&selected_ad_ids=120236433526520313&date=2026-01-01_2026-06-12&insight_date=2026-01-01_2026-06-12&comparison_date=2026-01-01_2026-06-12,Washington Everett Mission,,7.073810475
120236433526520313,Forecasted % Found Baptized,-,https://business.facebook.com/adsmanager/manage/ads?act=930733667354652&selected_campaign_ids=120236433514670313&selected_adset_ids=120236433514990313&selected_ad_ids=120236433526520313&date=2026-01-01_2026-06-12&insight_date=2026-01-01_2026-06-12&comparison_date=2026-01-01_2026-06-12,Washington Everett Mission,,0.006372802
120236433526520313,% Found Baptized,-,https://business.facebook.com/adsmanager/manage/ads?act=930733667354652&selected_campaign_ids=120236433514670313&selected_adset_ids=120236433514990313&selected_ad_ids=120236433526520313&date=2026-01-01_2026-06-12&insight_date=2026-01-01_2026-06-12&comparison_date=2026-01-01_2026-06-12,Washington Everett Mission,,0.003603604
120236433526520313,% Found Attending Sacrament,-,https://business.facebook.com/adsmanager/manage/ads?act=930733667354652&selected_campaign_ids=120236433514670313&selected_adset_ids=120236433514990313&selected_ad_ids=120236433526520313&date=2026-01-01_2026-06-12&insight_date=2026-01-01_2026-06-12&comparison_date=2026-01-01_2026-06-12,Washington Everett Mission,,0.055855856
120236433526520313,People Baptized and Confirmed,-,https://business.facebook.com/adsmanager/manage/ads?act=930733667354652&selected_campaign_ids=120236433514670313&selected_adset_ids=120236433514990313&selected_ad_ids=120236433526520313&date=2026-01-01_2026-06-12&insight_date=2026-01-01_2026-06-12&comparison_date=2026-01-01_2026-06-12,Washington Everett Mission,,4
120236433526520313,People Who Attended Sacrament,-,https://business.facebook.com/adsmanager/manage/ads?act=930733667354652&selected_campaign_ids=120236433514670313&selected_adset_ids=120236433514990313&selected_ad_ids=120236433526520313&date=2026-01-01_2026-06-12&insight_date=2026-01-01_2026-06-12&comparison_date=2026-01-01_2026-06-12,Washington Everett Mission,,62
120236433526520313,New People Being Taught,-,https://business.facebook.com/adsmanager/manage/ads?act=930733667354652&selected_campaign_ids=120236433514670313&selected_adset_ids=120236433514990313&selected_ad_ids=120236433526520313&date=2026-01-01_2026-06-12&insight_date=2026-01-01_2026-06-12&comparison_date=2026-01-01_2026-06-12,Washington Everett Mission,,293
120236433526520313,Cost Per Facebook Lead,-,https://business.facebook.com/adsmanager/manage/ads?act=930733667354652&selected_campaign_ids=120236433514670313&selected_adset_ids=120236433514990313&selected_ad_ids=120236433526520313&date=2026-01-01_2026-06-12&insight_date=2026-01-01_2026-06-12&comparison_date=2026-01-01_2026-06-12,Washington Everett Mission,,29.344580462
120236433526520313,Ad Leads,-,https://business.facebook.com/adsmanager/manage/ads?act=930733667354652&selected_campaign_ids=120236433514670313&selected_adset_ids=120236433514990313&selected_ad_ids=120236433526520313&date=2026-01-01_2026-06-12&insight_date=2026-01-01_2026-06-12&comparison_date=2026-01-01_2026-06-12,Washington Everett Mission,,1971.943424794
120236433526520313,People Found,-,https://business.facebook.com/adsmanager/manage/ads?act=930733667354652&selected_campaign_ids=120236433514670313&selected_adset_ids=120236433514990313&selected_ad_ids=120236433526520313&date=2026-01-01_2026-06-12&insight_date=2026-01-01_2026-06-12&comparison_date=2026-01-01_2026-06-12,Washington Everett Mission,,1110
120247978610090188,Forecasted Cost Per Baptism,-,https://business.facebook.com/adsmanager/manage/ads?act=265070661450846&selected_campaign_ids=120247978569840188&selected_adset_ids=120247978573390188&selected_ad_ids=120247978610090188&date=2026-01-01_2026-06-12&insight_date=2026-01-01_2026-06-12&comparison_date=2026-01-01_2026-06-12,Tennessee Nashville Mission,,7917.084272212
120247978610090188,Forecasted Baptisms,-,https://business.facebook.com/adsmanager/manage/ads?act=265070661450846&selected_campaign_ids=120247978569840188&selected_adset_ids=120247978573390188&selected_ad_ids=120247978610090188&date=2026-01-01_2026-06-12&insight_date=2026-01-01_2026-06-12&comparison_date=2026-01-01_2026-06-12,Tennessee Nashville Mission,,6.277501266
120247978610090188,Forecasted % Found Baptized,-,https://business.facebook.com/adsmanager/manage/ads?act=265070661450846&selected_campaign_ids=120247978569840188&selected_adset_ids=120247978573390188&selected_ad_ids=120247978610090188&date=2026-01-01_2026-06-12&insight_date=2026-01-01_2026-06-12&comparison_date=2026-01-01_2026-06-12,Tennessee Nashville Mission,,0.007856697
120247978610090188,% Found Baptized,-,https://business.facebook.com/adsmanager/manage/ads?act=265070661450846&selected_campaign_ids=120247978569840188&selected_adset_ids=120247978573390188&selected_ad_ids=120247978610090188&date=2026-01-01_2026-06-12&insight_date=2026-01-01_2026-06-12&comparison_date=2026-01-01_2026-06-12,Tennessee Nashville Mission,,0.005006258
120247978610090188,% Found Attending Sacrament,-,https://business.facebook.com/adsmanager/manage/ads?act=265070661450846&selected_campaign_ids=120247978569840188&selected_adset_ids=120247978573390188&selected_ad_ids=120247978610090188&date=2026-01-01_2026-06-12&insight_date=2026-01-01_2026-06-12&comparison_date=2026-01-01_2026-06-12,Tennessee Nashville Mission,,0.050062578
120247978610090188,People Baptized and Confirmed,-,https://business.facebook.com/adsmanager/manage/ads?act=265070661450846&selected_campaign_ids=120247978569840188&selected_adset_ids=120247978573390188&selected_ad_ids=120247978610090188&date=2026-01-01_2026-06-12&insight_date=2026-01-01_2026-06-12&comparison_date=2026-01-01_2026-06-12,Tennessee Nashville Mission,,4
120247978610090188,People Who Attended Sacrament,-,https://business.facebook.com/adsmanager/manage/ads?act=265070661450846&selected_campaign_ids=120247978569840188&selected_adset_ids=120247978573390188&selected_ad_ids=120247978610090188&date=2026-01-01_2026-06-12&insight_date=2026-01-01_2026-06-12&comparison_date=2026-01-01_2026-06-12,Tennessee Nashville Mission,,40
120247978610090188,New People Being Taught,-,https://business.facebook.com/adsmanager/manage/ads?act=265070661450846&selected_campaign_ids=120247978569840188&selected_adset_ids=120247978573390188&selected_ad_ids=120247978610090188&date=2026-01-01_2026-06-12&insight_date=2026-01-01_2026-06-12&comparison_date=2026-01-01_2026-06-12,Tennessee Nashville Mission,,196
120247978610090188,Cost Per Facebook Lead,-,https://business.facebook.com/adsmanager/manage/ads?act=265070661450846&selected_campaign_ids=120247978569840188&selected_adset_ids=120247978573390188&selected_ad_ids=120247978610090188&date=2026-01-01_2026-06-12&insight_date=2026-01-01_2026-06-12&comparison_date=2026-01-01_2026-06-12,Tennessee Nashville Mission,,59.372852878
120247978610090188,Ad Leads,-,https://business.facebook.com/adsmanager/manage/ads?act=265070661450846&selected_campaign_ids=120247978569840188&selected_adset_ids=120247978573390188&selected_ad_ids=120247978610090188&date=2026-01-01_2026-06-12&insight_date=2026-01-01_2026-06-12&comparison_date=2026-01-01_2026-06-12,Tennessee Nashville Mission,,837.074591058
120247978610090188,People Found,-,https://business.facebook.com/adsmanager/manage/ads?act=265070661450846&selected_campaign_ids=120247978569840188&selected_adset_ids=120247978573390188&selected_ad_ids=120247978610090188&date=2026-01-01_2026-06-12&insight_date=2026-01-01_2026-06-12&comparison_date=2026-01-01_2026-06-12,Tennessee Nashville Mission,,799
120241731141150052,Forecasted Cost Per Baptism,-,https://business.facebook.com/adsmanager/manage/ads?act=1819834835084037&selected_campaign_ids=120241726799090052&selected_adset_ids=120241728717710052&selected_ad_ids=120241731141150052&date=2026-01-01_2026-06-12&insight_date=2026-01-01_2026-06-12&comparison_date=2026-01-01_2026-06-12,Texas Houston East Mission,,7886.028711341
120241731141150052,Forecasted Baptisms,-,https://business.facebook.com/adsmanager/manage/ads?act=1819834835084037&selected_campaign_ids=120241726799090052&selected_adset_ids=120241728717710052&selected_ad_ids=120241731141150052&date=2026-01-01_2026-06-12&insight_date=2026-01-01_2026-06-12&comparison_date=2026-01-01_2026-06-12,Texas Houston East Mission,,1.457133929
120241731141150052,Forecasted % Found Baptized,-,https://business.facebook.com/adsmanager/manage/ads?act=1819834835084037&selected_campaign_ids=120241726799090052&selected_adset_ids=120241728717710052&selected_ad_ids=120241731141150052&date=2026-01-01_2026-06-12&insight_date=2026-01-01_2026-06-12&comparison_date=2026-01-01_2026-06-12,Texas Houston East Mission,,0.006096795
120241731141150052,% Found Baptized,-,https://business.facebook.com/adsmanager/manage/ads?act=1819834835084037&selected_campaign_ids=120241726799090052&selected_adset_ids=120241728717710052&selected_ad_ids=120241731141150052&date=2026-01-01_2026-06-12&insight_date=2026-01-01_2026-06-12&comparison_date=2026-01-01_2026-06-12,Texas Houston East Mission,,0
120241731141150052,% Found Attending Sacrament,-,https://business.facebook.com/adsmanager/manage/ads?act=1819834835084037&selected_campaign_ids=120241726799090052&selected_adset_ids=120241728717710052&selected_ad_ids=120241731141150052&date=2026-01-01_2026-06-12&insight_date=2026-01-01_2026-06-12&comparison_date=2026-01-01_2026-06-12,Texas Houston East Mission,,0.037656904
120241731141150052,People Baptized and Confirmed,-,https://business.facebook.com/adsmanager/manage/ads?act=1819834835084037&selected_campaign_ids=120241726799090052&selected_adset_ids=120241728717710052&selected_ad_ids=120241731141150052&date=2026-01-01_2026-06-12&insight_date=2026-01-01_2026-06-12&comparison_date=2026-01-01_2026-06-12,Texas Houston East Mission,,0
120241731141150052,People Who Attended Sacrament,-,https://business.facebook.com/adsmanager/manage/ads?act=1819834835084037&selected_campaign_ids=120241726799090052&selected_adset_ids=120241728717710052&selected_ad_ids=120241731141150052&date=2026-01-01_2026-06-12&insight_date=2026-01-01_2026-06-12&comparison_date=2026-01-01_2026-06-12,Texas Houston East Mission,,9
120241731141150052,New People Being Taught,-,https://business.facebook.com/adsmanager/manage/ads?act=1819834835084037&selected_campaign_ids=120241726799090052&selected_adset_ids=120241728717710052&selected_ad_ids=120241731141150052&date=2026-01-01_2026-06-12&insight_date=2026-01-01_2026-06-12&comparison_date=2026-01-01_2026-06-12,Texas Houston East Mission,,67
120241731141150052,Cost Per Facebook Lead,-,https://business.facebook.com/adsmanager/manage/ads?act=1819834835084037&selected_campaign_ids=120241726799090052&selected_adset_ids=120241728717710052&selected_ad_ids=120241731141150052&date=2026-01-01_2026-06-12&insight_date=2026-01-01_2026-06-12&comparison_date=2026-01-01_2026-06-12,Texas Houston East Mission,,35.356923077
120241731141150052,Ad Leads,-,https://business.facebook.com/adsmanager/manage/ads?act=1819834835084037&selected_campaign_ids=120241726799090052&selected_adset_ids=120241728717710052&selected_ad_ids=120241731141150052&date=2026-01-01_2026-06-12&insight_date=2026-01-01_2026-06-12&comparison_date=2026-01-01_2026-06-12,Texas Houston East Mission,,325
120241731141150052,People Found,-,https://business.facebook.com/adsmanager/manage/ads?act=1819834835084037&selected_campaign_ids=120241726799090052&selected_adset_ids=120241728717710052&selected_ad_ids=120241731141150052&date=2026-01-01_2026-06-12&insight_date=2026-01-01_2026-06-12&comparison_date=2026-01-01_2026-06-12,Texas Houston East Mission,,239
120240610739560181,Forecasted Cost Per Baptism,Grow,https://business.facebook.com/adsmanager/manage/ads?act=333786897621676&selected_campaign_ids=120240610511140181&selected_adset_ids=120240610739530181&selected_ad_ids=120240610739560181&date=2026-01-01_2026-06-12&insight_date=2026-01-01_2026-06-12&comparison_date=2026-01-01_2026-06-12,California Oakland/San Francisco Mission,,7864.157100480
120240610739560181,Forecasted Baptisms,Grow,https://business.facebook.com/adsmanager/manage/ads?act=333786897621676&selected_campaign_ids=120240610511140181&selected_adset_ids=120240610739530181&selected_ad_ids=120240610739560181&date=2026-01-01_2026-06-12&insight_date=2026-01-01_2026-06-12&comparison_date=2026-01-01_2026-06-12,California Oakland/San Francisco Mission,,2.073570999
120240610739560181,Forecasted % Found Baptized,Grow,https://business.facebook.com/adsmanager/manage/ads?act=333786897621676&selected_campaign_ids=120240610511140181&selected_adset_ids=120240610739530181&selected_ad_ids=120240610739560181&date=2026-01-01_2026-06-12&insight_date=2026-01-01_2026-06-12&comparison_date=2026-01-01_2026-06-12,California Oakland/San Francisco Mission,,0.009969091
120240610739560181,% Found Baptized,Grow,https://business.facebook.com/adsmanager/manage/ads?act=333786897621676&selected_campaign_ids=120240610511140181&selected_adset_ids=120240610739530181&selected_ad_ids=120240610739560181&date=2026-01-01_2026-06-12&insight_date=2026-01-01_2026-06-12&comparison_date=2026-01-01_2026-06-12,California Oakland/San Francisco Mission,,0.009615385
120240610739560181,% Found Attending Sacrament,Grow,https://business.facebook.com/adsmanager/manage/ads?act=333786897621676&selected_campaign_ids=120240610511140181&selected_adset_ids=120240610739530181&selected_ad_ids=120240610739560181&date=2026-01-01_2026-06-12&insight_date=2026-01-01_2026-06-12&comparison_date=2026-01-01_2026-06-12,California Oakland/San Francisco Mission,,0.067307692
120240610739560181,People Baptized and Confirmed,Grow,https://business.facebook.com/adsmanager/manage/ads?act=333786897621676&selected_campaign_ids=120240610511140181&selected_adset_ids=120240610739530181&selected_ad_ids=120240610739560181&date=2026-01-01_2026-06-12&insight_date=2026-01-01_2026-06-12&comparison_date=2026-01-01_2026-06-12,California Oakland/San Francisco Mission,,2
120240610739560181,People Who Attended Sacrament,Grow,https://business.facebook.com/adsmanager/manage/ads?act=333786897621676&selected_campaign_ids=120240610511140181&selected_adset_ids=120240610739530181&selected_ad_ids=120240610739560181&date=2026-01-01_2026-06-12&insight_date=2026-01-01_2026-06-12&comparison_date=2026-01-01_2026-06-12,California Oakland/San Francisco Mission,,14
120240610739560181,New People Being Taught,Grow,https://business.facebook.com/adsmanager/manage/ads?act=333786897621676&selected_campaign_ids=120240610511140181&selected_adset_ids=120240610739530181&selected_ad_ids=120240610739560181&date=2026-01-01_2026-06-12&insight_date=2026-01-01_2026-06-12&comparison_date=2026-01-01_2026-06-12,California Oakland/San Francisco Mission,,55
120240610739560181,Cost Per Facebook Lead,Grow,https://business.facebook.com/adsmanager/manage/ads?act=333786897621676&selected_campaign_ids=120240610511140181&selected_adset_ids=120240610739530181&selected_ad_ids=120240610739560181&date=2026-01-01_2026-06-12&insight_date=2026-01-01_2026-06-12&comparison_date=2026-01-01_2026-06-12,California Oakland/San Francisco Mission,,44.485752515
120240610739560181,Ad Leads,Grow,https://business.facebook.com/adsmanager/manage/ads?act=333786897621676&selected_campaign_ids=120240610511140181&selected_adset_ids=120240610739530181&selected_ad_ids=120240610739560181&date=2026-01-01_2026-06-12&insight_date=2026-01-01_2026-06-12&comparison_date=2026-01-01_2026-06-12,California Oakland/San Francisco Mission,,366.564285714
120240610739560181,People Found,Grow,https://business.facebook.com/adsmanager/manage/ads?act=333786897621676&selected_campaign_ids=120240610511140181&selected_adset_ids=120240610739530181&selected_ad_ids=120240610739560181&date=2026-01-01_2026-06-12&insight_date=2026-01-01_2026-06-12&comparison_date=2026-01-01_2026-06-12,California Oakland/San Francisco Mission,,208
120243341684680011,Forecasted Cost Per Baptism,-,https://business.facebook.com/adsmanager/manage/ads?act=7562832343811809&selected_campaign_ids=120243270670620011&selected_adset_ids=120243341684640011&selected_ad_ids=120243341684680011&date=2026-01-01_2026-06-12&insight_date=2026-01-01_2026-06-12&comparison_date=2026-01-01_2026-06-12,South Carolina Charleston Mission,,7768.504565601
120243341684680011,Forecasted Baptisms,-,https://business.facebook.com/adsmanager/manage/ads?act=7562832343811809&selected_campaign_ids=120243270670620011&selected_adset_ids=120243341684640011&selected_ad_ids=120243341684680011&date=2026-01-01_2026-06-12&insight_date=2026-01-01_2026-06-12&comparison_date=2026-01-01_2026-06-12,South Carolina Charleston Mission,,0.955492777
120243341684680011,Forecasted % Found Baptized,-,https://business.facebook.com/adsmanager/manage/ads?act=7562832343811809&selected_campaign_ids=120243270670620011&selected_adset_ids=120243341684640011&selected_ad_ids=120243341684680011&date=2026-01-01_2026-06-12&insight_date=2026-01-01_2026-06-12&comparison_date=2026-01-01_2026-06-12,South Carolina Charleston Mission,,0.007523565
120243341684680011,% Found Baptized,-,https://business.facebook.com/adsmanager/manage/ads?act=7562832343811809&selected_campaign_ids=120243270670620011&selected_adset_ids=120243341684640011&selected_ad_ids=120243341684680011&date=2026-01-01_2026-06-12&insight_date=2026-01-01_2026-06-12&comparison_date=2026-01-01_2026-06-12,South Carolina Charleston Mission,,0
120243341684680011,% Found Attending Sacrament,-,https://business.facebook.com/adsmanager/manage/ads?act=7562832343811809&selected_campaign_ids=120243270670620011&selected_adset_ids=120243341684640011&selected_ad_ids=120243341684680011&date=2026-01-01_2026-06-12&insight_date=2026-01-01_2026-06-12&comparison_date=2026-01-01_2026-06-12,South Carolina Charleston Mission,,0.023622047
120243341684680011,People Baptized and Confirmed,-,https://business.facebook.com/adsmanager/manage/ads?act=7562832343811809&selected_campaign_ids=120243270670620011&selected_adset_ids=120243341684640011&selected_ad_ids=120243341684680011&date=2026-01-01_2026-06-12&insight_date=2026-01-01_2026-06-12&comparison_date=2026-01-01_2026-06-12,South Carolina Charleston Mission,,0
120243341684680011,People Who Attended Sacrament,-,https://business.facebook.com/adsmanager/manage/ads?act=7562832343811809&selected_campaign_ids=120243270670620011&selected_adset_ids=120243341684640011&selected_ad_ids=120243341684680011&date=2026-01-01_2026-06-12&insight_date=2026-01-01_2026-06-12&comparison_date=2026-01-01_2026-06-12,South Carolina Charleston Mission,,3
120243341684680011,New People Being Taught,-,https://business.facebook.com/adsmanager/manage/ads?act=7562832343811809&selected_campaign_ids=120243270670620011&selected_adset_ids=120243341684640011&selected_ad_ids=120243341684680011&date=2026-01-01_2026-06-12&insight_date=2026-01-01_2026-06-12&comparison_date=2026-01-01_2026-06-12,South Carolina Charleston Mission,,31
120243341684680011,Cost Per Facebook Lead,-,https://business.facebook.com/adsmanager/manage/ads?act=7562832343811809&selected_campaign_ids=120243270670620011&selected_adset_ids=120243341684640011&selected_ad_ids=120243341684680011&date=2026-01-01_2026-06-12&insight_date=2026-01-01_2026-06-12&comparison_date=2026-01-01_2026-06-12,South Carolina Charleston Mission,,35.729241877
120243341684680011,Ad Leads,-,https://business.facebook.com/adsmanager/manage/ads?act=7562832343811809&selected_campaign_ids=120243270670620011&selected_adset_ids=120243341684640011&selected_ad_ids=120243341684680011&date=2026-01-01_2026-06-12&insight_date=2026-01-01_2026-06-12&comparison_date=2026-01-01_2026-06-12,South Carolina Charleston Mission,,207.75
120243341684680011,People Found,-,https://business.facebook.com/adsmanager/manage/ads?act=7562832343811809&selected_campaign_ids=120243270670620011&selected_adset_ids=120243341684640011&selected_ad_ids=120243341684680011&date=2026-01-01_2026-06-12&insight_date=2026-01-01_2026-06-12&comparison_date=2026-01-01_2026-06-12,South Carolina Charleston Mission,,127
120264441176190555,Forecasted Cost Per Baptism,-,https://business.facebook.com/adsmanager/manage/ads?act=284299962222101&selected_campaign_ids=120264440401340555&selected_adset_ids=120264440658060555&selected_ad_ids=120264441176190555&date=2026-01-01_2026-06-12&insight_date=2026-01-01_2026-06-12&comparison_date=2026-01-01_2026-06-12,Tennessee Nashville Mission,,7581.628238349
120264441176190555,Forecasted Baptisms,-,https://business.facebook.com/adsmanager/manage/ads?act=284299962222101&selected_campaign_ids=120264440401340555&selected_adset_ids=120264440658060555&selected_ad_ids=120264441176190555&date=2026-01-01_2026-06-12&insight_date=2026-01-01_2026-06-12&comparison_date=2026-01-01_2026-06-12,Tennessee Nashville Mission,,0.529134778
120264441176190555,Forecasted % Found Baptized,-,https://business.facebook.com/adsmanager/manage/ads?act=284299962222101&selected_campaign_ids=120264440401340555&selected_adset_ids=120264440658060555&selected_ad_ids=120264441176190555&date=2026-01-01_2026-06-12&insight_date=2026-01-01_2026-06-12&comparison_date=2026-01-01_2026-06-12,Tennessee Nashville Mission,,0.010375192
120264441176190555,% Found Baptized,-,https://business.facebook.com/adsmanager/manage/ads?act=284299962222101&selected_campaign_ids=120264440401340555&selected_adset_ids=120264440658060555&selected_ad_ids=120264441176190555&date=2026-01-01_2026-06-12&insight_date=2026-01-01_2026-06-12&comparison_date=2026-01-01_2026-06-12,Tennessee Nashville Mission,,0
120264441176190555,% Found Attending Sacrament,-,https://business.facebook.com/adsmanager/manage/ads?act=284299962222101&selected_campaign_ids=120264440401340555&selected_adset_ids=120264440658060555&selected_ad_ids=120264441176190555&date=2026-01-01_2026-06-12&insight_date=2026-01-01_2026-06-12&comparison_date=2026-01-01_2026-06-12,Tennessee Nashville Mission,,0.058823529
120264441176190555,People Baptized and Confirmed,-,https://business.facebook.com/adsmanager/manage/ads?act=284299962222101&selected_campaign_ids=120264440401340555&selected_adset_ids=120264440658060555&selected_ad_ids=120264441176190555&date=2026-01-01_2026-06-12&insight_date=2026-01-01_2026-06-12&comparison_date=2026-01-01_2026-06-12,Tennessee Nashville Mission,,0
120264441176190555,People Who Attended Sacrament,-,https://business.facebook.com/adsmanager/manage/ads?act=284299962222101&selected_campaign_ids=120264440401340555&selected_adset_ids=120264440658060555&selected_ad_ids=120264441176190555&date=2026-01-01_2026-06-12&insight_date=2026-01-01_2026-06-12&comparison_date=2026-01-01_2026-06-12,Tennessee Nashville Mission,,3
120264441176190555,New People Being Taught,-,https://business.facebook.com/adsmanager/manage/ads?act=284299962222101&selected_campaign_ids=120264440401340555&selected_adset_ids=120264440658060555&selected_ad_ids=120264441176190555&date=2026-01-01_2026-06-12&insight_date=2026-01-01_2026-06-12&comparison_date=2026-01-01_2026-06-12,Tennessee Nashville Mission,,13
120264441176190555,Cost Per Facebook Lead,-,https://business.facebook.com/adsmanager/manage/ads?act=284299962222101&selected_campaign_ids=120264440401340555&selected_adset_ids=120264440658060555&selected_ad_ids=120264441176190555&date=2026-01-01_2026-06-12&insight_date=2026-01-01_2026-06-12&comparison_date=2026-01-01_2026-06-12,Tennessee Nashville Mission,,57.034572247
120264441176190555,Ad Leads,-,https://business.facebook.com/adsmanager/manage/ads?act=284299962222101&selected_campaign_ids=120264440401340555&selected_adset_ids=120264440658060555&selected_ad_ids=120264441176190555&date=2026-01-01_2026-06-12&insight_date=2026-01-01_2026-06-12&comparison_date=2026-01-01_2026-06-12,Tennessee Nashville Mission,,70.338095238
120264441176190555,People Found,-,https://business.facebook.com/adsmanager/manage/ads?act=284299962222101&selected_campaign_ids=120264440401340555&selected_adset_ids=120264440658060555&selected_ad_ids=120264441176190555&date=2026-01-01_2026-06-12&insight_date=2026-01-01_2026-06-12&comparison_date=2026-01-01_2026-06-12,Tennessee Nashville Mission,,51
120244462951040360,Forecasted Cost Per Baptism,-,https://business.facebook.com/adsmanager/manage/ads?act=1566346430181695&selected_campaign_ids=120244462900920360&selected_adset_ids=120244462902070360&selected_ad_ids=120244462951040360&date=2026-01-01_2026-06-12&insight_date=2026-01-01_2026-06-12&comparison_date=2026-01-01_2026-06-12,Iowa Iowa City Mission,,7477.004127121
120244462951040360,Forecasted Baptisms,-,https://business.facebook.com/adsmanager/manage/ads?act=1566346430181695&selected_campaign_ids=120244462900920360&selected_adset_ids=120244462902070360&selected_ad_ids=120244462951040360&date=2026-01-01_2026-06-12&insight_date=2026-01-01_2026-06-12&comparison_date=2026-01-01_2026-06-12,Iowa Iowa City Mission,,0.594801508
120244462951040360,Forecasted % Found Baptized,-,https://business.facebook.com/adsmanager/manage/ads?act=1566346430181695&selected_campaign_ids=120244462900920360&selected_adset_ids=120244462902070360&selected_ad_ids=120244462951040360&date=2026-01-01_2026-06-12&insight_date=2026-01-01_2026-06-12&comparison_date=2026-01-01_2026-06-12,Iowa Iowa City Mission,,0.007724695
120244462951040360,% Found Baptized,-,https://business.facebook.com/adsmanager/manage/ads?act=1566346430181695&selected_campaign_ids=120244462900920360&selected_adset_ids=120244462902070360&selected_ad_ids=120244462951040360&date=2026-01-01_2026-06-12&insight_date=2026-01-01_2026-06-12&comparison_date=2026-01-01_2026-06-12,Iowa Iowa City Mission,,0.012987013
120244462951040360,% Found Attending Sacrament,-,https://business.facebook.com/adsmanager/manage/ads?act=1566346430181695&selected_campaign_ids=120244462900920360&selected_adset_ids=120244462902070360&selected_ad_ids=120244462951040360&date=2026-01-01_2026-06-12&insight_date=2026-01-01_2026-06-12&comparison_date=2026-01-01_2026-06-12,Iowa Iowa City Mission,,0.051948052
120244462951040360,People Baptized and Confirmed,-,https://business.facebook.com/adsmanager/manage/ads?act=1566346430181695&selected_campaign_ids=120244462900920360&selected_adset_ids=120244462902070360&selected_ad_ids=120244462951040360&date=2026-01-01_2026-06-12&insight_date=2026-01-01_2026-06-12&comparison_date=2026-01-01_2026-06-12,Iowa Iowa City Mission,,1
120244462951040360,People Who Attended Sacrament,-,https://business.facebook.com/adsmanager/manage/ads?act=1566346430181695&selected_campaign_ids=120244462900920360&selected_adset_ids=120244462902070360&selected_ad_ids=120244462951040360&date=2026-01-01_2026-06-12&insight_date=2026-01-01_2026-06-12&comparison_date=2026-01-01_2026-06-12,Iowa Iowa City Mission,,4
120244462951040360,New People Being Taught,-,https://business.facebook.com/adsmanager/manage/ads?act=1566346430181695&selected_campaign_ids=120244462900920360&selected_adset_ids=120244462902070360&selected_ad_ids=120244462951040360&date=2026-01-01_2026-06-12&insight_date=2026-01-01_2026-06-12&comparison_date=2026-01-01_2026-06-12,Iowa Iowa City Mission,,16
120244462951040360,Cost Per Facebook Lead,-,https://business.facebook.com/adsmanager/manage/ads?act=1566346430181695&selected_campaign_ids=120244462900920360&selected_adset_ids=120244462902070360&selected_ad_ids=120244462951040360&date=2026-01-01_2026-06-12&insight_date=2026-01-01_2026-06-12&comparison_date=2026-01-01_2026-06-12,Iowa Iowa City Mission,,38.560693642
120244462951040360,Ad Leads,-,https://business.facebook.com/adsmanager/manage/ads?act=1566346430181695&selected_campaign_ids=120244462900920360&selected_adset_ids=120244462902070360&selected_ad_ids=120244462951040360&date=2026-01-01_2026-06-12&insight_date=2026-01-01_2026-06-12&comparison_date=2026-01-01_2026-06-12,Iowa Iowa City Mission,,115.333333333
120244462951040360,People Found,-,https://business.facebook.com/adsmanager/manage/ads?act=1566346430181695&selected_campaign_ids=120244462900920360&selected_adset_ids=120244462902070360&selected_ad_ids=120244462951040360&date=2026-01-01_2026-06-12&insight_date=2026-01-01_2026-06-12&comparison_date=2026-01-01_2026-06-12,Iowa Iowa City Mission,,77
120241242028330708,Forecasted Cost Per Baptism,-,https://business.facebook.com/adsmanager/manage/ads?act=282246452801626&selected_campaign_ids=120241241850700708&selected_adset_ids=120241242001780708&selected_ad_ids=120241242028330708&date=2026-01-01_2026-06-12&insight_date=2026-01-01_2026-06-12&comparison_date=2026-01-01_2026-06-12,Texas Austin Mission,,7394.537325012
120241242028330708,Forecasted Baptisms,-,https://business.facebook.com/adsmanager/manage/ads?act=282246452801626&selected_campaign_ids=120241241850700708&selected_adset_ids=120241242001780708&selected_ad_ids=120241242028330708&date=2026-01-01_2026-06-12&insight_date=2026-01-01_2026-06-12&comparison_date=2026-01-01_2026-06-12,Texas Austin Mission,,0.997437314
120241242028330708,Forecasted % Found Baptized,-,https://business.facebook.com/adsmanager/manage/ads?act=282246452801626&selected_campaign_ids=120241241850700708&selected_adset_ids=120241242001780708&selected_ad_ids=120241242028330708&date=2026-01-01_2026-06-12&insight_date=2026-01-01_2026-06-12&comparison_date=2026-01-01_2026-06-12,Texas Austin Mission,,0.006562088
120241242028330708,% Found Baptized,-,https://business.facebook.com/adsmanager/manage/ads?act=282246452801626&selected_campaign_ids=120241241850700708&selected_adset_ids=120241242001780708&selected_ad_ids=120241242028330708&date=2026-01-01_2026-06-12&insight_date=2026-01-01_2026-06-12&comparison_date=2026-01-01_2026-06-12,Texas Austin Mission,,0
120241242028330708,% Found Attending Sacrament,-,https://business.facebook.com/adsmanager/manage/ads?act=282246452801626&selected_campaign_ids=120241241850700708&selected_adset_ids=120241242001780708&selected_ad_ids=120241242028330708&date=2026-01-01_2026-06-12&insight_date=2026-01-01_2026-06-12&comparison_date=2026-01-01_2026-06-12,Texas Austin Mission,,0.032894737
120241242028330708,People Baptized and Confirmed,-,https://business.facebook.com/adsmanager/manage/ads?act=282246452801626&selected_campaign_ids=120241241850700708&selected_adset_ids=120241242001780708&selected_ad_ids=120241242028330708&date=2026-01-01_2026-06-12&insight_date=2026-01-01_2026-06-12&comparison_date=2026-01-01_2026-06-12,Texas Austin Mission,,0
120241242028330708,People Who Attended Sacrament,-,https://business.facebook.com/adsmanager/manage/ads?act=282246452801626&selected_campaign_ids=120241241850700708&selected_adset_ids=120241242001780708&selected_ad_ids=120241242028330708&date=2026-01-01_2026-06-12&insight_date=2026-01-01_2026-06-12&comparison_date=2026-01-01_2026-06-12,Texas Austin Mission,,5
120241242028330708,New People Being Taught,-,https://business.facebook.com/adsmanager/manage/ads?act=282246452801626&selected_campaign_ids=120241241850700708&selected_adset_ids=120241242001780708&selected_ad_ids=120241242028330708&date=2026-01-01_2026-06-12&insight_date=2026-01-01_2026-06-12&comparison_date=2026-01-01_2026-06-12,Texas Austin Mission,,32
120241242028330708,Cost Per Facebook Lead,-,https://business.facebook.com/adsmanager/manage/ads?act=282246452801626&selected_campaign_ids=120241241850700708&selected_adset_ids=120241242001780708&selected_ad_ids=120241242028330708&date=2026-01-01_2026-06-12&insight_date=2026-01-01_2026-06-12&comparison_date=2026-01-01_2026-06-12,Texas Austin Mission,,28.282340228
120241242028330708,Ad Leads,-,https://business.facebook.com/adsmanager/manage/ads?act=282246452801626&selected_campaign_ids=120241241850700708&selected_adset_ids=120241242001780708&selected_ad_ids=120241242028330708&date=2026-01-01_2026-06-12&insight_date=2026-01-01_2026-06-12&comparison_date=2026-01-01_2026-06-12,Texas Austin Mission,,260.784199134
120241242028330708,People Found,-,https://business.facebook.com/adsmanager/manage/ads?act=282246452801626&selected_campaign_ids=120241241850700708&selected_adset_ids=120241242001780708&selected_ad_ids=120241242028330708&date=2026-01-01_2026-06-12&insight_date=2026-01-01_2026-06-12&comparison_date=2026-01-01_2026-06-12,Texas Austin Mission,,152
120246819810450595,Forecasted Cost Per Baptism,Grow,https://business.facebook.com/adsmanager/manage/ads?act=120509738771422&selected_campaign_ids=120246581549890595&selected_adset_ids=120246819810470595&selected_ad_ids=120246819810450595&date=2026-01-01_2026-06-12&insight_date=2026-01-01_2026-06-12&comparison_date=2026-01-01_2026-06-12,California Bakersfield Mission,,7349.449905175
120246819810450595,Forecasted Baptisms,Grow,https://business.facebook.com/adsmanager/manage/ads?act=120509738771422&selected_campaign_ids=120246581549890595&selected_adset_ids=120246819810470595&selected_ad_ids=120246819810450595&date=2026-01-01_2026-06-12&insight_date=2026-01-01_2026-06-12&comparison_date=2026-01-01_2026-06-12,California Bakersfield Mission,,0.445936193
120246819810450595,Forecasted % Found Baptized,Grow,https://business.facebook.com/adsmanager/manage/ads?act=120509738771422&selected_campaign_ids=120246581549890595&selected_adset_ids=120246819810470595&selected_ad_ids=120246819810450595&date=2026-01-01_2026-06-12&insight_date=2026-01-01_2026-06-12&comparison_date=2026-01-01_2026-06-12,California Bakersfield Mission,,0.006108715
120246819810450595,% Found Baptized,Grow,https://business.facebook.com/adsmanager/manage/ads?act=120509738771422&selected_campaign_ids=120246581549890595&selected_adset_ids=120246819810470595&selected_ad_ids=120246819810450595&date=2026-01-01_2026-06-12&insight_date=2026-01-01_2026-06-12&comparison_date=2026-01-01_2026-06-12,California Bakersfield Mission,,0
120246819810450595,% Found Attending Sacrament,Grow,https://business.facebook.com/adsmanager/manage/ads?act=120509738771422&selected_campaign_ids=120246581549890595&selected_adset_ids=120246819810470595&selected_ad_ids=120246819810450595&date=2026-01-01_2026-06-12&insight_date=2026-01-01_2026-06-12&comparison_date=2026-01-01_2026-06-12,California Bakersfield Mission,,0.054794521
120246819810450595,People Baptized and Confirmed,Grow,https://business.facebook.com/adsmanager/manage/ads?act=120509738771422&selected_campaign_ids=120246581549890595&selected_adset_ids=120246819810470595&selected_ad_ids=120246819810450595&date=2026-01-01_2026-06-12&insight_date=2026-01-01_2026-06-12&comparison_date=2026-01-01_2026-06-12,California Bakersfield Mission,,0
120246819810450595,People Who Attended Sacrament,Grow,https://business.facebook.com/adsmanager/manage/ads?act=120509738771422&selected_campaign_ids=120246581549890595&selected_adset_ids=120246819810470595&selected_ad_ids=120246819810450595&date=2026-01-01_2026-06-12&insight_date=2026-01-01_2026-06-12&comparison_date=2026-01-01_2026-06-12,California Bakersfield Mission,,4
120246819810450595,New People Being Taught,Grow,https://business.facebook.com/adsmanager/manage/ads?act=120509738771422&selected_campaign_ids=120246581549890595&selected_adset_ids=120246819810470595&selected_ad_ids=120246819810450595&date=2026-01-01_2026-06-12&insight_date=2026-01-01_2026-06-12&comparison_date=2026-01-01_2026-06-12,California Bakersfield Mission,,17
120246819810450595,Cost Per Facebook Lead,Grow,https://business.facebook.com/adsmanager/manage/ads?act=120509738771422&selected_campaign_ids=120246581549890595&selected_adset_ids=120246819810470595&selected_ad_ids=120246819810450595&date=2026-01-01_2026-06-12&insight_date=2026-01-01_2026-06-12&comparison_date=2026-01-01_2026-06-12,California Bakersfield Mission,,23.822332214
120246819810450595,Ad Leads,Grow,https://business.facebook.com/adsmanager/manage/ads?act=120509738771422&selected_campaign_ids=120246581549890595&selected_adset_ids=120246819810470595&selected_ad_ids=120246819810450595&date=2026-01-01_2026-06-12&insight_date=2026-01-01_2026-06-12&comparison_date=2026-01-01_2026-06-12,California Bakersfield Mission,,137.576190476
120246819810450595,People Found,Grow,https://business.facebook.com/adsmanager/manage/ads?act=120509738771422&selected_campaign_ids=120246581549890595&selected_adset_ids=120246819810470595&selected_ad_ids=120246819810450595&date=2026-01-01_2026-06-12&insight_date=2026-01-01_2026-06-12&comparison_date=2026-01-01_2026-06-12,California Bakersfield Mission,,73
120240835742190030,Forecasted Cost Per Baptism,Grow,https://business.facebook.com/adsmanager/manage/ads?act=3685410151495854&selected_campaign_ids=120240757728870030&selected_adset_ids=120240835742310030&selected_ad_ids=120240835742190030&date=2026-01-01_2026-06-12&insight_date=2026-01-01_2026-06-12&comparison_date=2026-01-01_2026-06-12,North Carolina Raleigh Mission,,7263.612660129
120240835742190030,Forecasted Baptisms,Grow,https://business.facebook.com/adsmanager/manage/ads?act=3685410151495854&selected_campaign_ids=120240757728870030&selected_adset_ids=120240835742310030&selected_ad_ids=120240835742190030&date=2026-01-01_2026-06-12&insight_date=2026-01-01_2026-06-12&comparison_date=2026-01-01_2026-06-12,North Carolina Raleigh Mission,,1.803400128
120240835742190030,Forecasted % Found Baptized,Grow,https://business.facebook.com/adsmanager/manage/ads?act=3685410151495854&selected_campaign_ids=120240757728870030&selected_adset_ids=120240835742310030&selected_ad_ids=120240835742190030&date=2026-01-01_2026-06-12&insight_date=2026-01-01_2026-06-12&comparison_date=2026-01-01_2026-06-12,North Carolina Raleigh Mission,,0.006605861
120240835742190030,% Found Baptized,Grow,https://business.facebook.com/adsmanager/manage/ads?act=3685410151495854&selected_campaign_ids=120240757728870030&selected_adset_ids=120240835742310030&selected_ad_ids=120240835742190030&date=2026-01-01_2026-06-12&insight_date=2026-01-01_2026-06-12&comparison_date=2026-01-01_2026-06-12,North Carolina Raleigh Mission,,0.003663004
120240835742190030,% Found Attending Sacrament,Grow,https://business.facebook.com/adsmanager/manage/ads?act=3685410151495854&selected_campaign_ids=120240757728870030&selected_adset_ids=120240835742310030&selected_ad_ids=120240835742190030&date=2026-01-01_2026-06-12&insight_date=2026-01-01_2026-06-12&comparison_date=2026-01-01_2026-06-12,North Carolina Raleigh Mission,,0.025641026
120240835742190030,People Baptized and Confirmed,Grow,https://business.facebook.com/adsmanager/manage/ads?act=3685410151495854&selected_campaign_ids=120240757728870030&selected_adset_ids=120240835742310030&selected_ad_ids=120240835742190030&date=2026-01-01_2026-06-12&insight_date=2026-01-01_2026-06-12&comparison_date=2026-01-01_2026-06-12,North Carolina Raleigh Mission,,1
120240835742190030,People Who Attended Sacrament,Grow,https://business.facebook.com/adsmanager/manage/ads?act=3685410151495854&selected_campaign_ids=120240757728870030&selected_adset_ids=120240835742310030&selected_ad_ids=120240835742190030&date=2026-01-01_2026-06-12&insight_date=2026-01-01_2026-06-12&comparison_date=2026-01-01_2026-06-12,North Carolina Raleigh Mission,,7
120240835742190030,New People Being Taught,Grow,https://business.facebook.com/adsmanager/manage/ads?act=3685410151495854&selected_campaign_ids=120240757728870030&selected_adset_ids=120240835742310030&selected_ad_ids=120240835742190030&date=2026-01-01_2026-06-12&insight_date=2026-01-01_2026-06-12&comparison_date=2026-01-01_2026-06-12,North Carolina Raleigh Mission,,51
120240835742190030,Cost Per Facebook Lead,Grow,https://business.facebook.com/adsmanager/manage/ads?act=3685410151495854&selected_campaign_ids=120240757728870030&selected_adset_ids=120240835742310030&selected_ad_ids=120240835742190030&date=2026-01-01_2026-06-12&insight_date=2026-01-01_2026-06-12&comparison_date=2026-01-01_2026-06-12,North Carolina Raleigh Mission,,26.250901804
120240835742190030,Ad Leads,Grow,https://business.facebook.com/adsmanager/manage/ads?act=3685410151495854&selected_campaign_ids=120240757728870030&selected_adset_ids=120240835742310030&selected_ad_ids=120240835742190030&date=2026-01-01_2026-06-12&insight_date=2026-01-01_2026-06-12&comparison_date=2026-01-01_2026-06-12,North Carolina Raleigh Mission,,499
120240835742190030,People Found,Grow,https://business.facebook.com/adsmanager/manage/ads?act=3685410151495854&selected_campaign_ids=120240757728870030&selected_adset_ids=120240835742310030&selected_ad_ids=120240835742190030&date=2026-01-01_2026-06-12&insight_date=2026-01-01_2026-06-12&comparison_date=2026-01-01_2026-06-12,North Carolina Raleigh Mission,,273
120241729169020052,Forecasted Cost Per Baptism,-,https://business.facebook.com/adsmanager/manage/ads?act=1819834835084037&selected_campaign_ids=120241726774070052&selected_adset_ids=120241728715980052&selected_ad_ids=120241729169020052&date=2026-01-01_2026-06-12&insight_date=2026-01-01_2026-06-12&comparison_date=2026-01-01_2026-06-12,Texas Houston East Mission,,7127.540503357
120241729169020052,Forecasted Baptisms,-,https://business.facebook.com/adsmanager/manage/ads?act=1819834835084037&selected_campaign_ids=120241726774070052&selected_adset_ids=120241728715980052&selected_ad_ids=120241729169020052&date=2026-01-01_2026-06-12&insight_date=2026-01-01_2026-06-12&comparison_date=2026-01-01_2026-06-12,Texas Houston East Mission,,0.937704472
120241729169020052,Forecasted % Found Baptized,-,https://business.facebook.com/adsmanager/manage/ads?act=1819834835084037&selected_campaign_ids=120241726774070052&selected_adset_ids=120241728715980052&selected_ad_ids=120241729169020052&date=2026-01-01_2026-06-12&insight_date=2026-01-01_2026-06-12&comparison_date=2026-01-01_2026-06-12,Texas Houston East Mission,,0.006088990
120241729169020052,% Found Baptized,-,https://business.facebook.com/adsmanager/manage/ads?act=1819834835084037&selected_campaign_ids=120241726774070052&selected_adset_ids=120241728715980052&selected_ad_ids=120241729169020052&date=2026-01-01_2026-06-12&insight_date=2026-01-01_2026-06-12&comparison_date=2026-01-01_2026-06-12,Texas Houston East Mission,,0
120241729169020052,% Found Attending Sacrament,-,https://business.facebook.com/adsmanager/manage/ads?act=1819834835084037&selected_campaign_ids=120241726774070052&selected_adset_ids=120241728715980052&selected_ad_ids=120241729169020052&date=2026-01-01_2026-06-12&insight_date=2026-01-01_2026-06-12&comparison_date=2026-01-01_2026-06-12,Texas Houston East Mission,,0.058441558
120241729169020052,People Baptized and Confirmed,-,https://business.facebook.com/adsmanager/manage/ads?act=1819834835084037&selected_campaign_ids=120241726774070052&selected_adset_ids=120241728715980052&selected_ad_ids=120241729169020052&date=2026-01-01_2026-06-12&insight_date=2026-01-01_2026-06-12&comparison_date=2026-01-01_2026-06-12,Texas Houston East Mission,,0
120241729169020052,People Who Attended Sacrament,-,https://business.facebook.com/adsmanager/manage/ads?act=1819834835084037&selected_campaign_ids=120241726774070052&selected_adset_ids=120241728715980052&selected_ad_ids=120241729169020052&date=2026-01-01_2026-06-12&insight_date=2026-01-01_2026-06-12&comparison_date=2026-01-01_2026-06-12,Texas Houston East Mission,,9
120241729169020052,New People Being Taught,-,https://business.facebook.com/adsmanager/manage/ads?act=1819834835084037&selected_campaign_ids=120241726774070052&selected_adset_ids=120241728715980052&selected_ad_ids=120241729169020052&date=2026-01-01_2026-06-12&insight_date=2026-01-01_2026-06-12&comparison_date=2026-01-01_2026-06-12,Texas Houston East Mission,,48
120241729169020052,Cost Per Facebook Lead,-,https://business.facebook.com/adsmanager/manage/ads?act=1819834835084037&selected_campaign_ids=120241726774070052&selected_adset_ids=120241728715980052&selected_ad_ids=120241729169020052&date=2026-01-01_2026-06-12&insight_date=2026-01-01_2026-06-12&comparison_date=2026-01-01_2026-06-12,Texas Houston East Mission,,33.076895928
120241729169020052,Ad Leads,-,https://business.facebook.com/adsmanager/manage/ads?act=1819834835084037&selected_campaign_ids=120241726774070052&selected_adset_ids=120241728715980052&selected_ad_ids=120241729169020052&date=2026-01-01_2026-06-12&insight_date=2026-01-01_2026-06-12&comparison_date=2026-01-01_2026-06-12,Texas Houston East Mission,,202.060272571
120241729169020052,People Found,-,https://business.facebook.com/adsmanager/manage/ads?act=1819834835084037&selected_campaign_ids=120241726774070052&selected_adset_ids=120241728715980052&selected_ad_ids=120241729169020052&date=2026-01-01_2026-06-12&insight_date=2026-01-01_2026-06-12&comparison_date=2026-01-01_2026-06-12,Texas Houston East Mission,,154
120238874978080374,Forecasted Cost Per Baptism,-,https://business.facebook.com/adsmanager/manage/ads?act=1907108976031694&selected_campaign_ids=120238874901900374&selected_adset_ids=120238874905320374&selected_ad_ids=120238874978080374&date=2026-01-01_2026-06-12&insight_date=2026-01-01_2026-06-12&comparison_date=2026-01-01_2026-06-12,North Dakota Bismarck Mission,,7009.786215019
120238874978080374,Forecasted Baptisms,-,https://business.facebook.com/adsmanager/manage/ads?act=1907108976031694&selected_campaign_ids=120238874901900374&selected_adset_ids=120238874905320374&selected_ad_ids=120238874978080374&date=2026-01-01_2026-06-12&insight_date=2026-01-01_2026-06-12&comparison_date=2026-01-01_2026-06-12,North Dakota Bismarck Mission,,8.286842976
120238874978080374,Forecasted % Found Baptized,-,https://business.facebook.com/adsmanager/manage/ads?act=1907108976031694&selected_campaign_ids=120238874901900374&selected_adset_ids=120238874905320374&selected_ad_ids=120238874978080374&date=2026-01-01_2026-06-12&insight_date=2026-01-01_2026-06-12&comparison_date=2026-01-01_2026-06-12,North Dakota Bismarck Mission,,0.006535365
120238874978080374,% Found Baptized,-,https://business.facebook.com/adsmanager/manage/ads?act=1907108976031694&selected_campaign_ids=120238874901900374&selected_adset_ids=120238874905320374&selected_ad_ids=120238874978080374&date=2026-01-01_2026-06-12&insight_date=2026-01-01_2026-06-12&comparison_date=2026-01-01_2026-06-12,North Dakota Bismarck Mission,,0.005520505
120238874978080374,% Found Attending Sacrament,-,https://business.facebook.com/adsmanager/manage/ads?act=1907108976031694&selected_campaign_ids=120238874901900374&selected_adset_ids=120238874905320374&selected_ad_ids=120238874978080374&date=2026-01-01_2026-06-12&insight_date=2026-01-01_2026-06-12&comparison_date=2026-01-01_2026-06-12,North Dakota Bismarck Mission,,0.052050473
120238874978080374,People Baptized and Confirmed,-,https://business.facebook.com/adsmanager/manage/ads?act=1907108976031694&selected_campaign_ids=120238874901900374&selected_adset_ids=120238874905320374&selected_ad_ids=120238874978080374&date=2026-01-01_2026-06-12&insight_date=2026-01-01_2026-06-12&comparison_date=2026-01-01_2026-06-12,North Dakota Bismarck Mission,,7
120238874978080374,People Who Attended Sacrament,-,https://business.facebook.com/adsmanager/manage/ads?act=1907108976031694&selected_campaign_ids=120238874901900374&selected_adset_ids=120238874905320374&selected_ad_ids=120238874978080374&date=2026-01-01_2026-06-12&insight_date=2026-01-01_2026-06-12&comparison_date=2026-01-01_2026-06-12,North Dakota Bismarck Mission,,66
120238874978080374,New People Being Taught,-,https://business.facebook.com/adsmanager/manage/ads?act=1907108976031694&selected_campaign_ids=120238874901900374&selected_adset_ids=120238874905320374&selected_ad_ids=120238874978080374&date=2026-01-01_2026-06-12&insight_date=2026-01-01_2026-06-12&comparison_date=2026-01-01_2026-06-12,North Dakota Bismarck Mission,,376
120238874978080374,Cost Per Facebook Lead,-,https://business.facebook.com/adsmanager/manage/ads?act=1907108976031694&selected_campaign_ids=120238874901900374&selected_adset_ids=120238874905320374&selected_ad_ids=120238874978080374&date=2026-01-01_2026-06-12&insight_date=2026-01-01_2026-06-12&comparison_date=2026-01-01_2026-06-12,North Dakota Bismarck Mission,,34.437080991
120238874978080374,Ad Leads,-,https://business.facebook.com/adsmanager/manage/ads?act=1907108976031694&selected_campaign_ids=120238874901900374&selected_adset_ids=120238874905320374&selected_ad_ids=120238874978080374&date=2026-01-01_2026-06-12&insight_date=2026-01-01_2026-06-12&comparison_date=2026-01-01_2026-06-12,North Dakota Bismarck Mission,,1686.815374216
120238874978080374,People Found,-,https://business.facebook.com/adsmanager/manage/ads?act=1907108976031694&selected_campaign_ids=120238874901900374&selected_adset_ids=120238874905320374&selected_ad_ids=120238874978080374&date=2026-01-01_2026-06-12&insight_date=2026-01-01_2026-06-12&comparison_date=2026-01-01_2026-06-12,North Dakota Bismarck Mission,,1268
120242063742840708,Forecasted Cost Per Baptism,-,https://business.facebook.com/adsmanager/manage/ads?act=282246452801626&selected_campaign_ids=120241822419920708&selected_adset_ids=120241828830780708&selected_ad_ids=120242063742840708&date=2026-01-01_2026-06-12&insight_date=2026-01-01_2026-06-12&comparison_date=2026-01-01_2026-06-12,Tennessee Nashville Mission,,6920.843989318
120242063742840708,Forecasted Baptisms,-,https://business.facebook.com/adsmanager/manage/ads?act=282246452801626&selected_campaign_ids=120241822419920708&selected_adset_ids=120241828830780708&selected_ad_ids=120242063742840708&date=2026-01-01_2026-06-12&insight_date=2026-01-01_2026-06-12&comparison_date=2026-01-01_2026-06-12,Tennessee Nashville Mission,,1.931375943
120242063742840708,Forecasted % Found Baptized,-,https://business.facebook.com/adsmanager/manage/ads?act=282246452801626&selected_campaign_ids=120241822419920708&selected_adset_ids=120241828830780708&selected_ad_ids=120242063742840708&date=2026-01-01_2026-06-12&insight_date=2026-01-01_2026-06-12&comparison_date=2026-01-01_2026-06-12,Tennessee Nashville Mission,,0.006230245
120242063742840708,% Found Baptized,-,https://business.facebook.com/adsmanager/manage/ads?act=282246452801626&selected_campaign_ids=120241822419920708&selected_adset_ids=120241828830780708&selected_ad_ids=120242063742840708&date=2026-01-01_2026-06-12&insight_date=2026-01-01_2026-06-12&comparison_date=2026-01-01_2026-06-12,Tennessee Nashville Mission,,0.006451613
120242063742840708,% Found Attending Sacrament,-,https://business.facebook.com/adsmanager/manage/ads?act=282246452801626&selected_campaign_ids=120241822419920708&selected_adset_ids=120241828830780708&selected_ad_ids=120242063742840708&date=2026-01-01_2026-06-12&insight_date=2026-01-01_2026-06-12&comparison_date=2026-01-01_2026-06-12,Tennessee Nashville Mission,,0.048387097
120242063742840708,People Baptized and Confirmed,-,https://business.facebook.com/adsmanager/manage/ads?act=282246452801626&selected_campaign_ids=120241822419920708&selected_adset_ids=120241828830780708&selected_ad_ids=120242063742840708&date=2026-01-01_2026-06-12&insight_date=2026-01-01_2026-06-12&comparison_date=2026-01-01_2026-06-12,Tennessee Nashville Mission,,2
120242063742840708,People Who Attended Sacrament,-,https://business.facebook.com/adsmanager/manage/ads?act=282246452801626&selected_campaign_ids=120241822419920708&selected_adset_ids=120241828830780708&selected_ad_ids=120242063742840708&date=2026-01-01_2026-06-12&insight_date=2026-01-01_2026-06-12&comparison_date=2026-01-01_2026-06-12,Tennessee Nashville Mission,,15
120242063742840708,New People Being Taught,-,https://business.facebook.com/adsmanager/manage/ads?act=282246452801626&selected_campaign_ids=120241822419920708&selected_adset_ids=120241828830780708&selected_ad_ids=120242063742840708&date=2026-01-01_2026-06-12&insight_date=2026-01-01_2026-06-12&comparison_date=2026-01-01_2026-06-12,Tennessee Nashville Mission,,79
120242063742840708,Cost Per Facebook Lead,-,https://business.facebook.com/adsmanager/manage/ads?act=282246452801626&selected_campaign_ids=120241822419920708&selected_adset_ids=120241828830780708&selected_ad_ids=120242063742840708&date=2026-01-01_2026-06-12&insight_date=2026-01-01_2026-06-12&comparison_date=2026-01-01_2026-06-12,Tennessee Nashville Mission,,33.582392187
120242063742840708,Ad Leads,-,https://business.facebook.com/adsmanager/manage/ads?act=282246452801626&selected_campaign_ids=120241822419920708&selected_adset_ids=120241828830780708&selected_ad_ids=120242063742840708&date=2026-01-01_2026-06-12&insight_date=2026-01-01_2026-06-12&comparison_date=2026-01-01_2026-06-12,Tennessee Nashville Mission,,398.028571429
120242063742840708,People Found,-,https://business.facebook.com/adsmanager/manage/ads?act=282246452801626&selected_campaign_ids=120241822419920708&selected_adset_ids=120241828830780708&selected_ad_ids=120242063742840708&date=2026-01-01_2026-06-12&insight_date=2026-01-01_2026-06-12&comparison_date=2026-01-01_2026-06-12,Tennessee Nashville Mission,,310
120242530346250116,Forecasted Cost Per Baptism,-,https://business.facebook.com/adsmanager/manage/ads?act=969086184816615&selected_campaign_ids=120242530345830116&selected_adset_ids=120242530346040116&selected_ad_ids=120242530346250116&date=2026-01-01_2026-06-12&insight_date=2026-01-01_2026-06-12&comparison_date=2026-01-01_2026-06-12,Michigan Detroit Mission,,6618.540574880
120242530346250116,Forecasted Baptisms,-,https://business.facebook.com/adsmanager/manage/ads?act=969086184816615&selected_campaign_ids=120242530345830116&selected_adset_ids=120242530346040116&selected_ad_ids=120242530346250116&date=2026-01-01_2026-06-12&insight_date=2026-01-01_2026-06-12&comparison_date=2026-01-01_2026-06-12,Michigan Detroit Mission,,1.107579809
120242530346250116,Forecasted % Found Baptized,-,https://business.facebook.com/adsmanager/manage/ads?act=969086184816615&selected_campaign_ids=120242530345830116&selected_adset_ids=120242530346040116&selected_ad_ids=120242530346250116&date=2026-01-01_2026-06-12&insight_date=2026-01-01_2026-06-12&comparison_date=2026-01-01_2026-06-12,Michigan Detroit Mission,,0.007145676
120242530346250116,% Found Baptized,-,https://business.facebook.com/adsmanager/manage/ads?act=969086184816615&selected_campaign_ids=120242530345830116&selected_adset_ids=120242530346040116&selected_ad_ids=120242530346250116&date=2026-01-01_2026-06-12&insight_date=2026-01-01_2026-06-12&comparison_date=2026-01-01_2026-06-12,Michigan Detroit Mission,,0.006451613
120242530346250116,% Found Attending Sacrament,-,https://business.facebook.com/adsmanager/manage/ads?act=969086184816615&selected_campaign_ids=120242530345830116&selected_adset_ids=120242530346040116&selected_ad_ids=120242530346250116&date=2026-01-01_2026-06-12&insight_date=2026-01-01_2026-06-12&comparison_date=2026-01-01_2026-06-12,Michigan Detroit Mission,,0.070967742
120242530346250116,People Baptized and Confirmed,-,https://business.facebook.com/adsmanager/manage/ads?act=969086184816615&selected_campaign_ids=120242530345830116&selected_adset_ids=120242530346040116&selected_ad_ids=120242530346250116&date=2026-01-01_2026-06-12&insight_date=2026-01-01_2026-06-12&comparison_date=2026-01-01_2026-06-12,Michigan Detroit Mission,,1
120242530346250116,People Who Attended Sacrament,-,https://business.facebook.com/adsmanager/manage/ads?act=969086184816615&selected_campaign_ids=120242530345830116&selected_adset_ids=120242530346040116&selected_ad_ids=120242530346250116&date=2026-01-01_2026-06-12&insight_date=2026-01-01_2026-06-12&comparison_date=2026-01-01_2026-06-12,Michigan Detroit Mission,,11
120242530346250116,New People Being Taught,-,https://business.facebook.com/adsmanager/manage/ads?act=969086184816615&selected_campaign_ids=120242530345830116&selected_adset_ids=120242530346040116&selected_ad_ids=120242530346250116&date=2026-01-01_2026-06-12&insight_date=2026-01-01_2026-06-12&comparison_date=2026-01-01_2026-06-12,Michigan Detroit Mission,,44
120242530346250116,Cost Per Facebook Lead,-,https://business.facebook.com/adsmanager/manage/ads?act=969086184816615&selected_campaign_ids=120242530345830116&selected_adset_ids=120242530346040116&selected_ad_ids=120242530346250116&date=2026-01-01_2026-06-12&insight_date=2026-01-01_2026-06-12&comparison_date=2026-01-01_2026-06-12,Michigan Detroit Mission,,39.470738305
120242530346250116,Ad Leads,-,https://business.facebook.com/adsmanager/manage/ads?act=969086184816615&selected_campaign_ids=120242530345830116&selected_adset_ids=120242530346040116&selected_ad_ids=120242530346250116&date=2026-01-01_2026-06-12&insight_date=2026-01-01_2026-06-12&comparison_date=2026-01-01_2026-06-12,Michigan Detroit Mission,,185.721428571
120242530346250116,People Found,-,https://business.facebook.com/adsmanager/manage/ads?act=969086184816615&selected_campaign_ids=120242530345830116&selected_adset_ids=120242530346040116&selected_ad_ids=120242530346250116&date=2026-01-01_2026-06-12&insight_date=2026-01-01_2026-06-12&comparison_date=2026-01-01_2026-06-12,Michigan Detroit Mission,,155
120236833321390727,Forecasted Cost Per Baptism,-,https://business.facebook.com/adsmanager/manage/ads?act=238929060375046&selected_campaign_ids=120236656641650727&selected_adset_ids=120236832604100727&selected_ad_ids=120236833321390727&date=2026-01-01_2026-06-12&insight_date=2026-01-01_2026-06-12&comparison_date=2026-01-01_2026-06-12,Nevada Reno Mission,,6446.881925373
120236833321390727,Forecasted Baptisms,-,https://business.facebook.com/adsmanager/manage/ads?act=238929060375046&selected_campaign_ids=120236656641650727&selected_adset_ids=120236832604100727&selected_ad_ids=120236833321390727&date=2026-01-01_2026-06-12&insight_date=2026-01-01_2026-06-12&comparison_date=2026-01-01_2026-06-12,Nevada Reno Mission,,1.579750459
120236833321390727,Forecasted % Found Baptized,-,https://business.facebook.com/adsmanager/manage/ads?act=238929060375046&selected_campaign_ids=120236656641650727&selected_adset_ids=120236832604100727&selected_ad_ids=120236833321390727&date=2026-01-01_2026-06-12&insight_date=2026-01-01_2026-06-12&comparison_date=2026-01-01_2026-06-12,Nevada Reno Mission,,0.006319002
120236833321390727,% Found Baptized,-,https://business.facebook.com/adsmanager/manage/ads?act=238929060375046&selected_campaign_ids=120236656641650727&selected_adset_ids=120236832604100727&selected_ad_ids=120236833321390727&date=2026-01-01_2026-06-12&insight_date=2026-01-01_2026-06-12&comparison_date=2026-01-01_2026-06-12,Nevada Reno Mission,,0.004
120236833321390727,% Found Attending Sacrament,-,https://business.facebook.com/adsmanager/manage/ads?act=238929060375046&selected_campaign_ids=120236656641650727&selected_adset_ids=120236832604100727&selected_ad_ids=120236833321390727&date=2026-01-01_2026-06-12&insight_date=2026-01-01_2026-06-12&comparison_date=2026-01-01_2026-06-12,Nevada Reno Mission,,0.04
120236833321390727,People Baptized and Confirmed,-,https://business.facebook.com/adsmanager/manage/ads?act=238929060375046&selected_campaign_ids=120236656641650727&selected_adset_ids=120236832604100727&selected_ad_ids=120236833321390727&date=2026-01-01_2026-06-12&insight_date=2026-01-01_2026-06-12&comparison_date=2026-01-01_2026-06-12,Nevada Reno Mission,,1
120236833321390727,People Who Attended Sacrament,-,https://business.facebook.com/adsmanager/manage/ads?act=238929060375046&selected_campaign_ids=120236656641650727&selected_adset_ids=120236832604100727&selected_ad_ids=120236833321390727&date=2026-01-01_2026-06-12&insight_date=2026-01-01_2026-06-12&comparison_date=2026-01-01_2026-06-12,Nevada Reno Mission,,10
120236833321390727,New People Being Taught,-,https://business.facebook.com/adsmanager/manage/ads?act=238929060375046&selected_campaign_ids=120236656641650727&selected_adset_ids=120236832604100727&selected_ad_ids=120236833321390727&date=2026-01-01_2026-06-12&insight_date=2026-01-01_2026-06-12&comparison_date=2026-01-01_2026-06-12,Nevada Reno Mission,,62
120236833321390727,Cost Per Facebook Lead,-,https://business.facebook.com/adsmanager/manage/ads?act=238929060375046&selected_campaign_ids=120236656641650727&selected_adset_ids=120236832604100727&selected_ad_ids=120236833321390727&date=2026-01-01_2026-06-12&insight_date=2026-01-01_2026-06-12&comparison_date=2026-01-01_2026-06-12,Nevada Reno Mission,,31.417022146
120236833321390727,Ad Leads,-,https://business.facebook.com/adsmanager/manage/ads?act=238929060375046&selected_campaign_ids=120236656641650727&selected_adset_ids=120236832604100727&selected_ad_ids=120236833321390727&date=2026-01-01_2026-06-12&insight_date=2026-01-01_2026-06-12&comparison_date=2026-01-01_2026-06-12,Nevada Reno Mission,,324.170274170
120236833321390727,People Found,-,https://business.facebook.com/adsmanager/manage/ads?act=238929060375046&selected_campaign_ids=120236656641650727&selected_adset_ids=120236832604100727&selected_ad_ids=120236833321390727&date=2026-01-01_2026-06-12&insight_date=2026-01-01_2026-06-12&comparison_date=2026-01-01_2026-06-12,Nevada Reno Mission,,250
120258997935480555,Forecasted Cost Per Baptism,Grow,https://business.facebook.com/adsmanager/manage/ads?act=284299962222101&selected_campaign_ids=120258997914760555&selected_adset_ids=120258997915710555&selected_ad_ids=120258997935480555&date=2026-01-01_2026-06-12&insight_date=2026-01-01_2026-06-12&comparison_date=2026-01-01_2026-06-12,Tennessee Nashville Mission,,6335.747261240
120258997935480555,Forecasted Baptisms,Grow,https://business.facebook.com/adsmanager/manage/ads?act=284299962222101&selected_campaign_ids=120258997914760555&selected_adset_ids=120258997915710555&selected_ad_ids=120258997935480555&date=2026-01-01_2026-06-12&insight_date=2026-01-01_2026-06-12&comparison_date=2026-01-01_2026-06-12,Tennessee Nashville Mission,,0.610114509
120258997935480555,Forecasted % Found Baptized,Grow,https://business.facebook.com/adsmanager/manage/ads?act=284299962222101&selected_campaign_ids=120258997914760555&selected_adset_ids=120258997915710555&selected_ad_ids=120258997935480555&date=2026-01-01_2026-06-12&insight_date=2026-01-01_2026-06-12&comparison_date=2026-01-01_2026-06-12,Tennessee Nashville Mission,,0.008473813
120258997935480555,% Found Baptized,Grow,https://business.facebook.com/adsmanager/manage/ads?act=284299962222101&selected_campaign_ids=120258997914760555&selected_adset_ids=120258997915710555&selected_ad_ids=120258997935480555&date=2026-01-01_2026-06-12&insight_date=2026-01-01_2026-06-12&comparison_date=2026-01-01_2026-06-12,Tennessee Nashville Mission,,0.013888889
120258997935480555,% Found Attending Sacrament,Grow,https://business.facebook.com/adsmanager/manage/ads?act=284299962222101&selected_campaign_ids=120258997914760555&selected_adset_ids=120258997915710555&selected_ad_ids=120258997935480555&date=2026-01-01_2026-06-12&insight_date=2026-01-01_2026-06-12&comparison_date=2026-01-01_2026-06-12,Tennessee Nashville Mission,,0.041666667
120258997935480555,People Baptized and Confirmed,Grow,https://business.facebook.com/adsmanager/manage/ads?act=284299962222101&selected_campaign_ids=120258997914760555&selected_adset_ids=120258997915710555&selected_ad_ids=120258997935480555&date=2026-01-01_2026-06-12&insight_date=2026-01-01_2026-06-12&comparison_date=2026-01-01_2026-06-12,Tennessee Nashville Mission,,1
120258997935480555,People Who Attended Sacrament,Grow,https://business.facebook.com/adsmanager/manage/ads?act=284299962222101&selected_campaign_ids=120258997914760555&selected_adset_ids=120258997915710555&selected_ad_ids=120258997935480555&date=2026-01-01_2026-06-12&insight_date=2026-01-01_2026-06-12&comparison_date=2026-01-01_2026-06-12,Tennessee Nashville Mission,,3
120258997935480555,New People Being Taught,Grow,https://business.facebook.com/adsmanager/manage/ads?act=284299962222101&selected_campaign_ids=120258997914760555&selected_adset_ids=120258997915710555&selected_ad_ids=120258997935480555&date=2026-01-01_2026-06-12&insight_date=2026-01-01_2026-06-12&comparison_date=2026-01-01_2026-06-12,Tennessee Nashville Mission,,13
120258997935480555,Cost Per Facebook Lead,Grow,https://business.facebook.com/adsmanager/manage/ads?act=284299962222101&selected_campaign_ids=120258997914760555&selected_adset_ids=120258997915710555&selected_ad_ids=120258997935480555&date=2026-01-01_2026-06-12&insight_date=2026-01-01_2026-06-12&comparison_date=2026-01-01_2026-06-12,Tennessee Nashville Mission,,34.853133421
120258997935480555,Ad Leads,Grow,https://business.facebook.com/adsmanager/manage/ads?act=284299962222101&selected_campaign_ids=120258997914760555&selected_adset_ids=120258997915710555&selected_ad_ids=120258997935480555&date=2026-01-01_2026-06-12&insight_date=2026-01-01_2026-06-12&comparison_date=2026-01-01_2026-06-12,Tennessee Nashville Mission,,110.909147870
120258997935480555,People Found,Grow,https://business.facebook.com/adsmanager/manage/ads?act=284299962222101&selected_campaign_ids=120258997914760555&selected_adset_ids=120258997915710555&selected_ad_ids=120258997935480555&date=2026-01-01_2026-06-12&insight_date=2026-01-01_2026-06-12&comparison_date=2026-01-01_2026-06-12,Tennessee Nashville Mission,,72
120235587168430052,Forecasted Cost Per Baptism,-,https://business.facebook.com/adsmanager/manage/ads?act=1819834835084037&selected_campaign_ids=120235584965340052&selected_adset_ids=120235587168460052&selected_ad_ids=120235587168430052&date=2026-01-01_2026-06-12&insight_date=2026-01-01_2026-06-12&comparison_date=2026-01-01_2026-06-12,Texas Houston East Mission,,6108.362702359
120235587168430052,Forecasted Baptisms,-,https://business.facebook.com/adsmanager/manage/ads?act=1819834835084037&selected_campaign_ids=120235584965340052&selected_adset_ids=120235587168460052&selected_ad_ids=120235587168430052&date=2026-01-01_2026-06-12&insight_date=2026-01-01_2026-06-12&comparison_date=2026-01-01_2026-06-12,Texas Houston East Mission,,1.351349574
120235587168430052,Forecasted % Found Baptized,-,https://business.facebook.com/adsmanager/manage/ads?act=1819834835084037&selected_campaign_ids=120235584965340052&selected_adset_ids=120235587168460052&selected_ad_ids=120235587168430052&date=2026-01-01_2026-06-12&insight_date=2026-01-01_2026-06-12&comparison_date=2026-01-01_2026-06-12,Texas Houston East Mission,,0.006689849
120235587168430052,% Found Baptized,-,https://business.facebook.com/adsmanager/manage/ads?act=1819834835084037&selected_campaign_ids=120235584965340052&selected_adset_ids=120235587168460052&selected_ad_ids=120235587168430052&date=2026-01-01_2026-06-12&insight_date=2026-01-01_2026-06-12&comparison_date=2026-01-01_2026-06-12,Texas Houston East Mission,,0.004950495
120235587168430052,% Found Attending Sacrament,-,https://business.facebook.com/adsmanager/manage/ads?act=1819834835084037&selected_campaign_ids=120235584965340052&selected_adset_ids=120235587168460052&selected_ad_ids=120235587168430052&date=2026-01-01_2026-06-12&insight_date=2026-01-01_2026-06-12&comparison_date=2026-01-01_2026-06-12,Texas Houston East Mission,,0.054455446
120235587168430052,People Baptized and Confirmed,-,https://business.facebook.com/adsmanager/manage/ads?act=1819834835084037&selected_campaign_ids=120235584965340052&selected_adset_ids=120235587168460052&selected_ad_ids=120235587168430052&date=2026-01-01_2026-06-12&insight_date=2026-01-01_2026-06-12&comparison_date=2026-01-01_2026-06-12,Texas Houston East Mission,,1
120235587168430052,People Who Attended Sacrament,-,https://business.facebook.com/adsmanager/manage/ads?act=1819834835084037&selected_campaign_ids=120235584965340052&selected_adset_ids=120235587168460052&selected_ad_ids=120235587168430052&date=2026-01-01_2026-06-12&insight_date=2026-01-01_2026-06-12&comparison_date=2026-01-01_2026-06-12,Texas Houston East Mission,,11
120235587168430052,New People Being Taught,-,https://business.facebook.com/adsmanager/manage/ads?act=1819834835084037&selected_campaign_ids=120235584965340052&selected_adset_ids=120235587168460052&selected_ad_ids=120235587168430052&date=2026-01-01_2026-06-12&insight_date=2026-01-01_2026-06-12&comparison_date=2026-01-01_2026-06-12,Texas Houston East Mission,,63
120235587168430052,Cost Per Facebook Lead,-,https://business.facebook.com/adsmanager/manage/ads?act=1819834835084037&selected_campaign_ids=120235584965340052&selected_adset_ids=120235587168460052&selected_ad_ids=120235587168430052&date=2026-01-01_2026-06-12&insight_date=2026-01-01_2026-06-12&comparison_date=2026-01-01_2026-06-12,Texas Houston East Mission,,29.347712728
120235587168430052,Ad Leads,-,https://business.facebook.com/adsmanager/manage/ads?act=1819834835084037&selected_campaign_ids=120235584965340052&selected_adset_ids=120235587168460052&selected_ad_ids=120235587168430052&date=2026-01-01_2026-06-12&insight_date=2026-01-01_2026-06-12&comparison_date=2026-01-01_2026-06-12,Texas Houston East Mission,,281.266666667
120235587168430052,People Found,-,https://business.facebook.com/adsmanager/manage/ads?act=1819834835084037&selected_campaign_ids=120235584965340052&selected_adset_ids=120235587168460052&selected_ad_ids=120235587168430052&date=2026-01-01_2026-06-12&insight_date=2026-01-01_2026-06-12&comparison_date=2026-01-01_2026-06-12,Texas Houston East Mission,,202
120243770029480116,Forecasted Cost Per Baptism,-,https://business.facebook.com/adsmanager/manage/ads?act=969086184816615&selected_campaign_ids=120243769956010116&selected_adset_ids=120243769956000116&selected_ad_ids=120243770029480116&date=2026-01-01_2026-06-12&insight_date=2026-01-01_2026-06-12&comparison_date=2026-01-01_2026-06-12,Michigan Detroit Mission,,5998.788002762
120243770029480116,Forecasted Baptisms,-,https://business.facebook.com/adsmanager/manage/ads?act=969086184816615&selected_campaign_ids=120243769956010116&selected_adset_ids=120243769956000116&selected_ad_ids=120243770029480116&date=2026-01-01_2026-06-12&insight_date=2026-01-01_2026-06-12&comparison_date=2026-01-01_2026-06-12,Michigan Detroit Mission,,0.510158607
120243770029480116,Forecasted % Found Baptized,-,https://business.facebook.com/adsmanager/manage/ads?act=969086184816615&selected_campaign_ids=120243769956010116&selected_adset_ids=120243769956000116&selected_ad_ids=120243770029480116&date=2026-01-01_2026-06-12&insight_date=2026-01-01_2026-06-12&comparison_date=2026-01-01_2026-06-12,Michigan Detroit Mission,,0.006376983
120243770029480116,% Found Baptized,-,https://business.facebook.com/adsmanager/manage/ads?act=969086184816615&selected_campaign_ids=120243769956010116&selected_adset_ids=120243769956000116&selected_ad_ids=120243770029480116&date=2026-01-01_2026-06-12&insight_date=2026-01-01_2026-06-12&comparison_date=2026-01-01_2026-06-12,Michigan Detroit Mission,,0.025
120243770029480116,% Found Attending Sacrament,-,https://business.facebook.com/adsmanager/manage/ads?act=969086184816615&selected_campaign_ids=120243769956010116&selected_adset_ids=120243769956000116&selected_ad_ids=120243770029480116&date=2026-01-01_2026-06-12&insight_date=2026-01-01_2026-06-12&comparison_date=2026-01-01_2026-06-12,Michigan Detroit Mission,,0.0875
120243770029480116,People Baptized and Confirmed,-,https://business.facebook.com/adsmanager/manage/ads?act=969086184816615&selected_campaign_ids=120243769956010116&selected_adset_ids=120243769956000116&selected_ad_ids=120243770029480116&date=2026-01-01_2026-06-12&insight_date=2026-01-01_2026-06-12&comparison_date=2026-01-01_2026-06-12,Michigan Detroit Mission,,2
120243770029480116,People Who Attended Sacrament,-,https://business.facebook.com/adsmanager/manage/ads?act=969086184816615&selected_campaign_ids=120243769956010116&selected_adset_ids=120243769956000116&selected_ad_ids=120243770029480116&date=2026-01-01_2026-06-12&insight_date=2026-01-01_2026-06-12&comparison_date=2026-01-01_2026-06-12,Michigan Detroit Mission,,7
120243770029480116,New People Being Taught,-,https://business.facebook.com/adsmanager/manage/ads?act=969086184816615&selected_campaign_ids=120243769956010116&selected_adset_ids=120243769956000116&selected_ad_ids=120243770029480116&date=2026-01-01_2026-06-12&insight_date=2026-01-01_2026-06-12&comparison_date=2026-01-01_2026-06-12,Michigan Detroit Mission,,21
120243770029480116,Cost Per Facebook Lead,-,https://business.facebook.com/adsmanager/manage/ads?act=969086184816615&selected_campaign_ids=120243769956010116&selected_adset_ids=120243769956000116&selected_ad_ids=120243770029480116&date=2026-01-01_2026-06-12&insight_date=2026-01-01_2026-06-12&comparison_date=2026-01-01_2026-06-12,Michigan Detroit Mission,,26.139938786
120243770029480116,Ad Leads,-,https://business.facebook.com/adsmanager/manage/ads?act=969086184816615&selected_campaign_ids=120243769956010116&selected_adset_ids=120243769956000116&selected_ad_ids=120243770029480116&date=2026-01-01_2026-06-12&insight_date=2026-01-01_2026-06-12&comparison_date=2026-01-01_2026-06-12,Michigan Detroit Mission,,117.075
120243770029480116,People Found,-,https://business.facebook.com/adsmanager/manage/ads?act=969086184816615&selected_campaign_ids=120243769956010116&selected_adset_ids=120243769956000116&selected_ad_ids=120243770029480116&date=2026-01-01_2026-06-12&insight_date=2026-01-01_2026-06-12&comparison_date=2026-01-01_2026-06-12,Michigan Detroit Mission,,80
120245670039050295,Forecasted Cost Per Baptism,-,https://business.facebook.com/adsmanager/manage/ads?act=439329213748764&selected_campaign_ids=120245669581590295&selected_adset_ids=120245669742990295&selected_ad_ids=120245670039050295&date=2026-01-01_2026-06-12&insight_date=2026-01-01_2026-06-12&comparison_date=2026-01-01_2026-06-12,Wisconsin Milwaukee Mission,,5986.724692828
120245670039050295,Forecasted Baptisms,-,https://business.facebook.com/adsmanager/manage/ads?act=439329213748764&selected_campaign_ids=120245669581590295&selected_adset_ids=120245669742990295&selected_ad_ids=120245670039050295&date=2026-01-01_2026-06-12&insight_date=2026-01-01_2026-06-12&comparison_date=2026-01-01_2026-06-12,Wisconsin Milwaukee Mission,,0.738300194
120245670039050295,Forecasted % Found Baptized,-,https://business.facebook.com/adsmanager/manage/ads?act=439329213748764&selected_campaign_ids=120245669581590295&selected_adset_ids=120245669742990295&selected_ad_ids=120245670039050295&date=2026-01-01_2026-06-12&insight_date=2026-01-01_2026-06-12&comparison_date=2026-01-01_2026-06-12,Wisconsin Milwaukee Mission,,0.006310258
120245670039050295,% Found Baptized,-,https://business.facebook.com/adsmanager/manage/ads?act=439329213748764&selected_campaign_ids=120245669581590295&selected_adset_ids=120245669742990295&selected_ad_ids=120245670039050295&date=2026-01-01_2026-06-12&insight_date=2026-01-01_2026-06-12&comparison_date=2026-01-01_2026-06-12,Wisconsin Milwaukee Mission,,0
120245670039050295,% Found Attending Sacrament,-,https://business.facebook.com/adsmanager/manage/ads?act=439329213748764&selected_campaign_ids=120245669581590295&selected_adset_ids=120245669742990295&selected_ad_ids=120245670039050295&date=2026-01-01_2026-06-12&insight_date=2026-01-01_2026-06-12&comparison_date=2026-01-01_2026-06-12,Wisconsin Milwaukee Mission,,0.025641026
120245670039050295,People Baptized and Confirmed,-,https://business.facebook.com/adsmanager/manage/ads?act=439329213748764&selected_campaign_ids=120245669581590295&selected_adset_ids=120245669742990295&selected_ad_ids=120245670039050295&date=2026-01-01_2026-06-12&insight_date=2026-01-01_2026-06-12&comparison_date=2026-01-01_2026-06-12,Wisconsin Milwaukee Mission,,0
120245670039050295,People Who Attended Sacrament,-,https://business.facebook.com/adsmanager/manage/ads?act=439329213748764&selected_campaign_ids=120245669581590295&selected_adset_ids=120245669742990295&selected_ad_ids=120245670039050295&date=2026-01-01_2026-06-12&insight_date=2026-01-01_2026-06-12&comparison_date=2026-01-01_2026-06-12,Wisconsin Milwaukee Mission,,3
120245670039050295,New People Being Taught,-,https://business.facebook.com/adsmanager/manage/ads?act=439329213748764&selected_campaign_ids=120245669581590295&selected_adset_ids=120245669742990295&selected_ad_ids=120245670039050295&date=2026-01-01_2026-06-12&insight_date=2026-01-01_2026-06-12&comparison_date=2026-01-01_2026-06-12,Wisconsin Milwaukee Mission,,27
120245670039050295,Cost Per Facebook Lead,-,https://business.facebook.com/adsmanager/manage/ads?act=439329213748764&selected_campaign_ids=120245669581590295&selected_adset_ids=120245669742990295&selected_ad_ids=120245670039050295&date=2026-01-01_2026-06-12&insight_date=2026-01-01_2026-06-12&comparison_date=2026-01-01_2026-06-12,Wisconsin Milwaukee Mission,,30.694444444
120245670039050295,Ad Leads,-,https://business.facebook.com/adsmanager/manage/ads?act=439329213748764&selected_campaign_ids=120245669581590295&selected_adset_ids=120245669742990295&selected_ad_ids=120245670039050295&date=2026-01-01_2026-06-12&insight_date=2026-01-01_2026-06-12&comparison_date=2026-01-01_2026-06-12,Wisconsin Milwaukee Mission,,144
120245670039050295,People Found,-,https://business.facebook.com/adsmanager/manage/ads?act=439329213748764&selected_campaign_ids=120245669581590295&selected_adset_ids=120245669742990295&selected_ad_ids=120245670039050295&date=2026-01-01_2026-06-12&insight_date=2026-01-01_2026-06-12&comparison_date=2026-01-01_2026-06-12,Wisconsin Milwaukee Mission,,117
120243770029130116,Forecasted Cost Per Baptism,Grow,https://business.facebook.com/adsmanager/manage/ads?act=969086184816615&selected_campaign_ids=120243769956010116&selected_adset_ids=120243769956050116&selected_ad_ids=120243770029130116&date=2026-01-01_2026-06-12&insight_date=2026-01-01_2026-06-12&comparison_date=2026-01-01_2026-06-12,Michigan Detroit Mission,,5922.377248444
120243770029130116,Forecasted Baptisms,Grow,https://business.facebook.com/adsmanager/manage/ads?act=969086184816615&selected_campaign_ids=120243769956010116&selected_adset_ids=120243769956050116&selected_ad_ids=120243770029130116&date=2026-01-01_2026-06-12&insight_date=2026-01-01_2026-06-12&comparison_date=2026-01-01_2026-06-12,Michigan Detroit Mission,,1.489603544
120243770029130116,Forecasted % Found Baptized,Grow,https://business.facebook.com/adsmanager/manage/ads?act=969086184816615&selected_campaign_ids=120243769956010116&selected_adset_ids=120243769956050116&selected_ad_ids=120243770029130116&date=2026-01-01_2026-06-12&insight_date=2026-01-01_2026-06-12&comparison_date=2026-01-01_2026-06-12,Michigan Detroit Mission,,0.007337948
120243770029130116,% Found Baptized,Grow,https://business.facebook.com/adsmanager/manage/ads?act=969086184816615&selected_campaign_ids=120243769956010116&selected_adset_ids=120243769956050116&selected_ad_ids=120243770029130116&date=2026-01-01_2026-06-12&insight_date=2026-01-01_2026-06-12&comparison_date=2026-01-01_2026-06-12,Michigan Detroit Mission,,0
120243770029130116,% Found Attending Sacrament,Grow,https://business.facebook.com/adsmanager/manage/ads?act=969086184816615&selected_campaign_ids=120243769956010116&selected_adset_ids=120243769956050116&selected_ad_ids=120243770029130116&date=2026-01-01_2026-06-12&insight_date=2026-01-01_2026-06-12&comparison_date=2026-01-01_2026-06-12,Michigan Detroit Mission,,0.059113300
120243770029130116,People Baptized and Confirmed,Grow,https://business.facebook.com/adsmanager/manage/ads?act=969086184816615&selected_campaign_ids=120243769956010116&selected_adset_ids=120243769956050116&selected_ad_ids=120243770029130116&date=2026-01-01_2026-06-12&insight_date=2026-01-01_2026-06-12&comparison_date=2026-01-01_2026-06-12,Michigan Detroit Mission,,0
120243770029130116,People Who Attended Sacrament,Grow,https://business.facebook.com/adsmanager/manage/ads?act=969086184816615&selected_campaign_ids=120243769956010116&selected_adset_ids=120243769956050116&selected_ad_ids=120243770029130116&date=2026-01-01_2026-06-12&insight_date=2026-01-01_2026-06-12&comparison_date=2026-01-01_2026-06-12,Michigan Detroit Mission,,12
120243770029130116,New People Being Taught,Grow,https://business.facebook.com/adsmanager/manage/ads?act=969086184816615&selected_campaign_ids=120243769956010116&selected_adset_ids=120243769956050116&selected_ad_ids=120243770029130116&date=2026-01-01_2026-06-12&insight_date=2026-01-01_2026-06-12&comparison_date=2026-01-01_2026-06-12,Michigan Detroit Mission,,67
120243770029130116,Cost Per Facebook Lead,Grow,https://business.facebook.com/adsmanager/manage/ads?act=969086184816615&selected_campaign_ids=120243769956010116&selected_adset_ids=120243769956050116&selected_ad_ids=120243770029130116&date=2026-01-01_2026-06-12&insight_date=2026-01-01_2026-06-12&comparison_date=2026-01-01_2026-06-12,Michigan Detroit Mission,,28.206204499
120243770029130116,Ad Leads,Grow,https://business.facebook.com/adsmanager/manage/ads?act=969086184816615&selected_campaign_ids=120243769956010116&selected_adset_ids=120243769956050116&selected_ad_ids=120243770029130116&date=2026-01-01_2026-06-12&insight_date=2026-01-01_2026-06-12&comparison_date=2026-01-01_2026-06-12,Michigan Detroit Mission,,312.767857143
120243770029130116,People Found,Grow,https://business.facebook.com/adsmanager/manage/ads?act=969086184816615&selected_campaign_ids=120243769956010116&selected_adset_ids=120243769956050116&selected_ad_ids=120243770029130116&date=2026-01-01_2026-06-12&insight_date=2026-01-01_2026-06-12&comparison_date=2026-01-01_2026-06-12,Michigan Detroit Mission,,203
120245089223110360,Forecasted Cost Per Baptism,-,https://business.facebook.com/adsmanager/manage/ads?act=1566346430181695&selected_campaign_ids=120245083325970360&selected_adset_ids=120245089223120360&selected_ad_ids=120245089223110360&date=2026-01-01_2026-06-12&insight_date=2026-01-01_2026-06-12&comparison_date=2026-01-01_2026-06-12,Tennessee Nashville Mission,,5916.751728198
120245089223110360,Forecasted Baptisms,-,https://business.facebook.com/adsmanager/manage/ads?act=1566346430181695&selected_campaign_ids=120245083325970360&selected_adset_ids=120245089223120360&selected_ad_ids=120245089223110360&date=2026-01-01_2026-06-12&insight_date=2026-01-01_2026-06-12&comparison_date=2026-01-01_2026-06-12,Tennessee Nashville Mission,,0.822707287
120245089223110360,Forecasted % Found Baptized,-,https://business.facebook.com/adsmanager/manage/ads?act=1566346430181695&selected_campaign_ids=120245083325970360&selected_adset_ids=120245089223120360&selected_ad_ids=120245089223110360&date=2026-01-01_2026-06-12&insight_date=2026-01-01_2026-06-12&comparison_date=2026-01-01_2026-06-12,Tennessee Nashville Mission,,0.007031686
120245089223110360,% Found Baptized,-,https://business.facebook.com/adsmanager/manage/ads?act=1566346430181695&selected_campaign_ids=120245083325970360&selected_adset_ids=120245089223120360&selected_ad_ids=120245089223110360&date=2026-01-01_2026-06-12&insight_date=2026-01-01_2026-06-12&comparison_date=2026-01-01_2026-06-12,Tennessee Nashville Mission,,0
120245089223110360,% Found Attending Sacrament,-,https://business.facebook.com/adsmanager/manage/ads?act=1566346430181695&selected_campaign_ids=120245083325970360&selected_adset_ids=120245089223120360&selected_ad_ids=120245089223110360&date=2026-01-01_2026-06-12&insight_date=2026-01-01_2026-06-12&comparison_date=2026-01-01_2026-06-12,Tennessee Nashville Mission,,0.042735043
120245089223110360,People Baptized and Confirmed,-,https://business.facebook.com/adsmanager/manage/ads?act=1566346430181695&selected_campaign_ids=120245083325970360&selected_adset_ids=120245089223120360&selected_ad_ids=120245089223110360&date=2026-01-01_2026-06-12&insight_date=2026-01-01_2026-06-12&comparison_date=2026-01-01_2026-06-12,Tennessee Nashville Mission,,0
120245089223110360,People Who Attended Sacrament,-,https://business.facebook.com/adsmanager/manage/ads?act=1566346430181695&selected_campaign_ids=120245083325970360&selected_adset_ids=120245089223120360&selected_ad_ids=120245089223110360&date=2026-01-01_2026-06-12&insight_date=2026-01-01_2026-06-12&comparison_date=2026-01-01_2026-06-12,Tennessee Nashville Mission,,5
120245089223110360,New People Being Taught,-,https://business.facebook.com/adsmanager/manage/ads?act=1566346430181695&selected_campaign_ids=120245083325970360&selected_adset_ids=120245089223120360&selected_ad_ids=120245089223110360&date=2026-01-01_2026-06-12&insight_date=2026-01-01_2026-06-12&comparison_date=2026-01-01_2026-06-12,Tennessee Nashville Mission,,35
120245089223110360,Cost Per Facebook Lead,-,https://business.facebook.com/adsmanager/manage/ads?act=1566346430181695&selected_campaign_ids=120245083325970360&selected_adset_ids=120245089223120360&selected_ad_ids=120245089223110360&date=2026-01-01_2026-06-12&insight_date=2026-01-01_2026-06-12&comparison_date=2026-01-01_2026-06-12,Tennessee Nashville Mission,,31.367767771
120245089223110360,Ad Leads,-,https://business.facebook.com/adsmanager/manage/ads?act=1566346430181695&selected_campaign_ids=120245083325970360&selected_adset_ids=120245089223120360&selected_ad_ids=120245089223110360&date=2026-01-01_2026-06-12&insight_date=2026-01-01_2026-06-12&comparison_date=2026-01-01_2026-06-12,Tennessee Nashville Mission,,155.183333333
120245089223110360,People Found,-,https://business.facebook.com/adsmanager/manage/ads?act=1566346430181695&selected_campaign_ids=120245083325970360&selected_adset_ids=120245089223120360&selected_ad_ids=120245089223110360&date=2026-01-01_2026-06-12&insight_date=2026-01-01_2026-06-12&comparison_date=2026-01-01_2026-06-12,Tennessee Nashville Mission,,117
120237860337830218,Forecasted Cost Per Baptism,Grow,https://business.facebook.com/adsmanager/manage/ads?act=2690826994537559&selected_campaign_ids=120237860337560218&selected_adset_ids=120237860337760218&selected_ad_ids=120237860337830218&date=2026-01-01_2026-06-12&insight_date=2026-01-01_2026-06-12&comparison_date=2026-01-01_2026-06-12,California San Jose Mission,,5895.378940258
120237860337830218,Forecasted Baptisms,Grow,https://business.facebook.com/adsmanager/manage/ads?act=2690826994537559&selected_campaign_ids=120237860337560218&selected_adset_ids=120237860337760218&selected_ad_ids=120237860337830218&date=2026-01-01_2026-06-12&insight_date=2026-01-01_2026-06-12&comparison_date=2026-01-01_2026-06-12,California San Jose Mission,,1.675433775
120237860337830218,Forecasted % Found Baptized,Grow,https://business.facebook.com/adsmanager/manage/ads?act=2690826994537559&selected_campaign_ids=120237860337560218&selected_adset_ids=120237860337760218&selected_ad_ids=120237860337830218&date=2026-01-01_2026-06-12&insight_date=2026-01-01_2026-06-12&comparison_date=2026-01-01_2026-06-12,California San Jose Mission,,0.015093998
120237860337830218,% Found Baptized,Grow,https://business.facebook.com/adsmanager/manage/ads?act=2690826994537559&selected_campaign_ids=120237860337560218&selected_adset_ids=120237860337760218&selected_ad_ids=120237860337830218&date=2026-01-01_2026-06-12&insight_date=2026-01-01_2026-06-12&comparison_date=2026-01-01_2026-06-12,California San Jose Mission,,0.018018018
120237860337830218,% Found Attending Sacrament,Grow,https://business.facebook.com/adsmanager/manage/ads?act=2690826994537559&selected_campaign_ids=120237860337560218&selected_adset_ids=120237860337760218&selected_ad_ids=120237860337830218&date=2026-01-01_2026-06-12&insight_date=2026-01-01_2026-06-12&comparison_date=2026-01-01_2026-06-12,California San Jose Mission,,0.117117117
120237860337830218,People Baptized and Confirmed,Grow,https://business.facebook.com/adsmanager/manage/ads?act=2690826994537559&selected_campaign_ids=120237860337560218&selected_adset_ids=120237860337760218&selected_ad_ids=120237860337830218&date=2026-01-01_2026-06-12&insight_date=2026-01-01_2026-06-12&comparison_date=2026-01-01_2026-06-12,California San Jose Mission,,2
120237860337830218,People Who Attended Sacrament,Grow,https://business.facebook.com/adsmanager/manage/ads?act=2690826994537559&selected_campaign_ids=120237860337560218&selected_adset_ids=120237860337760218&selected_ad_ids=120237860337830218&date=2026-01-01_2026-06-12&insight_date=2026-01-01_2026-06-12&comparison_date=2026-01-01_2026-06-12,California San Jose Mission,,13
120237860337830218,New People Being Taught,Grow,https://business.facebook.com/adsmanager/manage/ads?act=2690826994537559&selected_campaign_ids=120237860337560218&selected_adset_ids=120237860337760218&selected_ad_ids=120237860337830218&date=2026-01-01_2026-06-12&insight_date=2026-01-01_2026-06-12&comparison_date=2026-01-01_2026-06-12,California San Jose Mission,,41
120237860337830218,Cost Per Facebook Lead,Grow,https://business.facebook.com/adsmanager/manage/ads?act=2690826994537559&selected_campaign_ids=120237860337560218&selected_adset_ids=120237860337760218&selected_ad_ids=120237860337830218&date=2026-01-01_2026-06-12&insight_date=2026-01-01_2026-06-12&comparison_date=2026-01-01_2026-06-12,California San Jose Mission,,49.988968254
120237860337830218,Ad Leads,Grow,https://business.facebook.com/adsmanager/manage/ads?act=2690826994537559&selected_campaign_ids=120237860337560218&selected_adset_ids=120237860337760218&selected_ad_ids=120237860337830218&date=2026-01-01_2026-06-12&insight_date=2026-01-01_2026-06-12&comparison_date=2026-01-01_2026-06-12,California San Jose Mission,,197.589935065
120237860337830218,People Found,Grow,https://business.facebook.com/adsmanager/manage/ads?act=2690826994537559&selected_campaign_ids=120237860337560218&selected_adset_ids=120237860337760218&selected_ad_ids=120237860337830218&date=2026-01-01_2026-06-12&insight_date=2026-01-01_2026-06-12&comparison_date=2026-01-01_2026-06-12,California San Jose Mission,,111
120247506902200360,Forecasted Cost Per Baptism,Grow,https://business.facebook.com/adsmanager/manage/ads?act=1566346430181695&selected_campaign_ids=120247506902210360&selected_adset_ids=120247506902250360&selected_ad_ids=120247506902200360&date=2026-01-01_2026-06-12&insight_date=2026-01-01_2026-06-12&comparison_date=2026-01-01_2026-06-12,Iowa Iowa City Mission,,5841.244113527
120247506902200360,Forecasted Baptisms,Grow,https://business.facebook.com/adsmanager/manage/ads?act=1566346430181695&selected_campaign_ids=120247506902210360&selected_adset_ids=120247506902250360&selected_ad_ids=120247506902200360&date=2026-01-01_2026-06-12&insight_date=2026-01-01_2026-06-12&comparison_date=2026-01-01_2026-06-12,Iowa Iowa City Mission,,0.668008377
120247506902200360,Forecasted % Found Baptized,Grow,https://business.facebook.com/adsmanager/manage/ads?act=1566346430181695&selected_campaign_ids=120247506902210360&selected_adset_ids=120247506902250360&selected_ad_ids=120247506902200360&date=2026-01-01_2026-06-12&insight_date=2026-01-01_2026-06-12&comparison_date=2026-01-01_2026-06-12,Iowa Iowa City Mission,,0.008048294
120247506902200360,% Found Baptized,Grow,https://business.facebook.com/adsmanager/manage/ads?act=1566346430181695&selected_campaign_ids=120247506902210360&selected_adset_ids=120247506902250360&selected_ad_ids=120247506902200360&date=2026-01-01_2026-06-12&insight_date=2026-01-01_2026-06-12&comparison_date=2026-01-01_2026-06-12,Iowa Iowa City Mission,,0
120247506902200360,% Found Attending Sacrament,Grow,https://business.facebook.com/adsmanager/manage/ads?act=1566346430181695&selected_campaign_ids=120247506902210360&selected_adset_ids=120247506902250360&selected_ad_ids=120247506902200360&date=2026-01-01_2026-06-12&insight_date=2026-01-01_2026-06-12&comparison_date=2026-01-01_2026-06-12,Iowa Iowa City Mission,,0.108433735
120247506902200360,People Baptized and Confirmed,Grow,https://business.facebook.com/adsmanager/manage/ads?act=1566346430181695&selected_campaign_ids=120247506902210360&selected_adset_ids=120247506902250360&selected_ad_ids=120247506902200360&date=2026-01-01_2026-06-12&insight_date=2026-01-01_2026-06-12&comparison_date=2026-01-01_2026-06-12,Iowa Iowa City Mission,,0
120247506902200360,People Who Attended Sacrament,Grow,https://business.facebook.com/adsmanager/manage/ads?act=1566346430181695&selected_campaign_ids=120247506902210360&selected_adset_ids=120247506902250360&selected_ad_ids=120247506902200360&date=2026-01-01_2026-06-12&insight_date=2026-01-01_2026-06-12&comparison_date=2026-01-01_2026-06-12,Iowa Iowa City Mission,,9
120247506902200360,New People Being Taught,Grow,https://business.facebook.com/adsmanager/manage/ads?act=1566346430181695&selected_campaign_ids=120247506902210360&selected_adset_ids=120247506902250360&selected_ad_ids=120247506902200360&date=2026-01-01_2026-06-12&insight_date=2026-01-01_2026-06-12&comparison_date=2026-01-01_2026-06-12,Iowa Iowa City Mission,,18
120247506902200360,Cost Per Facebook Lead,Grow,https://business.facebook.com/adsmanager/manage/ads?act=1566346430181695&selected_campaign_ids=120247506902210360&selected_adset_ids=120247506902250360&selected_ad_ids=120247506902200360&date=2026-01-01_2026-06-12&insight_date=2026-01-01_2026-06-12&comparison_date=2026-01-01_2026-06-12,Iowa Iowa City Mission,,29.119402985
120247506902200360,Ad Leads,Grow,https://business.facebook.com/adsmanager/manage/ads?act=1566346430181695&selected_campaign_ids=120247506902210360&selected_adset_ids=120247506902250360&selected_ad_ids=120247506902200360&date=2026-01-01_2026-06-12&insight_date=2026-01-01_2026-06-12&comparison_date=2026-01-01_2026-06-12,Iowa Iowa City Mission,,134
120247506902200360,People Found,Grow,https://business.facebook.com/adsmanager/manage/ads?act=1566346430181695&selected_campaign_ids=120247506902210360&selected_adset_ids=120247506902250360&selected_ad_ids=120247506902200360&date=2026-01-01_2026-06-12&insight_date=2026-01-01_2026-06-12&comparison_date=2026-01-01_2026-06-12,Iowa Iowa City Mission,,83
120241354941310052,Forecasted Cost Per Baptism,-,https://business.facebook.com/adsmanager/manage/ads?act=1819834835084037&selected_campaign_ids=120241352622510052&selected_adset_ids=120241353251410052&selected_ad_ids=120241354941310052&date=2026-01-01_2026-06-12&insight_date=2026-01-01_2026-06-12&comparison_date=2026-01-01_2026-06-12,Texas Houston East Mission,,5813.674910682
120241354941310052,Forecasted Baptisms,-,https://business.facebook.com/adsmanager/manage/ads?act=1819834835084037&selected_campaign_ids=120241352622510052&selected_adset_ids=120241353251410052&selected_ad_ids=120241354941310052&date=2026-01-01_2026-06-12&insight_date=2026-01-01_2026-06-12&comparison_date=2026-01-01_2026-06-12,Texas Houston East Mission,,0.809866610
120241354941310052,Forecasted % Found Baptized,-,https://business.facebook.com/adsmanager/manage/ads?act=1819834835084037&selected_campaign_ids=120241352622510052&selected_adset_ids=120241353251410052&selected_ad_ids=120241354941310052&date=2026-01-01_2026-06-12&insight_date=2026-01-01_2026-06-12&comparison_date=2026-01-01_2026-06-12,Texas Houston East Mission,,0.006043781
120241354941310052,% Found Baptized,-,https://business.facebook.com/adsmanager/manage/ads?act=1819834835084037&selected_campaign_ids=120241352622510052&selected_adset_ids=120241353251410052&selected_ad_ids=120241354941310052&date=2026-01-01_2026-06-12&insight_date=2026-01-01_2026-06-12&comparison_date=2026-01-01_2026-06-12,Texas Houston East Mission,,0.007462687
120241354941310052,% Found Attending Sacrament,-,https://business.facebook.com/adsmanager/manage/ads?act=1819834835084037&selected_campaign_ids=120241352622510052&selected_adset_ids=120241353251410052&selected_ad_ids=120241354941310052&date=2026-01-01_2026-06-12&insight_date=2026-01-01_2026-06-12&comparison_date=2026-01-01_2026-06-12,Texas Houston East Mission,,0.052238806
120241354941310052,People Baptized and Confirmed,-,https://business.facebook.com/adsmanager/manage/ads?act=1819834835084037&selected_campaign_ids=120241352622510052&selected_adset_ids=120241353251410052&selected_ad_ids=120241354941310052&date=2026-01-01_2026-06-12&insight_date=2026-01-01_2026-06-12&comparison_date=2026-01-01_2026-06-12,Texas Houston East Mission,,1
120241354941310052,People Who Attended Sacrament,-,https://business.facebook.com/adsmanager/manage/ads?act=1819834835084037&selected_campaign_ids=120241352622510052&selected_adset_ids=120241353251410052&selected_ad_ids=120241354941310052&date=2026-01-01_2026-06-12&insight_date=2026-01-01_2026-06-12&comparison_date=2026-01-01_2026-06-12,Texas Houston East Mission,,7
120241354941310052,New People Being Taught,-,https://business.facebook.com/adsmanager/manage/ads?act=1819834835084037&selected_campaign_ids=120241352622510052&selected_adset_ids=120241353251410052&selected_ad_ids=120241354941310052&date=2026-01-01_2026-06-12&insight_date=2026-01-01_2026-06-12&comparison_date=2026-01-01_2026-06-12,Texas Houston East Mission,,37
120241354941310052,Cost Per Facebook Lead,-,https://business.facebook.com/adsmanager/manage/ads?act=1819834835084037&selected_campaign_ids=120241352622510052&selected_adset_ids=120241353251410052&selected_ad_ids=120241354941310052&date=2026-01-01_2026-06-12&insight_date=2026-01-01_2026-06-12&comparison_date=2026-01-01_2026-06-12,Texas Houston East Mission,,29.672237700
120241354941310052,Ad Leads,-,https://business.facebook.com/adsmanager/manage/ads?act=1819834835084037&selected_campaign_ids=120241352622510052&selected_adset_ids=120241353251410052&selected_ad_ids=120241354941310052&date=2026-01-01_2026-06-12&insight_date=2026-01-01_2026-06-12&comparison_date=2026-01-01_2026-06-12,Texas Houston East Mission,,158.676984127
120241354941310052,People Found,-,https://business.facebook.com/adsmanager/manage/ads?act=1819834835084037&selected_campaign_ids=120241352622510052&selected_adset_ids=120241353251410052&selected_ad_ids=120241354941310052&date=2026-01-01_2026-06-12&insight_date=2026-01-01_2026-06-12&comparison_date=2026-01-01_2026-06-12,Texas Houston East Mission,,134
120242530345890116,Forecasted Cost Per Baptism,-,https://business.facebook.com/adsmanager/manage/ads?act=969086184816615&selected_campaign_ids=120242530345840116&selected_adset_ids=120242530345980116&selected_ad_ids=120242530345890116&date=2026-01-01_2026-06-12&insight_date=2026-01-01_2026-06-12&comparison_date=2026-01-01_2026-06-12,Michigan Detroit Mission,,5807.961035253
120242530345890116,Forecasted Baptisms,-,https://business.facebook.com/adsmanager/manage/ads?act=969086184816615&selected_campaign_ids=120242530345840116&selected_adset_ids=120242530345980116&selected_ad_ids=120242530345890116&date=2026-01-01_2026-06-12&insight_date=2026-01-01_2026-06-12&comparison_date=2026-01-01_2026-06-12,Michigan Detroit Mission,,0.749604514
120242530345890116,Forecasted % Found Baptized,-,https://business.facebook.com/adsmanager/manage/ads?act=969086184816615&selected_campaign_ids=120242530345840116&selected_adset_ids=120242530345980116&selected_ad_ids=120242530345890116&date=2026-01-01_2026-06-12&insight_date=2026-01-01_2026-06-12&comparison_date=2026-01-01_2026-06-12,Michigan Detroit Mission,,0.008237412
120242530345890116,% Found Baptized,-,https://business.facebook.com/adsmanager/manage/ads?act=969086184816615&selected_campaign_ids=120242530345840116&selected_adset_ids=120242530345980116&selected_ad_ids=120242530345890116&date=2026-01-01_2026-06-12&insight_date=2026-01-01_2026-06-12&comparison_date=2026-01-01_2026-06-12,Michigan Detroit Mission,,0
120242530345890116,% Found Attending Sacrament,-,https://business.facebook.com/adsmanager/manage/ads?act=969086184816615&selected_campaign_ids=120242530345840116&selected_adset_ids=120242530345980116&selected_ad_ids=120242530345890116&date=2026-01-01_2026-06-12&insight_date=2026-01-01_2026-06-12&comparison_date=2026-01-01_2026-06-12,Michigan Detroit Mission,,0.076923077
120242530345890116,People Baptized and Confirmed,-,https://business.facebook.com/adsmanager/manage/ads?act=969086184816615&selected_campaign_ids=120242530345840116&selected_adset_ids=120242530345980116&selected_ad_ids=120242530345890116&date=2026-01-01_2026-06-12&insight_date=2026-01-01_2026-06-12&comparison_date=2026-01-01_2026-06-12,Michigan Detroit Mission,,0
120242530345890116,People Who Attended Sacrament,-,https://business.facebook.com/adsmanager/manage/ads?act=969086184816615&selected_campaign_ids=120242530345840116&selected_adset_ids=120242530345980116&selected_ad_ids=120242530345890116&date=2026-01-01_2026-06-12&insight_date=2026-01-01_2026-06-12&comparison_date=2026-01-01_2026-06-12,Michigan Detroit Mission,,7
120242530345890116,New People Being Taught,-,https://business.facebook.com/adsmanager/manage/ads?act=969086184816615&selected_campaign_ids=120242530345840116&selected_adset_ids=120242530345980116&selected_ad_ids=120242530345890116&date=2026-01-01_2026-06-12&insight_date=2026-01-01_2026-06-12&comparison_date=2026-01-01_2026-06-12,Michigan Detroit Mission,,44
120242530345890116,Cost Per Facebook Lead,-,https://business.facebook.com/adsmanager/manage/ads?act=969086184816615&selected_campaign_ids=120242530345840116&selected_adset_ids=120242530345980116&selected_ad_ids=120242530345890116&date=2026-01-01_2026-06-12&insight_date=2026-01-01_2026-06-12&comparison_date=2026-01-01_2026-06-12,Michigan Detroit Mission,,39.235752296
120242530345890116,Ad Leads,-,https://business.facebook.com/adsmanager/manage/ads?act=969086184816615&selected_campaign_ids=120242530345840116&selected_adset_ids=120242530345980116&selected_ad_ids=120242530345890116&date=2026-01-01_2026-06-12&insight_date=2026-01-01_2026-06-12&comparison_date=2026-01-01_2026-06-12,Michigan Detroit Mission,,110.961904762
120242530345890116,People Found,-,https://business.facebook.com/adsmanager/manage/ads?act=969086184816615&selected_campaign_ids=120242530345840116&selected_adset_ids=120242530345980116&selected_ad_ids=120242530345890116&date=2026-01-01_2026-06-12&insight_date=2026-01-01_2026-06-12&comparison_date=2026-01-01_2026-06-12,Michigan Detroit Mission,,91
120245781708390116,Forecasted Cost Per Baptism,-,https://business.facebook.com/adsmanager/manage/ads?act=969086184816615&selected_campaign_ids=120245775446940116&selected_adset_ids=120245775446730116&selected_ad_ids=120245781708390116&date=2026-01-01_2026-06-12&insight_date=2026-01-01_2026-06-12&comparison_date=2026-01-01_2026-06-12,Tennessee Nashville Mission,,5795.382895792
120245781708390116,Forecasted Baptisms,-,https://business.facebook.com/adsmanager/manage/ads?act=969086184816615&selected_campaign_ids=120245775446940116&selected_adset_ids=120245775446730116&selected_ad_ids=120245781708390116&date=2026-01-01_2026-06-12&insight_date=2026-01-01_2026-06-12&comparison_date=2026-01-01_2026-06-12,Tennessee Nashville Mission,,0.324568719
120245781708390116,Forecasted % Found Baptized,-,https://business.facebook.com/adsmanager/manage/ads?act=969086184816615&selected_campaign_ids=120245775446940116&selected_adset_ids=120245775446730116&selected_ad_ids=120245781708390116&date=2026-01-01_2026-06-12&insight_date=2026-01-01_2026-06-12&comparison_date=2026-01-01_2026-06-12,Tennessee Nashville Mission,,0.008541282
120245781708390116,% Found Baptized,-,https://business.facebook.com/adsmanager/manage/ads?act=969086184816615&selected_campaign_ids=120245775446940116&selected_adset_ids=120245775446730116&selected_ad_ids=120245781708390116&date=2026-01-01_2026-06-12&insight_date=2026-01-01_2026-06-12&comparison_date=2026-01-01_2026-06-12,Tennessee Nashville Mission,,0.026315789
120245781708390116,% Found Attending Sacrament,-,https://business.facebook.com/adsmanager/manage/ads?act=969086184816615&selected_campaign_ids=120245775446940116&selected_adset_ids=120245775446730116&selected_ad_ids=120245781708390116&date=2026-01-01_2026-06-12&insight_date=2026-01-01_2026-06-12&comparison_date=2026-01-01_2026-06-12,Tennessee Nashville Mission,,0.078947368
120245781708390116,People Baptized and Confirmed,-,https://business.facebook.com/adsmanager/manage/ads?act=969086184816615&selected_campaign_ids=120245775446940116&selected_adset_ids=120245775446730116&selected_ad_ids=120245781708390116&date=2026-01-01_2026-06-12&insight_date=2026-01-01_2026-06-12&comparison_date=2026-01-01_2026-06-12,Tennessee Nashville Mission,,1
120245781708390116,People Who Attended Sacrament,-,https://business.facebook.com/adsmanager/manage/ads?act=969086184816615&selected_campaign_ids=120245775446940116&selected_adset_ids=120245775446730116&selected_ad_ids=120245781708390116&date=2026-01-01_2026-06-12&insight_date=2026-01-01_2026-06-12&comparison_date=2026-01-01_2026-06-12,Tennessee Nashville Mission,,3
120245781708390116,New People Being Taught,-,https://business.facebook.com/adsmanager/manage/ads?act=969086184816615&selected_campaign_ids=120245775446940116&selected_adset_ids=120245775446730116&selected_ad_ids=120245781708390116&date=2026-01-01_2026-06-12&insight_date=2026-01-01_2026-06-12&comparison_date=2026-01-01_2026-06-12,Tennessee Nashville Mission,,13
120245781708390116,Cost Per Facebook Lead,-,https://business.facebook.com/adsmanager/manage/ads?act=969086184816615&selected_campaign_ids=120245775446940116&selected_adset_ids=120245775446730116&selected_ad_ids=120245781708390116&date=2026-01-01_2026-06-12&insight_date=2026-01-01_2026-06-12&comparison_date=2026-01-01_2026-06-12,Tennessee Nashville Mission,,37.62
120245781708390116,Ad Leads,-,https://business.facebook.com/adsmanager/manage/ads?act=969086184816615&selected_campaign_ids=120245775446940116&selected_adset_ids=120245775446730116&selected_ad_ids=120245781708390116&date=2026-01-01_2026-06-12&insight_date=2026-01-01_2026-06-12&comparison_date=2026-01-01_2026-06-12,Tennessee Nashville Mission,,50
120245781708390116,People Found,-,https://business.facebook.com/adsmanager/manage/ads?act=969086184816615&selected_campaign_ids=120245775446940116&selected_adset_ids=120245775446730116&selected_ad_ids=120245781708390116&date=2026-01-01_2026-06-12&insight_date=2026-01-01_2026-06-12&comparison_date=2026-01-01_2026-06-12,Tennessee Nashville Mission,,38
120237065492030727,Forecasted Cost Per Baptism,-,https://business.facebook.com/adsmanager/manage/ads?act=238929060375046&selected_campaign_ids=120236991060150727&selected_adset_ids=120237065224760727&selected_ad_ids=120237065492030727&date=2026-01-01_2026-06-12&insight_date=2026-01-01_2026-06-12&comparison_date=2026-01-01_2026-06-12,Nevada Reno Mission,,5700.642960931
120237065492030727,Forecasted Baptisms,-,https://business.facebook.com/adsmanager/manage/ads?act=238929060375046&selected_campaign_ids=120236991060150727&selected_adset_ids=120237065224760727&selected_ad_ids=120237065492030727&date=2026-01-01_2026-06-12&insight_date=2026-01-01_2026-06-12&comparison_date=2026-01-01_2026-06-12,Nevada Reno Mission,,2.068862022
120237065492030727,Forecasted % Found Baptized,-,https://business.facebook.com/adsmanager/manage/ads?act=238929060375046&selected_campaign_ids=120236991060150727&selected_adset_ids=120237065224760727&selected_ad_ids=120237065492030727&date=2026-01-01_2026-06-12&insight_date=2026-01-01_2026-06-12&comparison_date=2026-01-01_2026-06-12,Nevada Reno Mission,,0.006738964
120237065492030727,% Found Baptized,-,https://business.facebook.com/adsmanager/manage/ads?act=238929060375046&selected_campaign_ids=120236991060150727&selected_adset_ids=120237065224760727&selected_ad_ids=120237065492030727&date=2026-01-01_2026-06-12&insight_date=2026-01-01_2026-06-12&comparison_date=2026-01-01_2026-06-12,Nevada Reno Mission,,0
120237065492030727,% Found Attending Sacrament,-,https://business.facebook.com/adsmanager/manage/ads?act=238929060375046&selected_campaign_ids=120236991060150727&selected_adset_ids=120237065224760727&selected_ad_ids=120237065492030727&date=2026-01-01_2026-06-12&insight_date=2026-01-01_2026-06-12&comparison_date=2026-01-01_2026-06-12,Nevada Reno Mission,,0.026058632
120237065492030727,People Baptized and Confirmed,-,https://business.facebook.com/adsmanager/manage/ads?act=238929060375046&selected_campaign_ids=120236991060150727&selected_adset_ids=120237065224760727&selected_ad_ids=120237065492030727&date=2026-01-01_2026-06-12&insight_date=2026-01-01_2026-06-12&comparison_date=2026-01-01_2026-06-12,Nevada Reno Mission,,0
120237065492030727,People Who Attended Sacrament,-,https://business.facebook.com/adsmanager/manage/ads?act=238929060375046&selected_campaign_ids=120236991060150727&selected_adset_ids=120237065224760727&selected_ad_ids=120237065492030727&date=2026-01-01_2026-06-12&insight_date=2026-01-01_2026-06-12&comparison_date=2026-01-01_2026-06-12,Nevada Reno Mission,,8
120237065492030727,New People Being Taught,-,https://business.facebook.com/adsmanager/manage/ads?act=238929060375046&selected_campaign_ids=120236991060150727&selected_adset_ids=120237065224760727&selected_ad_ids=120237065492030727&date=2026-01-01_2026-06-12&insight_date=2026-01-01_2026-06-12&comparison_date=2026-01-01_2026-06-12,Nevada Reno Mission,,82
120237065492030727,Cost Per Facebook Lead,-,https://business.facebook.com/adsmanager/manage/ads?act=238929060375046&selected_campaign_ids=120236991060150727&selected_adset_ids=120237065224760727&selected_ad_ids=120237065492030727&date=2026-01-01_2026-06-12&insight_date=2026-01-01_2026-06-12&comparison_date=2026-01-01_2026-06-12,Nevada Reno Mission,,31.214205076
120237065492030727,Ad Leads,-,https://business.facebook.com/adsmanager/manage/ads?act=238929060375046&selected_campaign_ids=120236991060150727&selected_adset_ids=120237065224760727&selected_ad_ids=120237065492030727&date=2026-01-01_2026-06-12&insight_date=2026-01-01_2026-06-12&comparison_date=2026-01-01_2026-06-12,Nevada Reno Mission,,377.835786436
120237065492030727,People Found,-,https://business.facebook.com/adsmanager/manage/ads?act=238929060375046&selected_campaign_ids=120236991060150727&selected_adset_ids=120237065224760727&selected_ad_ids=120237065492030727&date=2026-01-01_2026-06-12&insight_date=2026-01-01_2026-06-12&comparison_date=2026-01-01_2026-06-12,Nevada Reno Mission,,307
120242669089000116,Forecasted Cost Per Baptism,-,https://business.facebook.com/adsmanager/manage/ads?act=969086184816615&selected_campaign_ids=120242530345840116&selected_adset_ids=120242669088980116&selected_ad_ids=120242669089000116&date=2026-01-01_2026-06-12&insight_date=2026-01-01_2026-06-12&comparison_date=2026-01-01_2026-06-12,Michigan Detroit Mission,,5652.982452084
120242669089000116,Forecasted Baptisms,-,https://business.facebook.com/adsmanager/manage/ads?act=969086184816615&selected_campaign_ids=120242530345840116&selected_adset_ids=120242669088980116&selected_ad_ids=120242669089000116&date=2026-01-01_2026-06-12&insight_date=2026-01-01_2026-06-12&comparison_date=2026-01-01_2026-06-12,Michigan Detroit Mission,,0.935474307
120242669089000116,Forecasted % Found Baptized,-,https://business.facebook.com/adsmanager/manage/ads?act=969086184816615&selected_campaign_ids=120242530345840116&selected_adset_ids=120242669088980116&selected_ad_ids=120242669089000116&date=2026-01-01_2026-06-12&insight_date=2026-01-01_2026-06-12&comparison_date=2026-01-01_2026-06-12,Michigan Detroit Mission,,0.008278534
120242669089000116,% Found Baptized,-,https://business.facebook.com/adsmanager/manage/ads?act=969086184816615&selected_campaign_ids=120242530345840116&selected_adset_ids=120242669088980116&selected_ad_ids=120242669089000116&date=2026-01-01_2026-06-12&insight_date=2026-01-01_2026-06-12&comparison_date=2026-01-01_2026-06-12,Michigan Detroit Mission,,0.008849558
120242669089000116,% Found Attending Sacrament,-,https://business.facebook.com/adsmanager/manage/ads?act=969086184816615&selected_campaign_ids=120242530345840116&selected_adset_ids=120242669088980116&selected_ad_ids=120242669089000116&date=2026-01-01_2026-06-12&insight_date=2026-01-01_2026-06-12&comparison_date=2026-01-01_2026-06-12,Michigan Detroit Mission,,0.061946903
120242669089000116,People Baptized and Confirmed,-,https://business.facebook.com/adsmanager/manage/ads?act=969086184816615&selected_campaign_ids=120242530345840116&selected_adset_ids=120242669088980116&selected_ad_ids=120242669089000116&date=2026-01-01_2026-06-12&insight_date=2026-01-01_2026-06-12&comparison_date=2026-01-01_2026-06-12,Michigan Detroit Mission,,1
120242669089000116,People Who Attended Sacrament,-,https://business.facebook.com/adsmanager/manage/ads?act=969086184816615&selected_campaign_ids=120242530345840116&selected_adset_ids=120242669088980116&selected_ad_ids=120242669089000116&date=2026-01-01_2026-06-12&insight_date=2026-01-01_2026-06-12&comparison_date=2026-01-01_2026-06-12,Michigan Detroit Mission,,7
120242669089000116,New People Being Taught,-,https://business.facebook.com/adsmanager/manage/ads?act=969086184816615&selected_campaign_ids=120242530345840116&selected_adset_ids=120242669088980116&selected_ad_ids=120242669089000116&date=2026-01-01_2026-06-12&insight_date=2026-01-01_2026-06-12&comparison_date=2026-01-01_2026-06-12,Michigan Detroit Mission,,33
120242669089000116,Cost Per Facebook Lead,-,https://business.facebook.com/adsmanager/manage/ads?act=969086184816615&selected_campaign_ids=120242530345840116&selected_adset_ids=120242669088980116&selected_ad_ids=120242669089000116&date=2026-01-01_2026-06-12&insight_date=2026-01-01_2026-06-12&comparison_date=2026-01-01_2026-06-12,Michigan Detroit Mission,,40.211687246
120242669089000116,Ad Leads,-,https://business.facebook.com/adsmanager/manage/ads?act=969086184816615&selected_campaign_ids=120242530345840116&selected_adset_ids=120242669088980116&selected_ad_ids=120242669089000116&date=2026-01-01_2026-06-12&insight_date=2026-01-01_2026-06-12&comparison_date=2026-01-01_2026-06-12,Michigan Detroit Mission,,131.509523810
120242669089000116,People Found,-,https://business.facebook.com/adsmanager/manage/ads?act=969086184816615&selected_campaign_ids=120242530345840116&selected_adset_ids=120242669088980116&selected_ad_ids=120242669089000116&date=2026-01-01_2026-06-12&insight_date=2026-01-01_2026-06-12&comparison_date=2026-01-01_2026-06-12,Michigan Detroit Mission,,113
120242668168960116,Forecasted Cost Per Baptism,-,https://business.facebook.com/adsmanager/manage/ads?act=969086184816615&selected_campaign_ids=120242530345830116&selected_adset_ids=120242668169090116&selected_ad_ids=120242668168960116&date=2026-01-01_2026-06-12&insight_date=2026-01-01_2026-06-12&comparison_date=2026-01-01_2026-06-12,Michigan Detroit Mission,,5611.446412568
120242668168960116,Forecasted Baptisms,-,https://business.facebook.com/adsmanager/manage/ads?act=969086184816615&selected_campaign_ids=120242530345830116&selected_adset_ids=120242668169090116&selected_ad_ids=120242668168960116&date=2026-01-01_2026-06-12&insight_date=2026-01-01_2026-06-12&comparison_date=2026-01-01_2026-06-12,Michigan Detroit Mission,,0.690389438
120242668168960116,Forecasted % Found Baptized,-,https://business.facebook.com/adsmanager/manage/ads?act=969086184816615&selected_campaign_ids=120242530345830116&selected_adset_ids=120242668169090116&selected_ad_ids=120242668168960116&date=2026-01-01_2026-06-12&insight_date=2026-01-01_2026-06-12&comparison_date=2026-01-01_2026-06-12,Michigan Detroit Mission,,0.007935511
120242668168960116,% Found Baptized,-,https://business.facebook.com/adsmanager/manage/ads?act=969086184816615&selected_campaign_ids=120242530345830116&selected_adset_ids=120242668169090116&selected_ad_ids=120242668168960116&date=2026-01-01_2026-06-12&insight_date=2026-01-01_2026-06-12&comparison_date=2026-01-01_2026-06-12,Michigan Detroit Mission,,0
120242668168960116,% Found Attending Sacrament,-,https://business.facebook.com/adsmanager/manage/ads?act=969086184816615&selected_campaign_ids=120242530345830116&selected_adset_ids=120242668169090116&selected_ad_ids=120242668168960116&date=2026-01-01_2026-06-12&insight_date=2026-01-01_2026-06-12&comparison_date=2026-01-01_2026-06-12,Michigan Detroit Mission,,0.045977011
120242668168960116,People Baptized and Confirmed,-,https://business.facebook.com/adsmanager/manage/ads?act=969086184816615&selected_campaign_ids=120242530345830116&selected_adset_ids=120242668169090116&selected_ad_ids=120242668168960116&date=2026-01-01_2026-06-12&insight_date=2026-01-01_2026-06-12&comparison_date=2026-01-01_2026-06-12,Michigan Detroit Mission,,0
120242668168960116,People Who Attended Sacrament,-,https://business.facebook.com/adsmanager/manage/ads?act=969086184816615&selected_campaign_ids=120242530345830116&selected_adset_ids=120242668169090116&selected_ad_ids=120242668168960116&date=2026-01-01_2026-06-12&insight_date=2026-01-01_2026-06-12&comparison_date=2026-01-01_2026-06-12,Michigan Detroit Mission,,4
120242668168960116,New People Being Taught,-,https://business.facebook.com/adsmanager/manage/ads?act=969086184816615&selected_campaign_ids=120242530345830116&selected_adset_ids=120242668169090116&selected_ad_ids=120242668168960116&date=2026-01-01_2026-06-12&insight_date=2026-01-01_2026-06-12&comparison_date=2026-01-01_2026-06-12,Michigan Detroit Mission,,31
120242668168960116,Cost Per Facebook Lead,-,https://business.facebook.com/adsmanager/manage/ads?act=969086184816615&selected_campaign_ids=120242530345830116&selected_adset_ids=120242668169090116&selected_ad_ids=120242668168960116&date=2026-01-01_2026-06-12&insight_date=2026-01-01_2026-06-12&comparison_date=2026-01-01_2026-06-12,Michigan Detroit Mission,,38.521170942
120242668168960116,Ad Leads,-,https://business.facebook.com/adsmanager/manage/ads?act=969086184816615&selected_campaign_ids=120242530345830116&selected_adset_ids=120242668169090116&selected_ad_ids=120242668168960116&date=2026-01-01_2026-06-12&insight_date=2026-01-01_2026-06-12&comparison_date=2026-01-01_2026-06-12,Michigan Detroit Mission,,100.570238095
120242668168960116,People Found,-,https://business.facebook.com/adsmanager/manage/ads?act=969086184816615&selected_campaign_ids=120242530345830116&selected_adset_ids=120242668169090116&selected_ad_ids=120242668168960116&date=2026-01-01_2026-06-12&insight_date=2026-01-01_2026-06-12&comparison_date=2026-01-01_2026-06-12,Michigan Detroit Mission,,87
120234922243580368,Forecasted Cost Per Baptism,-,https://business.facebook.com/adsmanager/manage/ads?act=1059444081122469&selected_campaign_ids=120234922243220368&selected_adset_ids=120234922243650368&selected_ad_ids=120234922243580368&date=2026-01-01_2026-06-12&insight_date=2026-01-01_2026-06-12&comparison_date=2026-01-01_2026-06-12,Utah Orem Mission,,5589.418593654
120234922243580368,Forecasted Baptisms,-,https://business.facebook.com/adsmanager/manage/ads?act=1059444081122469&selected_campaign_ids=120234922243220368&selected_adset_ids=120234922243650368&selected_ad_ids=120234922243580368&date=2026-01-01_2026-06-12&insight_date=2026-01-01_2026-06-12&comparison_date=2026-01-01_2026-06-12,Utah Orem Mission,,8.007014470
120234922243580368,Forecasted % Found Baptized,-,https://business.facebook.com/adsmanager/manage/ads?act=1059444081122469&selected_campaign_ids=120234922243220368&selected_adset_ids=120234922243650368&selected_ad_ids=120234922243580368&date=2026-01-01_2026-06-12&insight_date=2026-01-01_2026-06-12&comparison_date=2026-01-01_2026-06-12,Utah Orem Mission,,0.006011272
120234922243580368,% Found Baptized,-,https://business.facebook.com/adsmanager/manage/ads?act=1059444081122469&selected_campaign_ids=120234922243220368&selected_adset_ids=120234922243650368&selected_ad_ids=120234922243580368&date=2026-01-01_2026-06-12&insight_date=2026-01-01_2026-06-12&comparison_date=2026-01-01_2026-06-12,Utah Orem Mission,,0.004504505
120234922243580368,% Found Attending Sacrament,-,https://business.facebook.com/adsmanager/manage/ads?act=1059444081122469&selected_campaign_ids=120234922243220368&selected_adset_ids=120234922243650368&selected_ad_ids=120234922243580368&date=2026-01-01_2026-06-12&insight_date=2026-01-01_2026-06-12&comparison_date=2026-01-01_2026-06-12,Utah Orem Mission,,0.029279279
120234922243580368,People Baptized and Confirmed,-,https://business.facebook.com/adsmanager/manage/ads?act=1059444081122469&selected_campaign_ids=120234922243220368&selected_adset_ids=120234922243650368&selected_ad_ids=120234922243580368&date=2026-01-01_2026-06-12&insight_date=2026-01-01_2026-06-12&comparison_date=2026-01-01_2026-06-12,Utah Orem Mission,,6
120234922243580368,People Who Attended Sacrament,-,https://business.facebook.com/adsmanager/manage/ads?act=1059444081122469&selected_campaign_ids=120234922243220368&selected_adset_ids=120234922243650368&selected_ad_ids=120234922243580368&date=2026-01-01_2026-06-12&insight_date=2026-01-01_2026-06-12&comparison_date=2026-01-01_2026-06-12,Utah Orem Mission,,39
120234922243580368,New People Being Taught,-,https://business.facebook.com/adsmanager/manage/ads?act=1059444081122469&selected_campaign_ids=120234922243220368&selected_adset_ids=120234922243650368&selected_ad_ids=120234922243580368&date=2026-01-01_2026-06-12&insight_date=2026-01-01_2026-06-12&comparison_date=2026-01-01_2026-06-12,Utah Orem Mission,,252
120234922243580368,Cost Per Facebook Lead,-,https://business.facebook.com/adsmanager/manage/ads?act=1059444081122469&selected_campaign_ids=120234922243220368&selected_adset_ids=120234922243650368&selected_ad_ids=120234922243580368&date=2026-01-01_2026-06-12&insight_date=2026-01-01_2026-06-12&comparison_date=2026-01-01_2026-06-12,Utah Orem Mission,,28.217520754
120234922243580368,Ad Leads,-,https://business.facebook.com/adsmanager/manage/ads?act=1059444081122469&selected_campaign_ids=120234922243220368&selected_adset_ids=120234922243650368&selected_ad_ids=120234922243580368&date=2026-01-01_2026-06-12&insight_date=2026-01-01_2026-06-12&comparison_date=2026-01-01_2026-06-12,Utah Orem Mission,,1586.055555556
120234922243580368,People Found,-,https://business.facebook.com/adsmanager/manage/ads?act=1059444081122469&selected_campaign_ids=120234922243220368&selected_adset_ids=120234922243650368&selected_ad_ids=120234922243580368&date=2026-01-01_2026-06-12&insight_date=2026-01-01_2026-06-12&comparison_date=2026-01-01_2026-06-12,Utah Orem Mission,,1332
120242392010190116,Forecasted Cost Per Baptism,-,https://business.facebook.com/adsmanager/manage/ads?act=969086184816615&selected_campaign_ids=120242392000810116&selected_adset_ids=120242392001970116&selected_ad_ids=120242392010190116&date=2026-01-01_2026-06-12&insight_date=2026-01-01_2026-06-12&comparison_date=2026-01-01_2026-06-12,Michigan Detroit Mission,,5585.336152622
120242392010190116,Forecasted Baptisms,-,https://business.facebook.com/adsmanager/manage/ads?act=969086184816615&selected_campaign_ids=120242392000810116&selected_adset_ids=120242392001970116&selected_ad_ids=120242392010190116&date=2026-01-01_2026-06-12&insight_date=2026-01-01_2026-06-12&comparison_date=2026-01-01_2026-06-12,Michigan Detroit Mission,,0.309485998
120242392010190116,Forecasted % Found Baptized,-,https://business.facebook.com/adsmanager/manage/ads?act=969086184816615&selected_campaign_ids=120242392000810116&selected_adset_ids=120242392001970116&selected_ad_ids=120242392010190116&date=2026-01-01_2026-06-12&insight_date=2026-01-01_2026-06-12&comparison_date=2026-01-01_2026-06-12,Michigan Detroit Mission,,0.008596833
120242392010190116,% Found Baptized,-,https://business.facebook.com/adsmanager/manage/ads?act=969086184816615&selected_campaign_ids=120242392000810116&selected_adset_ids=120242392001970116&selected_ad_ids=120242392010190116&date=2026-01-01_2026-06-12&insight_date=2026-01-01_2026-06-12&comparison_date=2026-01-01_2026-06-12,Michigan Detroit Mission,,0
120242392010190116,% Found Attending Sacrament,-,https://business.facebook.com/adsmanager/manage/ads?act=969086184816615&selected_campaign_ids=120242392000810116&selected_adset_ids=120242392001970116&selected_ad_ids=120242392010190116&date=2026-01-01_2026-06-12&insight_date=2026-01-01_2026-06-12&comparison_date=2026-01-01_2026-06-12,Michigan Detroit Mission,,0.138888889
120242392010190116,People Baptized and Confirmed,-,https://business.facebook.com/adsmanager/manage/ads?act=969086184816615&selected_campaign_ids=120242392000810116&selected_adset_ids=120242392001970116&selected_ad_ids=120242392010190116&date=2026-01-01_2026-06-12&insight_date=2026-01-01_2026-06-12&comparison_date=2026-01-01_2026-06-12,Michigan Detroit Mission,,0
120242392010190116,People Who Attended Sacrament,-,https://business.facebook.com/adsmanager/manage/ads?act=969086184816615&selected_campaign_ids=120242392000810116&selected_adset_ids=120242392001970116&selected_ad_ids=120242392010190116&date=2026-01-01_2026-06-12&insight_date=2026-01-01_2026-06-12&comparison_date=2026-01-01_2026-06-12,Michigan Detroit Mission,,5
120242392010190116,New People Being Taught,-,https://business.facebook.com/adsmanager/manage/ads?act=969086184816615&selected_campaign_ids=120242392000810116&selected_adset_ids=120242392001970116&selected_ad_ids=120242392010190116&date=2026-01-01_2026-06-12&insight_date=2026-01-01_2026-06-12&comparison_date=2026-01-01_2026-06-12,Michigan Detroit Mission,,12
120242392010190116,Cost Per Facebook Lead,-,https://business.facebook.com/adsmanager/manage/ads?act=969086184816615&selected_campaign_ids=120242392000810116&selected_adset_ids=120242392001970116&selected_ad_ids=120242392010190116&date=2026-01-01_2026-06-12&insight_date=2026-01-01_2026-06-12&comparison_date=2026-01-01_2026-06-12,Michigan Detroit Mission,,40.752455796
120242392010190116,Ad Leads,-,https://business.facebook.com/adsmanager/manage/ads?act=969086184816615&selected_campaign_ids=120242392000810116&selected_adset_ids=120242392001970116&selected_ad_ids=120242392010190116&date=2026-01-01_2026-06-12&insight_date=2026-01-01_2026-06-12&comparison_date=2026-01-01_2026-06-12,Michigan Detroit Mission,,42.416666667
120242392010190116,People Found,-,https://business.facebook.com/adsmanager/manage/ads?act=969086184816615&selected_campaign_ids=120242392000810116&selected_adset_ids=120242392001970116&selected_ad_ids=120242392010190116&date=2026-01-01_2026-06-12&insight_date=2026-01-01_2026-06-12&comparison_date=2026-01-01_2026-06-12,Michigan Detroit Mission,,36
120241172657520708,Forecasted Cost Per Baptism,-,https://business.facebook.com/adsmanager/manage/ads?act=282246452801626&selected_campaign_ids=120241101958560708&selected_adset_ids=120241172417600708&selected_ad_ids=120241172657520708&date=2026-01-01_2026-06-12&insight_date=2026-01-01_2026-06-12&comparison_date=2026-01-01_2026-06-12,Texas Austin Mission,,5555.733124702
120241172657520708,Forecasted Baptisms,-,https://business.facebook.com/adsmanager/manage/ads?act=282246452801626&selected_campaign_ids=120241101958560708&selected_adset_ids=120241172417600708&selected_ad_ids=120241172657520708&date=2026-01-01_2026-06-12&insight_date=2026-01-01_2026-06-12&comparison_date=2026-01-01_2026-06-12,Texas Austin Mission,,0.671803242
120241172657520708,Forecasted % Found Baptized,-,https://business.facebook.com/adsmanager/manage/ads?act=282246452801626&selected_campaign_ids=120241101958560708&selected_adset_ids=120241172417600708&selected_ad_ids=120241172657520708&date=2026-01-01_2026-06-12&insight_date=2026-01-01_2026-06-12&comparison_date=2026-01-01_2026-06-12,Texas Austin Mission,,0.006278535
120241172657520708,% Found Baptized,-,https://business.facebook.com/adsmanager/manage/ads?act=282246452801626&selected_campaign_ids=120241101958560708&selected_adset_ids=120241172417600708&selected_ad_ids=120241172657520708&date=2026-01-01_2026-06-12&insight_date=2026-01-01_2026-06-12&comparison_date=2026-01-01_2026-06-12,Texas Austin Mission,,0
120241172657520708,% Found Attending Sacrament,-,https://business.facebook.com/adsmanager/manage/ads?act=282246452801626&selected_campaign_ids=120241101958560708&selected_adset_ids=120241172417600708&selected_ad_ids=120241172657520708&date=2026-01-01_2026-06-12&insight_date=2026-01-01_2026-06-12&comparison_date=2026-01-01_2026-06-12,Texas Austin Mission,,0.046728972
120241172657520708,People Baptized and Confirmed,-,https://business.facebook.com/adsmanager/manage/ads?act=282246452801626&selected_campaign_ids=120241101958560708&selected_adset_ids=120241172417600708&selected_ad_ids=120241172657520708&date=2026-01-01_2026-06-12&insight_date=2026-01-01_2026-06-12&comparison_date=2026-01-01_2026-06-12,Texas Austin Mission,,0
120241172657520708,People Who Attended Sacrament,-,https://business.facebook.com/adsmanager/manage/ads?act=282246452801626&selected_campaign_ids=120241101958560708&selected_adset_ids=120241172417600708&selected_ad_ids=120241172657520708&date=2026-01-01_2026-06-12&insight_date=2026-01-01_2026-06-12&comparison_date=2026-01-01_2026-06-12,Texas Austin Mission,,5
120241172657520708,New People Being Taught,-,https://business.facebook.com/adsmanager/manage/ads?act=282246452801626&selected_campaign_ids=120241101958560708&selected_adset_ids=120241172417600708&selected_ad_ids=120241172657520708&date=2026-01-01_2026-06-12&insight_date=2026-01-01_2026-06-12&comparison_date=2026-01-01_2026-06-12,Texas Austin Mission,,18
120241172657520708,Cost Per Facebook Lead,-,https://business.facebook.com/adsmanager/manage/ads?act=282246452801626&selected_campaign_ids=120241101958560708&selected_adset_ids=120241172417600708&selected_ad_ids=120241172657520708&date=2026-01-01_2026-06-12&insight_date=2026-01-01_2026-06-12&comparison_date=2026-01-01_2026-06-12,Texas Austin Mission,,28.385531915
120241172657520708,Ad Leads,-,https://business.facebook.com/adsmanager/manage/ads?act=282246452801626&selected_campaign_ids=120241101958560708&selected_adset_ids=120241172417600708&selected_ad_ids=120241172657520708&date=2026-01-01_2026-06-12&insight_date=2026-01-01_2026-06-12&comparison_date=2026-01-01_2026-06-12,Texas Austin Mission,,131.488095238
120241172657520708,People Found,-,https://business.facebook.com/adsmanager/manage/ads?act=282246452801626&selected_campaign_ids=120241101958560708&selected_adset_ids=120241172417600708&selected_ad_ids=120241172657520708&date=2026-01-01_2026-06-12&insight_date=2026-01-01_2026-06-12&comparison_date=2026-01-01_2026-06-12,Texas Austin Mission,,107
120237979602250727,Forecasted Cost Per Baptism,Grow,https://business.facebook.com/adsmanager/manage/ads?act=238929060375046&selected_campaign_ids=120237974925490727&selected_adset_ids=120237978306330727&selected_ad_ids=120237979602250727&date=2026-01-01_2026-06-12&insight_date=2026-01-01_2026-06-12&comparison_date=2026-01-01_2026-06-12,Nevada Reno Mission,,5539.656351394
120237979602250727,Forecasted Baptisms,Grow,https://business.facebook.com/adsmanager/manage/ads?act=238929060375046&selected_campaign_ids=120237974925490727&selected_adset_ids=120237978306330727&selected_ad_ids=120237979602250727&date=2026-01-01_2026-06-12&insight_date=2026-01-01_2026-06-12&comparison_date=2026-01-01_2026-06-12,Nevada Reno Mission,,3.116593530
120237979602250727,Forecasted % Found Baptized,Grow,https://business.facebook.com/adsmanager/manage/ads?act=238929060375046&selected_campaign_ids=120237974925490727&selected_adset_ids=120237978306330727&selected_ad_ids=120237979602250727&date=2026-01-01_2026-06-12&insight_date=2026-01-01_2026-06-12&comparison_date=2026-01-01_2026-06-12,Nevada Reno Mission,,0.007281761
120237979602250727,% Found Baptized,Grow,https://business.facebook.com/adsmanager/manage/ads?act=238929060375046&selected_campaign_ids=120237974925490727&selected_adset_ids=120237978306330727&selected_ad_ids=120237979602250727&date=2026-01-01_2026-06-12&insight_date=2026-01-01_2026-06-12&comparison_date=2026-01-01_2026-06-12,Nevada Reno Mission,,0.009345794
120237979602250727,% Found Attending Sacrament,Grow,https://business.facebook.com/adsmanager/manage/ads?act=238929060375046&selected_campaign_ids=120237974925490727&selected_adset_ids=120237978306330727&selected_ad_ids=120237979602250727&date=2026-01-01_2026-06-12&insight_date=2026-01-01_2026-06-12&comparison_date=2026-01-01_2026-06-12,Nevada Reno Mission,,0.051401869
120237979602250727,People Baptized and Confirmed,Grow,https://business.facebook.com/adsmanager/manage/ads?act=238929060375046&selected_campaign_ids=120237974925490727&selected_adset_ids=120237978306330727&selected_ad_ids=120237979602250727&date=2026-01-01_2026-06-12&insight_date=2026-01-01_2026-06-12&comparison_date=2026-01-01_2026-06-12,Nevada Reno Mission,,4
120237979602250727,People Who Attended Sacrament,Grow,https://business.facebook.com/adsmanager/manage/ads?act=238929060375046&selected_campaign_ids=120237974925490727&selected_adset_ids=120237978306330727&selected_ad_ids=120237979602250727&date=2026-01-01_2026-06-12&insight_date=2026-01-01_2026-06-12&comparison_date=2026-01-01_2026-06-12,Nevada Reno Mission,,22
120237979602250727,New People Being Taught,Grow,https://business.facebook.com/adsmanager/manage/ads?act=238929060375046&selected_campaign_ids=120237974925490727&selected_adset_ids=120237978306330727&selected_ad_ids=120237979602250727&date=2026-01-01_2026-06-12&insight_date=2026-01-01_2026-06-12&comparison_date=2026-01-01_2026-06-12,Nevada Reno Mission,,121
120237979602250727,Cost Per Facebook Lead,Grow,https://business.facebook.com/adsmanager/manage/ads?act=238929060375046&selected_campaign_ids=120237974925490727&selected_adset_ids=120237978306330727&selected_ad_ids=120237979602250727&date=2026-01-01_2026-06-12&insight_date=2026-01-01_2026-06-12&comparison_date=2026-01-01_2026-06-12,Nevada Reno Mission,,32.288004275
120237979602250727,Ad Leads,Grow,https://business.facebook.com/adsmanager/manage/ads?act=238929060375046&selected_campaign_ids=120237974925490727&selected_adset_ids=120237978306330727&selected_ad_ids=120237979602250727&date=2026-01-01_2026-06-12&insight_date=2026-01-01_2026-06-12&comparison_date=2026-01-01_2026-06-12,Nevada Reno Mission,,534.714285714
120237979602250727,People Found,Grow,https://business.facebook.com/adsmanager/manage/ads?act=238929060375046&selected_campaign_ids=120237974925490727&selected_adset_ids=120237978306330727&selected_ad_ids=120237979602250727&date=2026-01-01_2026-06-12&insight_date=2026-01-01_2026-06-12&comparison_date=2026-01-01_2026-06-12,Nevada Reno Mission,,428
120237860491700218,Forecasted Cost Per Baptism,Grow,https://business.facebook.com/adsmanager/manage/ads?act=2690826994537559&selected_campaign_ids=120237860491540218&selected_adset_ids=120237860491510218&selected_ad_ids=120237860491700218&date=2026-01-01_2026-06-12&insight_date=2026-01-01_2026-06-12&comparison_date=2026-01-01_2026-06-12,California San Jose Mission,,5515.356674353
120237860491700218,Forecasted Baptisms,Grow,https://business.facebook.com/adsmanager/manage/ads?act=2690826994537559&selected_campaign_ids=120237860491540218&selected_adset_ids=120237860491510218&selected_ad_ids=120237860491700218&date=2026-01-01_2026-06-12&insight_date=2026-01-01_2026-06-12&comparison_date=2026-01-01_2026-06-12,California San Jose Mission,,1.220580302
120237860491700218,Forecasted % Found Baptized,Grow,https://business.facebook.com/adsmanager/manage/ads?act=2690826994537559&selected_campaign_ids=120237860491540218&selected_adset_ids=120237860491510218&selected_ad_ids=120237860491700218&date=2026-01-01_2026-06-12&insight_date=2026-01-01_2026-06-12&comparison_date=2026-01-01_2026-06-12,California San Jose Mission,,0.019686779
120237860491700218,% Found Baptized,Grow,https://business.facebook.com/adsmanager/manage/ads?act=2690826994537559&selected_campaign_ids=120237860491540218&selected_adset_ids=120237860491510218&selected_ad_ids=120237860491700218&date=2026-01-01_2026-06-12&insight_date=2026-01-01_2026-06-12&comparison_date=2026-01-01_2026-06-12,California San Jose Mission,,0.016129032
120237860491700218,% Found Attending Sacrament,Grow,https://business.facebook.com/adsmanager/manage/ads?act=2690826994537559&selected_campaign_ids=120237860491540218&selected_adset_ids=120237860491510218&selected_ad_ids=120237860491700218&date=2026-01-01_2026-06-12&insight_date=2026-01-01_2026-06-12&comparison_date=2026-01-01_2026-06-12,California San Jose Mission,,0.048387097
120237860491700218,People Baptized and Confirmed,Grow,https://business.facebook.com/adsmanager/manage/ads?act=2690826994537559&selected_campaign_ids=120237860491540218&selected_adset_ids=120237860491510218&selected_ad_ids=120237860491700218&date=2026-01-01_2026-06-12&insight_date=2026-01-01_2026-06-12&comparison_date=2026-01-01_2026-06-12,California San Jose Mission,,1
120237860491700218,People Who Attended Sacrament,Grow,https://business.facebook.com/adsmanager/manage/ads?act=2690826994537559&selected_campaign_ids=120237860491540218&selected_adset_ids=120237860491510218&selected_ad_ids=120237860491700218&date=2026-01-01_2026-06-12&insight_date=2026-01-01_2026-06-12&comparison_date=2026-01-01_2026-06-12,California San Jose Mission,,3
120237860491700218,New People Being Taught,Grow,https://business.facebook.com/adsmanager/manage/ads?act=2690826994537559&selected_campaign_ids=120237860491540218&selected_adset_ids=120237860491510218&selected_ad_ids=120237860491700218&date=2026-01-01_2026-06-12&insight_date=2026-01-01_2026-06-12&comparison_date=2026-01-01_2026-06-12,California San Jose Mission,,8
120237860491700218,Cost Per Facebook Lead,Grow,https://business.facebook.com/adsmanager/manage/ads?act=2690826994537559&selected_campaign_ids=120237860491540218&selected_adset_ids=120237860491510218&selected_ad_ids=120237860491700218&date=2026-01-01_2026-06-12&insight_date=2026-01-01_2026-06-12&comparison_date=2026-01-01_2026-06-12,California San Jose Mission,,37.085689927
120237860491700218,Ad Leads,Grow,https://business.facebook.com/adsmanager/manage/ads?act=2690826994537559&selected_campaign_ids=120237860491540218&selected_adset_ids=120237860491510218&selected_ad_ids=120237860491700218&date=2026-01-01_2026-06-12&insight_date=2026-01-01_2026-06-12&comparison_date=2026-01-01_2026-06-12,California San Jose Mission,,181.523809524
120237860491700218,People Found,Grow,https://business.facebook.com/adsmanager/manage/ads?act=2690826994537559&selected_campaign_ids=120237860491540218&selected_adset_ids=120237860491510218&selected_ad_ids=120237860491700218&date=2026-01-01_2026-06-12&insight_date=2026-01-01_2026-06-12&comparison_date=2026-01-01_2026-06-12,California San Jose Mission,,62
120239711247180524,Forecasted Cost Per Baptism,Grow,https://business.facebook.com/adsmanager/manage/ads?act=2683631865285420&selected_campaign_ids=120239710923120524&selected_adset_ids=120239710923010524&selected_ad_ids=120239711247180524&date=2026-01-01_2026-06-12&insight_date=2026-01-01_2026-06-12&comparison_date=2026-01-01_2026-06-12,Washington DC South Mission,,5500.370045350
120239711247180524,Forecasted Baptisms,Grow,https://business.facebook.com/adsmanager/manage/ads?act=2683631865285420&selected_campaign_ids=120239710923120524&selected_adset_ids=120239710923010524&selected_ad_ids=120239711247180524&date=2026-01-01_2026-06-12&insight_date=2026-01-01_2026-06-12&comparison_date=2026-01-01_2026-06-12,Washington DC South Mission,,1.040140841
120239711247180524,Forecasted % Found Baptized,Grow,https://business.facebook.com/adsmanager/manage/ads?act=2683631865285420&selected_campaign_ids=120239710923120524&selected_adset_ids=120239710923010524&selected_ad_ids=120239711247180524&date=2026-01-01_2026-06-12&insight_date=2026-01-01_2026-06-12&comparison_date=2026-01-01_2026-06-12,Washington DC South Mission,,0.006843032
120239711247180524,% Found Baptized,Grow,https://business.facebook.com/adsmanager/manage/ads?act=2683631865285420&selected_campaign_ids=120239710923120524&selected_adset_ids=120239710923010524&selected_ad_ids=120239711247180524&date=2026-01-01_2026-06-12&insight_date=2026-01-01_2026-06-12&comparison_date=2026-01-01_2026-06-12,Washington DC South Mission,,0
120239711247180524,% Found Attending Sacrament,Grow,https://business.facebook.com/adsmanager/manage/ads?act=2683631865285420&selected_campaign_ids=120239710923120524&selected_adset_ids=120239710923010524&selected_ad_ids=120239711247180524&date=2026-01-01_2026-06-12&insight_date=2026-01-01_2026-06-12&comparison_date=2026-01-01_2026-06-12,Washington DC South Mission,,0.046052632
120239711247180524,People Baptized and Confirmed,Grow,https://business.facebook.com/adsmanager/manage/ads?act=2683631865285420&selected_campaign_ids=120239710923120524&selected_adset_ids=120239710923010524&selected_ad_ids=120239711247180524&date=2026-01-01_2026-06-12&insight_date=2026-01-01_2026-06-12&comparison_date=2026-01-01_2026-06-12,Washington DC South Mission,,0
120239711247180524,People Who Attended Sacrament,Grow,https://business.facebook.com/adsmanager/manage/ads?act=2683631865285420&selected_campaign_ids=120239710923120524&selected_adset_ids=120239710923010524&selected_ad_ids=120239711247180524&date=2026-01-01_2026-06-12&insight_date=2026-01-01_2026-06-12&comparison_date=2026-01-01_2026-06-12,Washington DC South Mission,,7
120239711247180524,New People Being Taught,Grow,https://business.facebook.com/adsmanager/manage/ads?act=2683631865285420&selected_campaign_ids=120239710923120524&selected_adset_ids=120239710923010524&selected_ad_ids=120239711247180524&date=2026-01-01_2026-06-12&insight_date=2026-01-01_2026-06-12&comparison_date=2026-01-01_2026-06-12,Washington DC South Mission,,38
120239711247180524,Cost Per Facebook Lead,Grow,https://business.facebook.com/adsmanager/manage/ads?act=2683631865285420&selected_campaign_ids=120239710923120524&selected_adset_ids=120239710923010524&selected_ad_ids=120239711247180524&date=2026-01-01_2026-06-12&insight_date=2026-01-01_2026-06-12&comparison_date=2026-01-01_2026-06-12,Washington DC South Mission,,19.726516706
120239711247180524,Ad Leads,Grow,https://business.facebook.com/adsmanager/manage/ads?act=2683631865285420&selected_campaign_ids=120239710923120524&selected_adset_ids=120239710923010524&selected_ad_ids=120239711247180524&date=2026-01-01_2026-06-12&insight_date=2026-01-01_2026-06-12&comparison_date=2026-01-01_2026-06-12,Washington DC South Mission,,290.023809524
120239711247180524,People Found,Grow,https://business.facebook.com/adsmanager/manage/ads?act=2683631865285420&selected_campaign_ids=120239710923120524&selected_adset_ids=120239710923010524&selected_ad_ids=120239711247180524&date=2026-01-01_2026-06-12&insight_date=2026-01-01_2026-06-12&comparison_date=2026-01-01_2026-06-12,Washington DC South Mission,,152
120236833217840727,Forecasted Cost Per Baptism,-,https://business.facebook.com/adsmanager/manage/ads?act=238929060375046&selected_campaign_ids=120236652654940727&selected_adset_ids=120236832604040727&selected_ad_ids=120236833217840727&date=2026-01-01_2026-06-12&insight_date=2026-01-01_2026-06-12&comparison_date=2026-01-01_2026-06-12,Nevada Reno Mission,,5497.673783494
120236833217840727,Forecasted Baptisms,-,https://business.facebook.com/adsmanager/manage/ads?act=238929060375046&selected_campaign_ids=120236652654940727&selected_adset_ids=120236832604040727&selected_ad_ids=120236833217840727&date=2026-01-01_2026-06-12&insight_date=2026-01-01_2026-06-12&comparison_date=2026-01-01_2026-06-12,Nevada Reno Mission,,3.927527048
120236833217840727,Forecasted % Found Baptized,-,https://business.facebook.com/adsmanager/manage/ads?act=238929060375046&selected_campaign_ids=120236652654940727&selected_adset_ids=120236832604040727&selected_ad_ids=120236833217840727&date=2026-01-01_2026-06-12&insight_date=2026-01-01_2026-06-12&comparison_date=2026-01-01_2026-06-12,Nevada Reno Mission,,0.006449141
120236833217840727,% Found Baptized,-,https://business.facebook.com/adsmanager/manage/ads?act=238929060375046&selected_campaign_ids=120236652654940727&selected_adset_ids=120236832604040727&selected_ad_ids=120236833217840727&date=2026-01-01_2026-06-12&insight_date=2026-01-01_2026-06-12&comparison_date=2026-01-01_2026-06-12,Nevada Reno Mission,,0.004926108
120236833217840727,% Found Attending Sacrament,-,https://business.facebook.com/adsmanager/manage/ads?act=238929060375046&selected_campaign_ids=120236652654940727&selected_adset_ids=120236832604040727&selected_ad_ids=120236833217840727&date=2026-01-01_2026-06-12&insight_date=2026-01-01_2026-06-12&comparison_date=2026-01-01_2026-06-12,Nevada Reno Mission,,0.026272578
120236833217840727,People Baptized and Confirmed,-,https://business.facebook.com/adsmanager/manage/ads?act=238929060375046&selected_campaign_ids=120236652654940727&selected_adset_ids=120236832604040727&selected_ad_ids=120236833217840727&date=2026-01-01_2026-06-12&insight_date=2026-01-01_2026-06-12&comparison_date=2026-01-01_2026-06-12,Nevada Reno Mission,,3
120236833217840727,People Who Attended Sacrament,-,https://business.facebook.com/adsmanager/manage/ads?act=238929060375046&selected_campaign_ids=120236652654940727&selected_adset_ids=120236832604040727&selected_ad_ids=120236833217840727&date=2026-01-01_2026-06-12&insight_date=2026-01-01_2026-06-12&comparison_date=2026-01-01_2026-06-12,Nevada Reno Mission,,16
120236833217840727,New People Being Taught,-,https://business.facebook.com/adsmanager/manage/ads?act=238929060375046&selected_campaign_ids=120236652654940727&selected_adset_ids=120236832604040727&selected_ad_ids=120236833217840727&date=2026-01-01_2026-06-12&insight_date=2026-01-01_2026-06-12&comparison_date=2026-01-01_2026-06-12,Nevada Reno Mission,,114
120236833217840727,Cost Per Facebook Lead,-,https://business.facebook.com/adsmanager/manage/ads?act=238929060375046&selected_campaign_ids=120236652654940727&selected_adset_ids=120236832604040727&selected_ad_ids=120236833217840727&date=2026-01-01_2026-06-12&insight_date=2026-01-01_2026-06-12&comparison_date=2026-01-01_2026-06-12,Nevada Reno Mission,,30.730236839
120236833217840727,Ad Leads,-,https://business.facebook.com/adsmanager/manage/ads?act=238929060375046&selected_campaign_ids=120236652654940727&selected_adset_ids=120236832604040727&selected_ad_ids=120236833217840727&date=2026-01-01_2026-06-12&insight_date=2026-01-01_2026-06-12&comparison_date=2026-01-01_2026-06-12,Nevada Reno Mission,,702.638987157
120236833217840727,People Found,-,https://business.facebook.com/adsmanager/manage/ads?act=238929060375046&selected_campaign_ids=120236652654940727&selected_adset_ids=120236832604040727&selected_ad_ids=120236833217840727&date=2026-01-01_2026-06-12&insight_date=2026-01-01_2026-06-12&comparison_date=2026-01-01_2026-06-12,Nevada Reno Mission,,609
120242643972820368,Forecasted Cost Per Baptism,-,https://business.facebook.com/adsmanager/manage/ads?act=1059444081122469&selected_campaign_ids=120242570120440368&selected_adset_ids=120242571477280368&selected_ad_ids=120242643972820368&date=2026-01-01_2026-06-12&insight_date=2026-01-01_2026-06-12&comparison_date=2026-01-01_2026-06-12,Utah Orem Mission,,5468.889052421
120242643972820368,Forecasted Baptisms,-,https://business.facebook.com/adsmanager/manage/ads?act=1059444081122469&selected_campaign_ids=120242570120440368&selected_adset_ids=120242571477280368&selected_ad_ids=120242643972820368&date=2026-01-01_2026-06-12&insight_date=2026-01-01_2026-06-12&comparison_date=2026-01-01_2026-06-12,Utah Orem Mission,,0.296952449
120242643972820368,Forecasted % Found Baptized,-,https://business.facebook.com/adsmanager/manage/ads?act=1059444081122469&selected_campaign_ids=120242570120440368&selected_adset_ids=120242571477280368&selected_ad_ids=120242643972820368&date=2026-01-01_2026-06-12&insight_date=2026-01-01_2026-06-12&comparison_date=2026-01-01_2026-06-12,Utah Orem Mission,,0.006060254
120242643972820368,% Found Baptized,-,https://business.facebook.com/adsmanager/manage/ads?act=1059444081122469&selected_campaign_ids=120242570120440368&selected_adset_ids=120242571477280368&selected_ad_ids=120242643972820368&date=2026-01-01_2026-06-12&insight_date=2026-01-01_2026-06-12&comparison_date=2026-01-01_2026-06-12,Utah Orem Mission,,0
120242643972820368,% Found Attending Sacrament,-,https://business.facebook.com/adsmanager/manage/ads?act=1059444081122469&selected_campaign_ids=120242570120440368&selected_adset_ids=120242571477280368&selected_ad_ids=120242643972820368&date=2026-01-01_2026-06-12&insight_date=2026-01-01_2026-06-12&comparison_date=2026-01-01_2026-06-12,Utah Orem Mission,,0.081632653
120242643972820368,People Baptized and Confirmed,-,https://business.facebook.com/adsmanager/manage/ads?act=1059444081122469&selected_campaign_ids=120242570120440368&selected_adset_ids=120242571477280368&selected_ad_ids=120242643972820368&date=2026-01-01_2026-06-12&insight_date=2026-01-01_2026-06-12&comparison_date=2026-01-01_2026-06-12,Utah Orem Mission,,0
120242643972820368,People Who Attended Sacrament,-,https://business.facebook.com/adsmanager/manage/ads?act=1059444081122469&selected_campaign_ids=120242570120440368&selected_adset_ids=120242571477280368&selected_ad_ids=120242643972820368&date=2026-01-01_2026-06-12&insight_date=2026-01-01_2026-06-12&comparison_date=2026-01-01_2026-06-12,Utah Orem Mission,,4
120242643972820368,New People Being Taught,-,https://business.facebook.com/adsmanager/manage/ads?act=1059444081122469&selected_campaign_ids=120242570120440368&selected_adset_ids=120242571477280368&selected_ad_ids=120242643972820368&date=2026-01-01_2026-06-12&insight_date=2026-01-01_2026-06-12&comparison_date=2026-01-01_2026-06-12,Utah Orem Mission,,14
120242643972820368,Cost Per Facebook Lead,-,https://business.facebook.com/adsmanager/manage/ads?act=1059444081122469&selected_campaign_ids=120242570120440368&selected_adset_ids=120242571477280368&selected_ad_ids=120242643972820368&date=2026-01-01_2026-06-12&insight_date=2026-01-01_2026-06-12&comparison_date=2026-01-01_2026-06-12,Utah Orem Mission,,27.525423729
120242643972820368,Ad Leads,-,https://business.facebook.com/adsmanager/manage/ads?act=1059444081122469&selected_campaign_ids=120242570120440368&selected_adset_ids=120242571477280368&selected_ad_ids=120242643972820368&date=2026-01-01_2026-06-12&insight_date=2026-01-01_2026-06-12&comparison_date=2026-01-01_2026-06-12,Utah Orem Mission,,59
120242643972820368,People Found,-,https://business.facebook.com/adsmanager/manage/ads?act=1059444081122469&selected_campaign_ids=120242570120440368&selected_adset_ids=120242571477280368&selected_ad_ids=120242643972820368&date=2026-01-01_2026-06-12&insight_date=2026-01-01_2026-06-12&comparison_date=2026-01-01_2026-06-12,Utah Orem Mission,,49
120242392867640116,Forecasted Cost Per Baptism,Grow,https://business.facebook.com/adsmanager/manage/ads?act=969086184816615&selected_campaign_ids=120242392035760116&selected_adset_ids=120242392867660116&selected_ad_ids=120242392867640116&date=2026-01-01_2026-06-12&insight_date=2026-01-01_2026-06-12&comparison_date=2026-01-01_2026-06-12,Michigan Detroit Mission,,5468.723704482
120242392867640116,Forecasted Baptisms,Grow,https://business.facebook.com/adsmanager/manage/ads?act=969086184816615&selected_campaign_ids=120242392035760116&selected_adset_ids=120242392867660116&selected_ad_ids=120242392867640116&date=2026-01-01_2026-06-12&insight_date=2026-01-01_2026-06-12&comparison_date=2026-01-01_2026-06-12,Michigan Detroit Mission,,1.537424971
120242392867640116,Forecasted % Found Baptized,Grow,https://business.facebook.com/adsmanager/manage/ads?act=969086184816615&selected_campaign_ids=120242392035760116&selected_adset_ids=120242392867660116&selected_ad_ids=120242392867640116&date=2026-01-01_2026-06-12&insight_date=2026-01-01_2026-06-12&comparison_date=2026-01-01_2026-06-12,Michigan Detroit Mission,,0.007965932
120242392867640116,% Found Baptized,Grow,https://business.facebook.com/adsmanager/manage/ads?act=969086184816615&selected_campaign_ids=120242392035760116&selected_adset_ids=120242392867660116&selected_ad_ids=120242392867640116&date=2026-01-01_2026-06-12&insight_date=2026-01-01_2026-06-12&comparison_date=2026-01-01_2026-06-12,Michigan Detroit Mission,,0.005181347
120242392867640116,% Found Attending Sacrament,Grow,https://business.facebook.com/adsmanager/manage/ads?act=969086184816615&selected_campaign_ids=120242392035760116&selected_adset_ids=120242392867660116&selected_ad_ids=120242392867640116&date=2026-01-01_2026-06-12&insight_date=2026-01-01_2026-06-12&comparison_date=2026-01-01_2026-06-12,Michigan Detroit Mission,,0.067357513
120242392867640116,People Baptized and Confirmed,Grow,https://business.facebook.com/adsmanager/manage/ads?act=969086184816615&selected_campaign_ids=120242392035760116&selected_adset_ids=120242392867660116&selected_ad_ids=120242392867640116&date=2026-01-01_2026-06-12&insight_date=2026-01-01_2026-06-12&comparison_date=2026-01-01_2026-06-12,Michigan Detroit Mission,,1
120242392867640116,People Who Attended Sacrament,Grow,https://business.facebook.com/adsmanager/manage/ads?act=969086184816615&selected_campaign_ids=120242392035760116&selected_adset_ids=120242392867660116&selected_ad_ids=120242392867640116&date=2026-01-01_2026-06-12&insight_date=2026-01-01_2026-06-12&comparison_date=2026-01-01_2026-06-12,Michigan Detroit Mission,,13
120242392867640116,New People Being Taught,Grow,https://business.facebook.com/adsmanager/manage/ads?act=969086184816615&selected_campaign_ids=120242392035760116&selected_adset_ids=120242392867660116&selected_ad_ids=120242392867640116&date=2026-01-01_2026-06-12&insight_date=2026-01-01_2026-06-12&comparison_date=2026-01-01_2026-06-12,Michigan Detroit Mission,,50
120242392867640116,Cost Per Facebook Lead,Grow,https://business.facebook.com/adsmanager/manage/ads?act=969086184816615&selected_campaign_ids=120242392035760116&selected_adset_ids=120242392867660116&selected_ad_ids=120242392867640116&date=2026-01-01_2026-06-12&insight_date=2026-01-01_2026-06-12&comparison_date=2026-01-01_2026-06-12,Michigan Detroit Mission,,25.310578639
120242392867640116,Ad Leads,Grow,https://business.facebook.com/adsmanager/manage/ads?act=969086184816615&selected_campaign_ids=120242392035760116&selected_adset_ids=120242392867660116&selected_ad_ids=120242392867640116&date=2026-01-01_2026-06-12&insight_date=2026-01-01_2026-06-12&comparison_date=2026-01-01_2026-06-12,Michigan Detroit Mission,,332.183333333
120242392867640116,People Found,Grow,https://business.facebook.com/adsmanager/manage/ads?act=969086184816615&selected_campaign_ids=120242392035760116&selected_adset_ids=120242392867660116&selected_ad_ids=120242392867640116&date=2026-01-01_2026-06-12&insight_date=2026-01-01_2026-06-12&comparison_date=2026-01-01_2026-06-12,Michigan Detroit Mission,,193
120238661898080181,Forecasted Cost Per Baptism,Grow,https://business.facebook.com/adsmanager/manage/ads?act=333786897621676&selected_campaign_ids=120238614088620181&selected_adset_ids=120238614088630181&selected_ad_ids=120238661898080181&date=2026-01-01_2026-06-12&insight_date=2026-01-01_2026-06-12&comparison_date=2026-01-01_2026-06-12,California Oakland/San Francisco Mission,,5417.895192116
120238661898080181,Forecasted Baptisms,Grow,https://business.facebook.com/adsmanager/manage/ads?act=333786897621676&selected_campaign_ids=120238614088620181&selected_adset_ids=120238614088630181&selected_ad_ids=120238661898080181&date=2026-01-01_2026-06-12&insight_date=2026-01-01_2026-06-12&comparison_date=2026-01-01_2026-06-12,California Oakland/San Francisco Mission,,9.324023205
120238661898080181,Forecasted % Found Baptized,Grow,https://business.facebook.com/adsmanager/manage/ads?act=333786897621676&selected_campaign_ids=120238614088620181&selected_adset_ids=120238614088630181&selected_ad_ids=120238661898080181&date=2026-01-01_2026-06-12&insight_date=2026-01-01_2026-06-12&comparison_date=2026-01-01_2026-06-12,California Oakland/San Francisco Mission,,0.007341751
120238661898080181,% Found Baptized,Grow,https://business.facebook.com/adsmanager/manage/ads?act=333786897621676&selected_campaign_ids=120238614088620181&selected_adset_ids=120238614088630181&selected_ad_ids=120238661898080181&date=2026-01-01_2026-06-12&insight_date=2026-01-01_2026-06-12&comparison_date=2026-01-01_2026-06-12,California Oakland/San Francisco Mission,,0.005511811
120238661898080181,% Found Attending Sacrament,Grow,https://business.facebook.com/adsmanager/manage/ads?act=333786897621676&selected_campaign_ids=120238614088620181&selected_adset_ids=120238614088630181&selected_ad_ids=120238661898080181&date=2026-01-01_2026-06-12&insight_date=2026-01-01_2026-06-12&comparison_date=2026-01-01_2026-06-12,California Oakland/San Francisco Mission,,0.042519685
120238661898080181,People Baptized and Confirmed,Grow,https://business.facebook.com/adsmanager/manage/ads?act=333786897621676&selected_campaign_ids=120238614088620181&selected_adset_ids=120238614088630181&selected_ad_ids=120238661898080181&date=2026-01-01_2026-06-12&insight_date=2026-01-01_2026-06-12&comparison_date=2026-01-01_2026-06-12,California Oakland/San Francisco Mission,,7
120238661898080181,People Who Attended Sacrament,Grow,https://business.facebook.com/adsmanager/manage/ads?act=333786897621676&selected_campaign_ids=120238614088620181&selected_adset_ids=120238614088630181&selected_ad_ids=120238661898080181&date=2026-01-01_2026-06-12&insight_date=2026-01-01_2026-06-12&comparison_date=2026-01-01_2026-06-12,California Oakland/San Francisco Mission,,54
120238661898080181,New People Being Taught,Grow,https://business.facebook.com/adsmanager/manage/ads?act=333786897621676&selected_campaign_ids=120238614088620181&selected_adset_ids=120238614088630181&selected_ad_ids=120238661898080181&date=2026-01-01_2026-06-12&insight_date=2026-01-01_2026-06-12&comparison_date=2026-01-01_2026-06-12,California Oakland/San Francisco Mission,,335
120238661898080181,Cost Per Facebook Lead,Grow,https://business.facebook.com/adsmanager/manage/ads?act=333786897621676&selected_campaign_ids=120238614088620181&selected_adset_ids=120238614088630181&selected_ad_ids=120238661898080181&date=2026-01-01_2026-06-12&insight_date=2026-01-01_2026-06-12&comparison_date=2026-01-01_2026-06-12,California Oakland/San Francisco Mission,,31.143576306
120238661898080181,Ad Leads,Grow,https://business.facebook.com/adsmanager/manage/ads?act=333786897621676&selected_campaign_ids=120238614088620181&selected_adset_ids=120238614088630181&selected_ad_ids=120238661898080181&date=2026-01-01_2026-06-12&insight_date=2026-01-01_2026-06-12&comparison_date=2026-01-01_2026-06-12,California Oakland/San Francisco Mission,,1622.054577058
120238661898080181,People Found,Grow,https://business.facebook.com/adsmanager/manage/ads?act=333786897621676&selected_campaign_ids=120238614088620181&selected_adset_ids=120238614088630181&selected_ad_ids=120238661898080181&date=2026-01-01_2026-06-12&insight_date=2026-01-01_2026-06-12&comparison_date=2026-01-01_2026-06-12,California Oakland/San Francisco Mission,,1270
120238069003920727,Forecasted Cost Per Baptism,Grow,https://business.facebook.com/adsmanager/manage/ads?act=238929060375046&selected_campaign_ids=120238044869680727&selected_adset_ids=120238068941750727&selected_ad_ids=120238069003920727&date=2026-01-01_2026-06-12&insight_date=2026-01-01_2026-06-12&comparison_date=2026-01-01_2026-06-12,Nevada Reno Mission,,5362.358440628
120238069003920727,Forecasted Baptisms,Grow,https://business.facebook.com/adsmanager/manage/ads?act=238929060375046&selected_campaign_ids=120238044869680727&selected_adset_ids=120238068941750727&selected_ad_ids=120238069003920727&date=2026-01-01_2026-06-12&insight_date=2026-01-01_2026-06-12&comparison_date=2026-01-01_2026-06-12,Nevada Reno Mission,,1.184553414
120238069003920727,Forecasted % Found Baptized,Grow,https://business.facebook.com/adsmanager/manage/ads?act=238929060375046&selected_campaign_ids=120238044869680727&selected_adset_ids=120238068941750727&selected_ad_ids=120238069003920727&date=2026-01-01_2026-06-12&insight_date=2026-01-01_2026-06-12&comparison_date=2026-01-01_2026-06-12,Nevada Reno Mission,,0.008583720
120238069003920727,% Found Baptized,Grow,https://business.facebook.com/adsmanager/manage/ads?act=238929060375046&selected_campaign_ids=120238044869680727&selected_adset_ids=120238068941750727&selected_ad_ids=120238069003920727&date=2026-01-01_2026-06-12&insight_date=2026-01-01_2026-06-12&comparison_date=2026-01-01_2026-06-12,Nevada Reno Mission,,0
120238069003920727,% Found Attending Sacrament,Grow,https://business.facebook.com/adsmanager/manage/ads?act=238929060375046&selected_campaign_ids=120238044869680727&selected_adset_ids=120238068941750727&selected_ad_ids=120238069003920727&date=2026-01-01_2026-06-12&insight_date=2026-01-01_2026-06-12&comparison_date=2026-01-01_2026-06-12,Nevada Reno Mission,,0.043478261
120238069003920727,People Baptized and Confirmed,Grow,https://business.facebook.com/adsmanager/manage/ads?act=238929060375046&selected_campaign_ids=120238044869680727&selected_adset_ids=120238068941750727&selected_ad_ids=120238069003920727&date=2026-01-01_2026-06-12&insight_date=2026-01-01_2026-06-12&comparison_date=2026-01-01_2026-06-12,Nevada Reno Mission,,0
120238069003920727,People Who Attended Sacrament,Grow,https://business.facebook.com/adsmanager/manage/ads?act=238929060375046&selected_campaign_ids=120238044869680727&selected_adset_ids=120238068941750727&selected_ad_ids=120238069003920727&date=2026-01-01_2026-06-12&insight_date=2026-01-01_2026-06-12&comparison_date=2026-01-01_2026-06-12,Nevada Reno Mission,,6
120238069003920727,New People Being Taught,Grow,https://business.facebook.com/adsmanager/manage/ads?act=238929060375046&selected_campaign_ids=120238044869680727&selected_adset_ids=120238068941750727&selected_ad_ids=120238069003920727&date=2026-01-01_2026-06-12&insight_date=2026-01-01_2026-06-12&comparison_date=2026-01-01_2026-06-12,Nevada Reno Mission,,24
120238069003920727,Cost Per Facebook Lead,Grow,https://business.facebook.com/adsmanager/manage/ads?act=238929060375046&selected_campaign_ids=120238044869680727&selected_adset_ids=120238068941750727&selected_ad_ids=120238069003920727&date=2026-01-01_2026-06-12&insight_date=2026-01-01_2026-06-12&comparison_date=2026-01-01_2026-06-12,Nevada Reno Mission,,33.054640069
120238069003920727,Ad Leads,Grow,https://business.facebook.com/adsmanager/manage/ads?act=238929060375046&selected_campaign_ids=120238044869680727&selected_adset_ids=120238068941750727&selected_ad_ids=120238069003920727&date=2026-01-01_2026-06-12&insight_date=2026-01-01_2026-06-12&comparison_date=2026-01-01_2026-06-12,Nevada Reno Mission,,192.166666667
120238069003920727,People Found,Grow,https://business.facebook.com/adsmanager/manage/ads?act=238929060375046&selected_campaign_ids=120238044869680727&selected_adset_ids=120238068941750727&selected_ad_ids=120238069003920727&date=2026-01-01_2026-06-12&insight_date=2026-01-01_2026-06-12&comparison_date=2026-01-01_2026-06-12,Nevada Reno Mission,,138
120237917627540246,Forecasted Cost Per Baptism,Grow,https://business.facebook.com/adsmanager/manage/ads?act=1405980847467818&selected_campaign_ids=120237916995950246&selected_adset_ids=120237916995940246&selected_ad_ids=120237917627540246&date=2026-01-01_2026-06-12&insight_date=2026-01-01_2026-06-12&comparison_date=2026-01-01_2026-06-12,California Modesto Mission,,5346.421159293
120237917627540246,Forecasted Baptisms,Grow,https://business.facebook.com/adsmanager/manage/ads?act=1405980847467818&selected_campaign_ids=120237916995950246&selected_adset_ids=120237916995940246&selected_ad_ids=120237917627540246&date=2026-01-01_2026-06-12&insight_date=2026-01-01_2026-06-12&comparison_date=2026-01-01_2026-06-12,California Modesto Mission,,4.562859019
120237917627540246,Forecasted % Found Baptized,Grow,https://business.facebook.com/adsmanager/manage/ads?act=1405980847467818&selected_campaign_ids=120237916995950246&selected_adset_ids=120237916995940246&selected_ad_ids=120237917627540246&date=2026-01-01_2026-06-12&insight_date=2026-01-01_2026-06-12&comparison_date=2026-01-01_2026-06-12,California Modesto Mission,,0.008894462
120237917627540246,% Found Baptized,Grow,https://business.facebook.com/adsmanager/manage/ads?act=1405980847467818&selected_campaign_ids=120237916995950246&selected_adset_ids=120237916995940246&selected_ad_ids=120237917627540246&date=2026-01-01_2026-06-12&insight_date=2026-01-01_2026-06-12&comparison_date=2026-01-01_2026-06-12,California Modesto Mission,,0.009746589
120237917627540246,% Found Attending Sacrament,Grow,https://business.facebook.com/adsmanager/manage/ads?act=1405980847467818&selected_campaign_ids=120237916995950246&selected_adset_ids=120237916995940246&selected_ad_ids=120237917627540246&date=2026-01-01_2026-06-12&insight_date=2026-01-01_2026-06-12&comparison_date=2026-01-01_2026-06-12,California Modesto Mission,,0.038986355
120237917627540246,People Baptized and Confirmed,Grow,https://business.facebook.com/adsmanager/manage/ads?act=1405980847467818&selected_campaign_ids=120237916995950246&selected_adset_ids=120237916995940246&selected_ad_ids=120237917627540246&date=2026-01-01_2026-06-12&insight_date=2026-01-01_2026-06-12&comparison_date=2026-01-01_2026-06-12,California Modesto Mission,,5
120237917627540246,People Who Attended Sacrament,Grow,https://business.facebook.com/adsmanager/manage/ads?act=1405980847467818&selected_campaign_ids=120237916995950246&selected_adset_ids=120237916995940246&selected_ad_ids=120237917627540246&date=2026-01-01_2026-06-12&insight_date=2026-01-01_2026-06-12&comparison_date=2026-01-01_2026-06-12,California Modesto Mission,,20
120237917627540246,New People Being Taught,Grow,https://business.facebook.com/adsmanager/manage/ads?act=1405980847467818&selected_campaign_ids=120237916995950246&selected_adset_ids=120237916995940246&selected_ad_ids=120237917627540246&date=2026-01-01_2026-06-12&insight_date=2026-01-01_2026-06-12&comparison_date=2026-01-01_2026-06-12,California Modesto Mission,,153
120237917627540246,Cost Per Facebook Lead,Grow,https://business.facebook.com/adsmanager/manage/ads?act=1405980847467818&selected_campaign_ids=120237916995950246&selected_adset_ids=120237916995940246&selected_ad_ids=120237917627540246&date=2026-01-01_2026-06-12&insight_date=2026-01-01_2026-06-12&comparison_date=2026-01-01_2026-06-12,California Modesto Mission,,32.253498065
120237917627540246,Ad Leads,Grow,https://business.facebook.com/adsmanager/manage/ads?act=1405980847467818&selected_campaign_ids=120237916995950246&selected_adset_ids=120237916995940246&selected_ad_ids=120237917627540246&date=2026-01-01_2026-06-12&insight_date=2026-01-01_2026-06-12&comparison_date=2026-01-01_2026-06-12,California Modesto Mission,,756.351015307
120237917627540246,People Found,Grow,https://business.facebook.com/adsmanager/manage/ads?act=1405980847467818&selected_campaign_ids=120237916995950246&selected_adset_ids=120237916995940246&selected_ad_ids=120237917627540246&date=2026-01-01_2026-06-12&insight_date=2026-01-01_2026-06-12&comparison_date=2026-01-01_2026-06-12,California Modesto Mission,,513
120239742542540218,Forecasted Cost Per Baptism,-,https://business.facebook.com/adsmanager/manage/ads?act=2690826994537559&selected_campaign_ids=120239742484610218&selected_adset_ids=120239742487500218&selected_ad_ids=120239742542540218&date=2026-01-01_2026-06-12&insight_date=2026-01-01_2026-06-12&comparison_date=2026-01-01_2026-06-12,Tennessee Nashville Mission,,5318.839139394
120239742542540218,Forecasted Baptisms,-,https://business.facebook.com/adsmanager/manage/ads?act=2690826994537559&selected_campaign_ids=120239742484610218&selected_adset_ids=120239742487500218&selected_ad_ids=120239742542540218&date=2026-01-01_2026-06-12&insight_date=2026-01-01_2026-06-12&comparison_date=2026-01-01_2026-06-12,Tennessee Nashville Mission,,2.549292033
120239742542540218,Forecasted % Found Baptized,-,https://business.facebook.com/adsmanager/manage/ads?act=2690826994537559&selected_campaign_ids=120239742484610218&selected_adset_ids=120239742487500218&selected_ad_ids=120239742542540218&date=2026-01-01_2026-06-12&insight_date=2026-01-01_2026-06-12&comparison_date=2026-01-01_2026-06-12,Tennessee Nashville Mission,,0.006373230
120239742542540218,% Found Baptized,-,https://business.facebook.com/adsmanager/manage/ads?act=2690826994537559&selected_campaign_ids=120239742484610218&selected_adset_ids=120239742487500218&selected_ad_ids=120239742542540218&date=2026-01-01_2026-06-12&insight_date=2026-01-01_2026-06-12&comparison_date=2026-01-01_2026-06-12,Tennessee Nashville Mission,,0.0025
120239742542540218,% Found Attending Sacrament,-,https://business.facebook.com/adsmanager/manage/ads?act=2690826994537559&selected_campaign_ids=120239742484610218&selected_adset_ids=120239742487500218&selected_ad_ids=120239742542540218&date=2026-01-01_2026-06-12&insight_date=2026-01-01_2026-06-12&comparison_date=2026-01-01_2026-06-12,Tennessee Nashville Mission,,0.065
120239742542540218,People Baptized and Confirmed,-,https://business.facebook.com/adsmanager/manage/ads?act=2690826994537559&selected_campaign_ids=120239742484610218&selected_adset_ids=120239742487500218&selected_ad_ids=120239742542540218&date=2026-01-01_2026-06-12&insight_date=2026-01-01_2026-06-12&comparison_date=2026-01-01_2026-06-12,Tennessee Nashville Mission,,1
120239742542540218,People Who Attended Sacrament,-,https://business.facebook.com/adsmanager/manage/ads?act=2690826994537559&selected_campaign_ids=120239742484610218&selected_adset_ids=120239742487500218&selected_ad_ids=120239742542540218&date=2026-01-01_2026-06-12&insight_date=2026-01-01_2026-06-12&comparison_date=2026-01-01_2026-06-12,Tennessee Nashville Mission,,26
120239742542540218,New People Being Taught,-,https://business.facebook.com/adsmanager/manage/ads?act=2690826994537559&selected_campaign_ids=120239742484610218&selected_adset_ids=120239742487500218&selected_ad_ids=120239742542540218&date=2026-01-01_2026-06-12&insight_date=2026-01-01_2026-06-12&comparison_date=2026-01-01_2026-06-12,Tennessee Nashville Mission,,83
120239742542540218,Cost Per Facebook Lead,-,https://business.facebook.com/adsmanager/manage/ads?act=2690826994537559&selected_campaign_ids=120239742484610218&selected_adset_ids=120239742487500218&selected_ad_ids=120239742542540218&date=2026-01-01_2026-06-12&insight_date=2026-01-01_2026-06-12&comparison_date=2026-01-01_2026-06-12,Tennessee Nashville Mission,,31.746241113
120239742542540218,Ad Leads,-,https://business.facebook.com/adsmanager/manage/ads?act=2690826994537559&selected_campaign_ids=120239742484610218&selected_adset_ids=120239742487500218&selected_ad_ids=120239742542540218&date=2026-01-01_2026-06-12&insight_date=2026-01-01_2026-06-12&comparison_date=2026-01-01_2026-06-12,Tennessee Nashville Mission,,427.114321789
120239742542540218,People Found,-,https://business.facebook.com/adsmanager/manage/ads?act=2690826994537559&selected_campaign_ids=120239742484610218&selected_adset_ids=120239742487500218&selected_ad_ids=120239742542540218&date=2026-01-01_2026-06-12&insight_date=2026-01-01_2026-06-12&comparison_date=2026-01-01_2026-06-12,Tennessee Nashville Mission,,400
120244812554620286,Forecasted Cost Per Baptism,Grow,https://business.facebook.com/adsmanager/manage/ads?act=302214574236400&selected_campaign_ids=120244809609760286&selected_adset_ids=120244812554600286&selected_ad_ids=120244812554620286&date=2026-01-01_2026-06-12&insight_date=2026-01-01_2026-06-12&comparison_date=2026-01-01_2026-06-12,Tennessee Nashville Mission,,5259.091536977
120244812554620286,Forecasted Baptisms,Grow,https://business.facebook.com/adsmanager/manage/ads?act=302214574236400&selected_campaign_ids=120244809609760286&selected_adset_ids=120244812554600286&selected_ad_ids=120244812554620286&date=2026-01-01_2026-06-12&insight_date=2026-01-01_2026-06-12&comparison_date=2026-01-01_2026-06-12,Tennessee Nashville Mission,,0.470512188
120244812554620286,Forecasted % Found Baptized,Grow,https://business.facebook.com/adsmanager/manage/ads?act=302214574236400&selected_campaign_ids=120244809609760286&selected_adset_ids=120244812554600286&selected_ad_ids=120244812554620286&date=2026-01-01_2026-06-12&insight_date=2026-01-01_2026-06-12&comparison_date=2026-01-01_2026-06-12,Tennessee Nashville Mission,,0.006819017
120244812554620286,% Found Baptized,Grow,https://business.facebook.com/adsmanager/manage/ads?act=302214574236400&selected_campaign_ids=120244809609760286&selected_adset_ids=120244812554600286&selected_ad_ids=120244812554620286&date=2026-01-01_2026-06-12&insight_date=2026-01-01_2026-06-12&comparison_date=2026-01-01_2026-06-12,Tennessee Nashville Mission,,0
120244812554620286,% Found Attending Sacrament,Grow,https://business.facebook.com/adsmanager/manage/ads?act=302214574236400&selected_campaign_ids=120244809609760286&selected_adset_ids=120244812554600286&selected_ad_ids=120244812554620286&date=2026-01-01_2026-06-12&insight_date=2026-01-01_2026-06-12&comparison_date=2026-01-01_2026-06-12,Tennessee Nashville Mission,,0.043478261
120244812554620286,People Baptized and Confirmed,Grow,https://business.facebook.com/adsmanager/manage/ads?act=302214574236400&selected_campaign_ids=120244809609760286&selected_adset_ids=120244812554600286&selected_ad_ids=120244812554620286&date=2026-01-01_2026-06-12&insight_date=2026-01-01_2026-06-12&comparison_date=2026-01-01_2026-06-12,Tennessee Nashville Mission,,0
120244812554620286,People Who Attended Sacrament,Grow,https://business.facebook.com/adsmanager/manage/ads?act=302214574236400&selected_campaign_ids=120244809609760286&selected_adset_ids=120244812554600286&selected_ad_ids=120244812554620286&date=2026-01-01_2026-06-12&insight_date=2026-01-01_2026-06-12&comparison_date=2026-01-01_2026-06-12,Tennessee Nashville Mission,,3
120244812554620286,New People Being Taught,Grow,https://business.facebook.com/adsmanager/manage/ads?act=302214574236400&selected_campaign_ids=120244809609760286&selected_adset_ids=120244812554600286&selected_ad_ids=120244812554620286&date=2026-01-01_2026-06-12&insight_date=2026-01-01_2026-06-12&comparison_date=2026-01-01_2026-06-12,Tennessee Nashville Mission,,13
120244812554620286,Cost Per Facebook Lead,Grow,https://business.facebook.com/adsmanager/manage/ads?act=302214574236400&selected_campaign_ids=120244809609760286&selected_adset_ids=120244812554600286&selected_ad_ids=120244812554620286&date=2026-01-01_2026-06-12&insight_date=2026-01-01_2026-06-12&comparison_date=2026-01-01_2026-06-12,Tennessee Nashville Mission,,22.362044110
120244812554620286,Ad Leads,Grow,https://business.facebook.com/adsmanager/manage/ads?act=302214574236400&selected_campaign_ids=120244809609760286&selected_adset_ids=120244812554600286&selected_ad_ids=120244812554620286&date=2026-01-01_2026-06-12&insight_date=2026-01-01_2026-06-12&comparison_date=2026-01-01_2026-06-12,Tennessee Nashville Mission,,110.654761905
120244812554620286,People Found,Grow,https://business.facebook.com/adsmanager/manage/ads?act=302214574236400&selected_campaign_ids=120244809609760286&selected_adset_ids=120244812554600286&selected_ad_ids=120244812554620286&date=2026-01-01_2026-06-12&insight_date=2026-01-01_2026-06-12&comparison_date=2026-01-01_2026-06-12,Tennessee Nashville Mission,,69
120243247574020368,Forecasted Cost Per Baptism,Grow,https://business.facebook.com/adsmanager/manage/ads?act=1059444081122469&selected_campaign_ids=120243160448030368&selected_adset_ids=120243247377070368&selected_ad_ids=120243247574020368&date=2026-01-01_2026-06-12&insight_date=2026-01-01_2026-06-12&comparison_date=2026-01-01_2026-06-12,Utah Orem Mission,,5250.205982331
120243247574020368,Forecasted Baptisms,Grow,https://business.facebook.com/adsmanager/manage/ads?act=1059444081122469&selected_campaign_ids=120243160448030368&selected_adset_ids=120243247377070368&selected_ad_ids=120243247574020368&date=2026-01-01_2026-06-12&insight_date=2026-01-01_2026-06-12&comparison_date=2026-01-01_2026-06-12,Utah Orem Mission,,0.439220863
120243247574020368,Forecasted % Found Baptized,Grow,https://business.facebook.com/adsmanager/manage/ads?act=1059444081122469&selected_campaign_ids=120243160448030368&selected_adset_ids=120243247377070368&selected_ad_ids=120243247574020368&date=2026-01-01_2026-06-12&insight_date=2026-01-01_2026-06-12&comparison_date=2026-01-01_2026-06-12,Utah Orem Mission,,0.010214439
120243247574020368,% Found Baptized,Grow,https://business.facebook.com/adsmanager/manage/ads?act=1059444081122469&selected_campaign_ids=120243160448030368&selected_adset_ids=120243247377070368&selected_ad_ids=120243247574020368&date=2026-01-01_2026-06-12&insight_date=2026-01-01_2026-06-12&comparison_date=2026-01-01_2026-06-12,Utah Orem Mission,,0.023255814
120243247574020368,% Found Attending Sacrament,Grow,https://business.facebook.com/adsmanager/manage/ads?act=1059444081122469&selected_campaign_ids=120243160448030368&selected_adset_ids=120243247377070368&selected_ad_ids=120243247574020368&date=2026-01-01_2026-06-12&insight_date=2026-01-01_2026-06-12&comparison_date=2026-01-01_2026-06-12,Utah Orem Mission,,0.139534884
120243247574020368,People Baptized and Confirmed,Grow,https://business.facebook.com/adsmanager/manage/ads?act=1059444081122469&selected_campaign_ids=120243160448030368&selected_adset_ids=120243247377070368&selected_ad_ids=120243247574020368&date=2026-01-01_2026-06-12&insight_date=2026-01-01_2026-06-12&comparison_date=2026-01-01_2026-06-12,Utah Orem Mission,,1
120243247574020368,People Who Attended Sacrament,Grow,https://business.facebook.com/adsmanager/manage/ads?act=1059444081122469&selected_campaign_ids=120243160448030368&selected_adset_ids=120243247377070368&selected_ad_ids=120243247574020368&date=2026-01-01_2026-06-12&insight_date=2026-01-01_2026-06-12&comparison_date=2026-01-01_2026-06-12,Utah Orem Mission,,6
120243247574020368,New People Being Taught,Grow,https://business.facebook.com/adsmanager/manage/ads?act=1059444081122469&selected_campaign_ids=120243160448030368&selected_adset_ids=120243247377070368&selected_ad_ids=120243247574020368&date=2026-01-01_2026-06-12&insight_date=2026-01-01_2026-06-12&comparison_date=2026-01-01_2026-06-12,Utah Orem Mission,,13
120243247574020368,Cost Per Facebook Lead,Grow,https://business.facebook.com/adsmanager/manage/ads?act=1059444081122469&selected_campaign_ids=120243160448030368&selected_adset_ids=120243247377070368&selected_ad_ids=120243247574020368&date=2026-01-01_2026-06-12&insight_date=2026-01-01_2026-06-12&comparison_date=2026-01-01_2026-06-12,Utah Orem Mission,,32.478873239
120243247574020368,Ad Leads,Grow,https://business.facebook.com/adsmanager/manage/ads?act=1059444081122469&selected_campaign_ids=120243160448030368&selected_adset_ids=120243247377070368&selected_ad_ids=120243247574020368&date=2026-01-01_2026-06-12&insight_date=2026-01-01_2026-06-12&comparison_date=2026-01-01_2026-06-12,Utah Orem Mission,,71
120243247574020368,People Found,Grow,https://business.facebook.com/adsmanager/manage/ads?act=1059444081122469&selected_campaign_ids=120243160448030368&selected_adset_ids=120243247377070368&selected_ad_ids=120243247574020368&date=2026-01-01_2026-06-12&insight_date=2026-01-01_2026-06-12&comparison_date=2026-01-01_2026-06-12,Utah Orem Mission,,43
120240996485150524,Forecasted Cost Per Baptism,Grow,https://business.facebook.com/adsmanager/manage/ads?act=2683631865285420&selected_campaign_ids=120240995913130524&selected_adset_ids=120240995913160524&selected_ad_ids=120240996485150524&date=2026-01-01_2026-06-12&insight_date=2026-01-01_2026-06-12&comparison_date=2026-01-01_2026-06-12,Washington DC South Mission,,5248.947150660
120240996485150524,Forecasted Baptisms,Grow,https://business.facebook.com/adsmanager/manage/ads?act=2683631865285420&selected_campaign_ids=120240995913130524&selected_adset_ids=120240995913160524&selected_ad_ids=120240996485150524&date=2026-01-01_2026-06-12&insight_date=2026-01-01_2026-06-12&comparison_date=2026-01-01_2026-06-12,Washington DC South Mission,,2.281060927
120240996485150524,Forecasted % Found Baptized,Grow,https://business.facebook.com/adsmanager/manage/ads?act=2683631865285420&selected_campaign_ids=120240995913130524&selected_adset_ids=120240995913160524&selected_ad_ids=120240996485150524&date=2026-01-01_2026-06-12&insight_date=2026-01-01_2026-06-12&comparison_date=2026-01-01_2026-06-12,Washington DC South Mission,,0.006728793
120240996485150524,% Found Baptized,Grow,https://business.facebook.com/adsmanager/manage/ads?act=2683631865285420&selected_campaign_ids=120240995913130524&selected_adset_ids=120240995913160524&selected_ad_ids=120240996485150524&date=2026-01-01_2026-06-12&insight_date=2026-01-01_2026-06-12&comparison_date=2026-01-01_2026-06-12,Washington DC South Mission,,0.005899705
120240996485150524,% Found Attending Sacrament,Grow,https://business.facebook.com/adsmanager/manage/ads?act=2683631865285420&selected_campaign_ids=120240995913130524&selected_adset_ids=120240995913160524&selected_ad_ids=120240996485150524&date=2026-01-01_2026-06-12&insight_date=2026-01-01_2026-06-12&comparison_date=2026-01-01_2026-06-12,Washington DC South Mission,,0.047197640
120240996485150524,People Baptized and Confirmed,Grow,https://business.facebook.com/adsmanager/manage/ads?act=2683631865285420&selected_campaign_ids=120240995913130524&selected_adset_ids=120240995913160524&selected_ad_ids=120240996485150524&date=2026-01-01_2026-06-12&insight_date=2026-01-01_2026-06-12&comparison_date=2026-01-01_2026-06-12,Washington DC South Mission,,2
120240996485150524,People Who Attended Sacrament,Grow,https://business.facebook.com/adsmanager/manage/ads?act=2683631865285420&selected_campaign_ids=120240995913130524&selected_adset_ids=120240995913160524&selected_ad_ids=120240996485150524&date=2026-01-01_2026-06-12&insight_date=2026-01-01_2026-06-12&comparison_date=2026-01-01_2026-06-12,Washington DC South Mission,,16
120240996485150524,New People Being Taught,Grow,https://business.facebook.com/adsmanager/manage/ads?act=2683631865285420&selected_campaign_ids=120240995913130524&selected_adset_ids=120240995913160524&selected_ad_ids=120240996485150524&date=2026-01-01_2026-06-12&insight_date=2026-01-01_2026-06-12&comparison_date=2026-01-01_2026-06-12,Washington DC South Mission,,94
120240996485150524,Cost Per Facebook Lead,Grow,https://business.facebook.com/adsmanager/manage/ads?act=2683631865285420&selected_campaign_ids=120240995913130524&selected_adset_ids=120240995913160524&selected_ad_ids=120240996485150524&date=2026-01-01_2026-06-12&insight_date=2026-01-01_2026-06-12&comparison_date=2026-01-01_2026-06-12,Washington DC South Mission,,26.991780547
120240996485150524,Ad Leads,Grow,https://business.facebook.com/adsmanager/manage/ads?act=2683631865285420&selected_campaign_ids=120240995913130524&selected_adset_ids=120240995913160524&selected_ad_ids=120240996485150524&date=2026-01-01_2026-06-12&insight_date=2026-01-01_2026-06-12&comparison_date=2026-01-01_2026-06-12,Washington DC South Mission,,443.585714286
120240996485150524,People Found,Grow,https://business.facebook.com/adsmanager/manage/ads?act=2683631865285420&selected_campaign_ids=120240995913130524&selected_adset_ids=120240995913160524&selected_ad_ids=120240996485150524&date=2026-01-01_2026-06-12&insight_date=2026-01-01_2026-06-12&comparison_date=2026-01-01_2026-06-12,Washington DC South Mission,,339
120244837324490360,Forecasted Cost Per Baptism,-,https://business.facebook.com/adsmanager/manage/ads?act=1566346430181695&selected_campaign_ids=120244837324620360&selected_adset_ids=120244837324540360&selected_ad_ids=120244837324490360&date=2026-01-01_2026-06-12&insight_date=2026-01-01_2026-06-12&comparison_date=2026-01-01_2026-06-12,Iowa Iowa City Mission,,5246.448364833
120244837324490360,Forecasted Baptisms,-,https://business.facebook.com/adsmanager/manage/ads?act=1566346430181695&selected_campaign_ids=120244837324620360&selected_adset_ids=120244837324540360&selected_ad_ids=120244837324490360&date=2026-01-01_2026-06-12&insight_date=2026-01-01_2026-06-12&comparison_date=2026-01-01_2026-06-12,Iowa Iowa City Mission,,0.259413589
120244837324490360,Forecasted % Found Baptized,-,https://business.facebook.com/adsmanager/manage/ads?act=1566346430181695&selected_campaign_ids=120244837324620360&selected_adset_ids=120244837324540360&selected_ad_ids=120244837324490360&date=2026-01-01_2026-06-12&insight_date=2026-01-01_2026-06-12&comparison_date=2026-01-01_2026-06-12,Iowa Iowa City Mission,,0.007205933
120244837324490360,% Found Baptized,-,https://business.facebook.com/adsmanager/manage/ads?act=1566346430181695&selected_campaign_ids=120244837324620360&selected_adset_ids=120244837324540360&selected_ad_ids=120244837324490360&date=2026-01-01_2026-06-12&insight_date=2026-01-01_2026-06-12&comparison_date=2026-01-01_2026-06-12,Iowa Iowa City Mission,,0
120244837324490360,% Found Attending Sacrament,-,https://business.facebook.com/adsmanager/manage/ads?act=1566346430181695&selected_campaign_ids=120244837324620360&selected_adset_ids=120244837324540360&selected_ad_ids=120244837324490360&date=2026-01-01_2026-06-12&insight_date=2026-01-01_2026-06-12&comparison_date=2026-01-01_2026-06-12,Iowa Iowa City Mission,,0.083333333
120244837324490360,People Baptized and Confirmed,-,https://business.facebook.com/adsmanager/manage/ads?act=1566346430181695&selected_campaign_ids=120244837324620360&selected_adset_ids=120244837324540360&selected_ad_ids=120244837324490360&date=2026-01-01_2026-06-12&insight_date=2026-01-01_2026-06-12&comparison_date=2026-01-01_2026-06-12,Iowa Iowa City Mission,,0
120244837324490360,People Who Attended Sacrament,-,https://business.facebook.com/adsmanager/manage/ads?act=1566346430181695&selected_campaign_ids=120244837324620360&selected_adset_ids=120244837324540360&selected_ad_ids=120244837324490360&date=2026-01-01_2026-06-12&insight_date=2026-01-01_2026-06-12&comparison_date=2026-01-01_2026-06-12,Iowa Iowa City Mission,,3
120244837324490360,New People Being Taught,-,https://business.facebook.com/adsmanager/manage/ads?act=1566346430181695&selected_campaign_ids=120244837324620360&selected_adset_ids=120244837324540360&selected_ad_ids=120244837324490360&date=2026-01-01_2026-06-12&insight_date=2026-01-01_2026-06-12&comparison_date=2026-01-01_2026-06-12,Iowa Iowa City Mission,,9
120244837324490360,Cost Per Facebook Lead,-,https://business.facebook.com/adsmanager/manage/ads?act=1566346430181695&selected_campaign_ids=120244837324620360&selected_adset_ids=120244837324540360&selected_ad_ids=120244837324490360&date=2026-01-01_2026-06-12&insight_date=2026-01-01_2026-06-12&comparison_date=2026-01-01_2026-06-12,Iowa Iowa City Mission,,30.244444444
120244837324490360,Ad Leads,-,https://business.facebook.com/adsmanager/manage/ads?act=1566346430181695&selected_campaign_ids=120244837324620360&selected_adset_ids=120244837324540360&selected_ad_ids=120244837324490360&date=2026-01-01_2026-06-12&insight_date=2026-01-01_2026-06-12&comparison_date=2026-01-01_2026-06-12,Iowa Iowa City Mission,,45
120244837324490360,People Found,-,https://business.facebook.com/adsmanager/manage/ads?act=1566346430181695&selected_campaign_ids=120244837324620360&selected_adset_ids=120244837324540360&selected_ad_ids=120244837324490360&date=2026-01-01_2026-06-12&insight_date=2026-01-01_2026-06-12&comparison_date=2026-01-01_2026-06-12,Iowa Iowa City Mission,,36
120243714286100700,Forecasted Cost Per Baptism,Grow,https://business.facebook.com/adsmanager/manage/ads?act=239288150469483&selected_campaign_ids=120243713894560700&selected_adset_ids=120243713894530700&selected_ad_ids=120243714286100700&date=2026-01-01_2026-06-12&insight_date=2026-01-01_2026-06-12&comparison_date=2026-01-01_2026-06-12,Tennessee Nashville Mission,,5245.514378999
120243714286100700,Forecasted Baptisms,Grow,https://business.facebook.com/adsmanager/manage/ads?act=239288150469483&selected_campaign_ids=120243713894560700&selected_adset_ids=120243713894530700&selected_ad_ids=120243714286100700&date=2026-01-01_2026-06-12&insight_date=2026-01-01_2026-06-12&comparison_date=2026-01-01_2026-06-12,Tennessee Nashville Mission,,1.834255631
120243714286100700,Forecasted % Found Baptized,Grow,https://business.facebook.com/adsmanager/manage/ads?act=239288150469483&selected_campaign_ids=120243713894560700&selected_adset_ids=120243713894530700&selected_ad_ids=120243714286100700&date=2026-01-01_2026-06-12&insight_date=2026-01-01_2026-06-12&comparison_date=2026-01-01_2026-06-12,Tennessee Nashville Mission,,0.008337526
120243714286100700,% Found Baptized,Grow,https://business.facebook.com/adsmanager/manage/ads?act=239288150469483&selected_campaign_ids=120243713894560700&selected_adset_ids=120243713894530700&selected_ad_ids=120243714286100700&date=2026-01-01_2026-06-12&insight_date=2026-01-01_2026-06-12&comparison_date=2026-01-01_2026-06-12,Tennessee Nashville Mission,,0
120243714286100700,% Found Attending Sacrament,Grow,https://business.facebook.com/adsmanager/manage/ads?act=239288150469483&selected_campaign_ids=120243713894560700&selected_adset_ids=120243713894530700&selected_ad_ids=120243714286100700&date=2026-01-01_2026-06-12&insight_date=2026-01-01_2026-06-12&comparison_date=2026-01-01_2026-06-12,Tennessee Nashville Mission,,0.054545455
120243714286100700,People Baptized and Confirmed,Grow,https://business.facebook.com/adsmanager/manage/ads?act=239288150469483&selected_campaign_ids=120243713894560700&selected_adset_ids=120243713894530700&selected_ad_ids=120243714286100700&date=2026-01-01_2026-06-12&insight_date=2026-01-01_2026-06-12&comparison_date=2026-01-01_2026-06-12,Tennessee Nashville Mission,,0
120243714286100700,People Who Attended Sacrament,Grow,https://business.facebook.com/adsmanager/manage/ads?act=239288150469483&selected_campaign_ids=120243713894560700&selected_adset_ids=120243713894530700&selected_ad_ids=120243714286100700&date=2026-01-01_2026-06-12&insight_date=2026-01-01_2026-06-12&comparison_date=2026-01-01_2026-06-12,Tennessee Nashville Mission,,12
120243714286100700,New People Being Taught,Grow,https://business.facebook.com/adsmanager/manage/ads?act=239288150469483&selected_campaign_ids=120243713894560700&selected_adset_ids=120243713894530700&selected_ad_ids=120243714286100700&date=2026-01-01_2026-06-12&insight_date=2026-01-01_2026-06-12&comparison_date=2026-01-01_2026-06-12,Tennessee Nashville Mission,,72
120243714286100700,Cost Per Facebook Lead,Grow,https://business.facebook.com/adsmanager/manage/ads?act=239288150469483&selected_campaign_ids=120243713894560700&selected_adset_ids=120243713894530700&selected_ad_ids=120243714286100700&date=2026-01-01_2026-06-12&insight_date=2026-01-01_2026-06-12&comparison_date=2026-01-01_2026-06-12,Tennessee Nashville Mission,,34.942308690
120243714286100700,Ad Leads,Grow,https://business.facebook.com/adsmanager/manage/ads?act=239288150469483&selected_campaign_ids=120243713894560700&selected_adset_ids=120243713894530700&selected_ad_ids=120243714286100700&date=2026-01-01_2026-06-12&insight_date=2026-01-01_2026-06-12&comparison_date=2026-01-01_2026-06-12,Tennessee Nashville Mission,,275.357142857
120243714286100700,People Found,Grow,https://business.facebook.com/adsmanager/manage/ads?act=239288150469483&selected_campaign_ids=120243713894560700&selected_adset_ids=120243713894530700&selected_ad_ids=120243714286100700&date=2026-01-01_2026-06-12&insight_date=2026-01-01_2026-06-12&comparison_date=2026-01-01_2026-06-12,Tennessee Nashville Mission,,220
120241439660610019,Forecasted Cost Per Baptism,Grow,https://business.facebook.com/adsmanager/manage/ads?act=1557243931332340&selected_campaign_ids=120240753607360019&selected_adset_ids=120241439660530019&selected_ad_ids=120241439660610019&date=2026-01-01_2026-06-12&insight_date=2026-01-01_2026-06-12&comparison_date=2026-01-01_2026-06-12,Ohio Columbus Mission,,5231.501951592
120241439660610019,Forecasted Baptisms,Grow,https://business.facebook.com/adsmanager/manage/ads?act=1557243931332340&selected_campaign_ids=120240753607360019&selected_adset_ids=120241439660530019&selected_ad_ids=120241439660610019&date=2026-01-01_2026-06-12&insight_date=2026-01-01_2026-06-12&comparison_date=2026-01-01_2026-06-12,Ohio Columbus Mission,,2.052680110
120241439660610019,Forecasted % Found Baptized,Grow,https://business.facebook.com/adsmanager/manage/ads?act=1557243931332340&selected_campaign_ids=120240753607360019&selected_adset_ids=120241439660530019&selected_ad_ids=120241439660610019&date=2026-01-01_2026-06-12&insight_date=2026-01-01_2026-06-12&comparison_date=2026-01-01_2026-06-12,Ohio Columbus Mission,,0.007227747
120241439660610019,% Found Baptized,Grow,https://business.facebook.com/adsmanager/manage/ads?act=1557243931332340&selected_campaign_ids=120240753607360019&selected_adset_ids=120241439660530019&selected_ad_ids=120241439660610019&date=2026-01-01_2026-06-12&insight_date=2026-01-01_2026-06-12&comparison_date=2026-01-01_2026-06-12,Ohio Columbus Mission,,0.003521127
120241439660610019,% Found Attending Sacrament,Grow,https://business.facebook.com/adsmanager/manage/ads?act=1557243931332340&selected_campaign_ids=120240753607360019&selected_adset_ids=120241439660530019&selected_ad_ids=120241439660610019&date=2026-01-01_2026-06-12&insight_date=2026-01-01_2026-06-12&comparison_date=2026-01-01_2026-06-12,Ohio Columbus Mission,,0.063380282
120241439660610019,People Baptized and Confirmed,Grow,https://business.facebook.com/adsmanager/manage/ads?act=1557243931332340&selected_campaign_ids=120240753607360019&selected_adset_ids=120241439660530019&selected_ad_ids=120241439660610019&date=2026-01-01_2026-06-12&insight_date=2026-01-01_2026-06-12&comparison_date=2026-01-01_2026-06-12,Ohio Columbus Mission,,1
120241439660610019,People Who Attended Sacrament,Grow,https://business.facebook.com/adsmanager/manage/ads?act=1557243931332340&selected_campaign_ids=120240753607360019&selected_adset_ids=120241439660530019&selected_ad_ids=120241439660610019&date=2026-01-01_2026-06-12&insight_date=2026-01-01_2026-06-12&comparison_date=2026-01-01_2026-06-12,Ohio Columbus Mission,,18
120241439660610019,New People Being Taught,Grow,https://business.facebook.com/adsmanager/manage/ads?act=1557243931332340&selected_campaign_ids=120240753607360019&selected_adset_ids=120241439660530019&selected_ad_ids=120241439660610019&date=2026-01-01_2026-06-12&insight_date=2026-01-01_2026-06-12&comparison_date=2026-01-01_2026-06-12,Ohio Columbus Mission,,69
120241439660610019,Cost Per Facebook Lead,Grow,https://business.facebook.com/adsmanager/manage/ads?act=1557243931332340&selected_campaign_ids=120240753607360019&selected_adset_ids=120241439660530019&selected_ad_ids=120241439660610019&date=2026-01-01_2026-06-12&insight_date=2026-01-01_2026-06-12&comparison_date=2026-01-01_2026-06-12,Ohio Columbus Mission,,29.642804564
120241439660610019,Ad Leads,Grow,https://business.facebook.com/adsmanager/manage/ads?act=1557243931332340&selected_campaign_ids=120240753607360019&selected_adset_ids=120241439660530019&selected_ad_ids=120241439660610019&date=2026-01-01_2026-06-12&insight_date=2026-01-01_2026-06-12&comparison_date=2026-01-01_2026-06-12,Ohio Columbus Mission,,362.266666667
120241439660610019,People Found,Grow,https://business.facebook.com/adsmanager/manage/ads?act=1557243931332340&selected_campaign_ids=120240753607360019&selected_adset_ids=120241439660530019&selected_ad_ids=120241439660610019&date=2026-01-01_2026-06-12&insight_date=2026-01-01_2026-06-12&comparison_date=2026-01-01_2026-06-12,Ohio Columbus Mission,,284
120238229341420727,Forecasted Cost Per Baptism,Grow,https://business.facebook.com/adsmanager/manage/ads?act=305551410810029&selected_campaign_ids=120238118673040727&selected_adset_ids=120238228791920727&selected_ad_ids=120238229341420727&date=2026-01-01_2026-06-12&insight_date=2026-01-01_2026-06-12&comparison_date=2026-01-01_2026-06-12,Arizona Tucson Mission,,5137.592237247
120238229341420727,Forecasted Baptisms,Grow,https://business.facebook.com/adsmanager/manage/ads?act=305551410810029&selected_campaign_ids=120238118673040727&selected_adset_ids=120238228791920727&selected_ad_ids=120238229341420727&date=2026-01-01_2026-06-12&insight_date=2026-01-01_2026-06-12&comparison_date=2026-01-01_2026-06-12,Arizona Tucson Mission,,0.375110865
120238229341420727,Forecasted % Found Baptized,Grow,https://business.facebook.com/adsmanager/manage/ads?act=305551410810029&selected_campaign_ids=120238118673040727&selected_adset_ids=120238228791920727&selected_ad_ids=120238229341420727&date=2026-01-01_2026-06-12&insight_date=2026-01-01_2026-06-12&comparison_date=2026-01-01_2026-06-12,Arizona Tucson Mission,,0.009377772
120238229341420727,% Found Baptized,Grow,https://business.facebook.com/adsmanager/manage/ads?act=305551410810029&selected_campaign_ids=120238118673040727&selected_adset_ids=120238228791920727&selected_ad_ids=120238229341420727&date=2026-01-01_2026-06-12&insight_date=2026-01-01_2026-06-12&comparison_date=2026-01-01_2026-06-12,Arizona Tucson Mission,,0.025
120238229341420727,% Found Attending Sacrament,Grow,https://business.facebook.com/adsmanager/manage/ads?act=305551410810029&selected_campaign_ids=120238118673040727&selected_adset_ids=120238228791920727&selected_ad_ids=120238229341420727&date=2026-01-01_2026-06-12&insight_date=2026-01-01_2026-06-12&comparison_date=2026-01-01_2026-06-12,Arizona Tucson Mission,,0.075
120238229341420727,People Baptized and Confirmed,Grow,https://business.facebook.com/adsmanager/manage/ads?act=305551410810029&selected_campaign_ids=120238118673040727&selected_adset_ids=120238228791920727&selected_ad_ids=120238229341420727&date=2026-01-01_2026-06-12&insight_date=2026-01-01_2026-06-12&comparison_date=2026-01-01_2026-06-12,Arizona Tucson Mission,,1
120238229341420727,People Who Attended Sacrament,Grow,https://business.facebook.com/adsmanager/manage/ads?act=305551410810029&selected_campaign_ids=120238118673040727&selected_adset_ids=120238228791920727&selected_ad_ids=120238229341420727&date=2026-01-01_2026-06-12&insight_date=2026-01-01_2026-06-12&comparison_date=2026-01-01_2026-06-12,Arizona Tucson Mission,,3
120238229341420727,New People Being Taught,Grow,https://business.facebook.com/adsmanager/manage/ads?act=305551410810029&selected_campaign_ids=120238118673040727&selected_adset_ids=120238228791920727&selected_ad_ids=120238229341420727&date=2026-01-01_2026-06-12&insight_date=2026-01-01_2026-06-12&comparison_date=2026-01-01_2026-06-12,Arizona Tucson Mission,,10
120238229341420727,Cost Per Facebook Lead,Grow,https://business.facebook.com/adsmanager/manage/ads?act=305551410810029&selected_campaign_ids=120238118673040727&selected_adset_ids=120238228791920727&selected_ad_ids=120238229341420727&date=2026-01-01_2026-06-12&insight_date=2026-01-01_2026-06-12&comparison_date=2026-01-01_2026-06-12,Arizona Tucson Mission,,29.497448980
120238229341420727,Ad Leads,Grow,https://business.facebook.com/adsmanager/manage/ads?act=305551410810029&selected_campaign_ids=120238118673040727&selected_adset_ids=120238228791920727&selected_ad_ids=120238229341420727&date=2026-01-01_2026-06-12&insight_date=2026-01-01_2026-06-12&comparison_date=2026-01-01_2026-06-12,Arizona Tucson Mission,,65.333333333
120238229341420727,People Found,Grow,https://business.facebook.com/adsmanager/manage/ads?act=305551410810029&selected_campaign_ids=120238118673040727&selected_adset_ids=120238228791920727&selected_ad_ids=120238229341420727&date=2026-01-01_2026-06-12&insight_date=2026-01-01_2026-06-12&comparison_date=2026-01-01_2026-06-12,Arizona Tucson Mission,,40
120240398891490727,Forecasted Cost Per Baptism,Grow,https://business.facebook.com/adsmanager/manage/ads?act=238929060375046&selected_campaign_ids=120240398586900727&selected_adset_ids=120240398661950727&selected_ad_ids=120240398891490727&date=2026-01-01_2026-06-12&insight_date=2026-01-01_2026-06-12&comparison_date=2026-01-01_2026-06-12,Nevada Reno Mission,,5025.845259759
120240398891490727,Forecasted Baptisms,Grow,https://business.facebook.com/adsmanager/manage/ads?act=238929060375046&selected_campaign_ids=120240398586900727&selected_adset_ids=120240398661950727&selected_ad_ids=120240398891490727&date=2026-01-01_2026-06-12&insight_date=2026-01-01_2026-06-12&comparison_date=2026-01-01_2026-06-12,Nevada Reno Mission,,0.770616643
120240398891490727,Forecasted % Found Baptized,Grow,https://business.facebook.com/adsmanager/manage/ads?act=238929060375046&selected_campaign_ids=120240398586900727&selected_adset_ids=120240398661950727&selected_ad_ids=120240398891490727&date=2026-01-01_2026-06-12&insight_date=2026-01-01_2026-06-12&comparison_date=2026-01-01_2026-06-12,Nevada Reno Mission,,0.011676010
120240398891490727,% Found Baptized,Grow,https://business.facebook.com/adsmanager/manage/ads?act=238929060375046&selected_campaign_ids=120240398586900727&selected_adset_ids=120240398661950727&selected_ad_ids=120240398891490727&date=2026-01-01_2026-06-12&insight_date=2026-01-01_2026-06-12&comparison_date=2026-01-01_2026-06-12,Nevada Reno Mission,,0
120240398891490727,% Found Attending Sacrament,Grow,https://business.facebook.com/adsmanager/manage/ads?act=238929060375046&selected_campaign_ids=120240398586900727&selected_adset_ids=120240398661950727&selected_ad_ids=120240398891490727&date=2026-01-01_2026-06-12&insight_date=2026-01-01_2026-06-12&comparison_date=2026-01-01_2026-06-12,Nevada Reno Mission,,0.090909091
120240398891490727,People Baptized and Confirmed,Grow,https://business.facebook.com/adsmanager/manage/ads?act=238929060375046&selected_campaign_ids=120240398586900727&selected_adset_ids=120240398661950727&selected_ad_ids=120240398891490727&date=2026-01-01_2026-06-12&insight_date=2026-01-01_2026-06-12&comparison_date=2026-01-01_2026-06-12,Nevada Reno Mission,,0
120240398891490727,People Who Attended Sacrament,Grow,https://business.facebook.com/adsmanager/manage/ads?act=238929060375046&selected_campaign_ids=120240398586900727&selected_adset_ids=120240398661950727&selected_ad_ids=120240398891490727&date=2026-01-01_2026-06-12&insight_date=2026-01-01_2026-06-12&comparison_date=2026-01-01_2026-06-12,Nevada Reno Mission,,6
120240398891490727,New People Being Taught,Grow,https://business.facebook.com/adsmanager/manage/ads?act=238929060375046&selected_campaign_ids=120240398586900727&selected_adset_ids=120240398661950727&selected_ad_ids=120240398891490727&date=2026-01-01_2026-06-12&insight_date=2026-01-01_2026-06-12&comparison_date=2026-01-01_2026-06-12,Nevada Reno Mission,,22
120240398891490727,Cost Per Facebook Lead,Grow,https://business.facebook.com/adsmanager/manage/ads?act=238929060375046&selected_campaign_ids=120240398586900727&selected_adset_ids=120240398661950727&selected_ad_ids=120240398891490727&date=2026-01-01_2026-06-12&insight_date=2026-01-01_2026-06-12&comparison_date=2026-01-01_2026-06-12,Nevada Reno Mission,,42.560439560
120240398891490727,Ad Leads,Grow,https://business.facebook.com/adsmanager/manage/ads?act=238929060375046&selected_campaign_ids=120240398586900727&selected_adset_ids=120240398661950727&selected_ad_ids=120240398891490727&date=2026-01-01_2026-06-12&insight_date=2026-01-01_2026-06-12&comparison_date=2026-01-01_2026-06-12,Nevada Reno Mission,,91
120240398891490727,People Found,Grow,https://business.facebook.com/adsmanager/manage/ads?act=238929060375046&selected_campaign_ids=120240398586900727&selected_adset_ids=120240398661950727&selected_ad_ids=120240398891490727&date=2026-01-01_2026-06-12&insight_date=2026-01-01_2026-06-12&comparison_date=2026-01-01_2026-06-12,Nevada Reno Mission,,66
120243099349370714,Forecasted Cost Per Baptism,-,https://business.facebook.com/adsmanager/manage/ads?act=2475001822720339&selected_campaign_ids=120243077853160714&selected_adset_ids=120243087116660714&selected_ad_ids=120243099349370714&date=2026-01-01_2026-06-12&insight_date=2026-01-01_2026-06-12&comparison_date=2026-01-01_2026-06-12,Nevada Reno Mission,,4997.154916448
120243099349370714,Forecasted Baptisms,-,https://business.facebook.com/adsmanager/manage/ads?act=2475001822720339&selected_campaign_ids=120243077853160714&selected_adset_ids=120243087116660714&selected_ad_ids=120243099349370714&date=2026-01-01_2026-06-12&insight_date=2026-01-01_2026-06-12&comparison_date=2026-01-01_2026-06-12,Nevada Reno Mission,,0.224527760
120243099349370714,Forecasted % Found Baptized,-,https://business.facebook.com/adsmanager/manage/ads?act=2475001822720339&selected_campaign_ids=120243077853160714&selected_adset_ids=120243087116660714&selected_ad_ids=120243099349370714&date=2026-01-01_2026-06-12&insight_date=2026-01-01_2026-06-12&comparison_date=2026-01-01_2026-06-12,Nevada Reno Mission,,0.007742337
120243099349370714,% Found Baptized,-,https://business.facebook.com/adsmanager/manage/ads?act=2475001822720339&selected_campaign_ids=120243077853160714&selected_adset_ids=120243087116660714&selected_ad_ids=120243099349370714&date=2026-01-01_2026-06-12&insight_date=2026-01-01_2026-06-12&comparison_date=2026-01-01_2026-06-12,Nevada Reno Mission,,0
120243099349370714,% Found Attending Sacrament,-,https://business.facebook.com/adsmanager/manage/ads?act=2475001822720339&selected_campaign_ids=120243077853160714&selected_adset_ids=120243087116660714&selected_ad_ids=120243099349370714&date=2026-01-01_2026-06-12&insight_date=2026-01-01_2026-06-12&comparison_date=2026-01-01_2026-06-12,Nevada Reno Mission,,0.103448276
120243099349370714,People Baptized and Confirmed,-,https://business.facebook.com/adsmanager/manage/ads?act=2475001822720339&selected_campaign_ids=120243077853160714&selected_adset_ids=120243087116660714&selected_ad_ids=120243099349370714&date=2026-01-01_2026-06-12&insight_date=2026-01-01_2026-06-12&comparison_date=2026-01-01_2026-06-12,Nevada Reno Mission,,0
120243099349370714,People Who Attended Sacrament,-,https://business.facebook.com/adsmanager/manage/ads?act=2475001822720339&selected_campaign_ids=120243077853160714&selected_adset_ids=120243087116660714&selected_ad_ids=120243099349370714&date=2026-01-01_2026-06-12&insight_date=2026-01-01_2026-06-12&comparison_date=2026-01-01_2026-06-12,Nevada Reno Mission,,3
120243099349370714,New People Being Taught,-,https://business.facebook.com/adsmanager/manage/ads?act=2475001822720339&selected_campaign_ids=120243077853160714&selected_adset_ids=120243087116660714&selected_ad_ids=120243099349370714&date=2026-01-01_2026-06-12&insight_date=2026-01-01_2026-06-12&comparison_date=2026-01-01_2026-06-12,Nevada Reno Mission,,5
120243099349370714,Cost Per Facebook Lead,-,https://business.facebook.com/adsmanager/manage/ads?act=2475001822720339&selected_campaign_ids=120243077853160714&selected_adset_ids=120243087116660714&selected_ad_ids=120243099349370714&date=2026-01-01_2026-06-12&insight_date=2026-01-01_2026-06-12&comparison_date=2026-01-01_2026-06-12,Nevada Reno Mission,,40.071428571
120243099349370714,Ad Leads,-,https://business.facebook.com/adsmanager/manage/ads?act=2475001822720339&selected_campaign_ids=120243077853160714&selected_adset_ids=120243087116660714&selected_ad_ids=120243099349370714&date=2026-01-01_2026-06-12&insight_date=2026-01-01_2026-06-12&comparison_date=2026-01-01_2026-06-12,Nevada Reno Mission,,28
120243099349370714,People Found,-,https://business.facebook.com/adsmanager/manage/ads?act=2475001822720339&selected_campaign_ids=120243077853160714&selected_adset_ids=120243087116660714&selected_ad_ids=120243099349370714&date=2026-01-01_2026-06-12&insight_date=2026-01-01_2026-06-12&comparison_date=2026-01-01_2026-06-12,Nevada Reno Mission,,29
120239017568370727,Forecasted Cost Per Baptism,-,https://business.facebook.com/adsmanager/manage/ads?act=238929060375046&selected_campaign_ids=120238974237420727&selected_adset_ids=120238974331110727&selected_ad_ids=120239017568370727&date=2026-01-01_2026-06-12&insight_date=2026-01-01_2026-06-12&comparison_date=2026-01-01_2026-06-12,Nevada Reno Mission,,4990.602315510
120239017568370727,Forecasted Baptisms,-,https://business.facebook.com/adsmanager/manage/ads?act=238929060375046&selected_campaign_ids=120238974237420727&selected_adset_ids=120238974331110727&selected_ad_ids=120239017568370727&date=2026-01-01_2026-06-12&insight_date=2026-01-01_2026-06-12&comparison_date=2026-01-01_2026-06-12,Nevada Reno Mission,,0.340773830
120239017568370727,Forecasted % Found Baptized,-,https://business.facebook.com/adsmanager/manage/ads?act=238929060375046&selected_campaign_ids=120238974237420727&selected_adset_ids=120238974331110727&selected_ad_ids=120239017568370727&date=2026-01-01_2026-06-12&insight_date=2026-01-01_2026-06-12&comparison_date=2026-01-01_2026-06-12,Nevada Reno Mission,,0.006195888
120239017568370727,% Found Baptized,-,https://business.facebook.com/adsmanager/manage/ads?act=238929060375046&selected_campaign_ids=120238974237420727&selected_adset_ids=120238974331110727&selected_ad_ids=120239017568370727&date=2026-01-01_2026-06-12&insight_date=2026-01-01_2026-06-12&comparison_date=2026-01-01_2026-06-12,Nevada Reno Mission,,0
120239017568370727,% Found Attending Sacrament,-,https://business.facebook.com/adsmanager/manage/ads?act=238929060375046&selected_campaign_ids=120238974237420727&selected_adset_ids=120238974331110727&selected_ad_ids=120239017568370727&date=2026-01-01_2026-06-12&insight_date=2026-01-01_2026-06-12&comparison_date=2026-01-01_2026-06-12,Nevada Reno Mission,,0.054545455
120239017568370727,People Baptized and Confirmed,-,https://business.facebook.com/adsmanager/manage/ads?act=238929060375046&selected_campaign_ids=120238974237420727&selected_adset_ids=120238974331110727&selected_ad_ids=120239017568370727&date=2026-01-01_2026-06-12&insight_date=2026-01-01_2026-06-12&comparison_date=2026-01-01_2026-06-12,Nevada Reno Mission,,0
120239017568370727,People Who Attended Sacrament,-,https://business.facebook.com/adsmanager/manage/ads?act=238929060375046&selected_campaign_ids=120238974237420727&selected_adset_ids=120238974331110727&selected_ad_ids=120239017568370727&date=2026-01-01_2026-06-12&insight_date=2026-01-01_2026-06-12&comparison_date=2026-01-01_2026-06-12,Nevada Reno Mission,,3
120239017568370727,New People Being Taught,-,https://business.facebook.com/adsmanager/manage/ads?act=238929060375046&selected_campaign_ids=120238974237420727&selected_adset_ids=120238974331110727&selected_ad_ids=120239017568370727&date=2026-01-01_2026-06-12&insight_date=2026-01-01_2026-06-12&comparison_date=2026-01-01_2026-06-12,Nevada Reno Mission,,16
120239017568370727,Cost Per Facebook Lead,-,https://business.facebook.com/adsmanager/manage/ads?act=238929060375046&selected_campaign_ids=120238974237420727&selected_adset_ids=120238974331110727&selected_ad_ids=120239017568370727&date=2026-01-01_2026-06-12&insight_date=2026-01-01_2026-06-12&comparison_date=2026-01-01_2026-06-12,Nevada Reno Mission,,24.481765835
120239017568370727,Ad Leads,-,https://business.facebook.com/adsmanager/manage/ads?act=238929060375046&selected_campaign_ids=120238974237420727&selected_adset_ids=120238974331110727&selected_ad_ids=120239017568370727&date=2026-01-01_2026-06-12&insight_date=2026-01-01_2026-06-12&comparison_date=2026-01-01_2026-06-12,Nevada Reno Mission,,69.466666667
120239017568370727,People Found,-,https://business.facebook.com/adsmanager/manage/ads?act=238929060375046&selected_campaign_ids=120238974237420727&selected_adset_ids=120238974331110727&selected_ad_ids=120239017568370727&date=2026-01-01_2026-06-12&insight_date=2026-01-01_2026-06-12&comparison_date=2026-01-01_2026-06-12,Nevada Reno Mission,,55
120231643138500246,Forecasted Cost Per Baptism,Grow,https://business.facebook.com/adsmanager/manage/ads?act=1405980847467818&selected_campaign_ids=120231643116110246&selected_adset_ids=120231643116930246&selected_ad_ids=120231643138500246&date=2026-01-01_2026-06-12&insight_date=2026-01-01_2026-06-12&comparison_date=2026-01-01_2026-06-12,California Modesto Mission,,4933.935366454
120231643138500246,Forecasted Baptisms,Grow,https://business.facebook.com/adsmanager/manage/ads?act=1405980847467818&selected_campaign_ids=120231643116110246&selected_adset_ids=120231643116930246&selected_ad_ids=120231643138500246&date=2026-01-01_2026-06-12&insight_date=2026-01-01_2026-06-12&comparison_date=2026-01-01_2026-06-12,California Modesto Mission,,3.757527466
120231643138500246,Forecasted % Found Baptized,Grow,https://business.facebook.com/adsmanager/manage/ads?act=1405980847467818&selected_campaign_ids=120231643116110246&selected_adset_ids=120231643116930246&selected_ad_ids=120231643138500246&date=2026-01-01_2026-06-12&insight_date=2026-01-01_2026-06-12&comparison_date=2026-01-01_2026-06-12,California Modesto Mission,,0.007324615
120231643138500246,% Found Baptized,Grow,https://business.facebook.com/adsmanager/manage/ads?act=1405980847467818&selected_campaign_ids=120231643116110246&selected_adset_ids=120231643116930246&selected_ad_ids=120231643138500246&date=2026-01-01_2026-06-12&insight_date=2026-01-01_2026-06-12&comparison_date=2026-01-01_2026-06-12,California Modesto Mission,,0.003898635
120231643138500246,% Found Attending Sacrament,Grow,https://business.facebook.com/adsmanager/manage/ads?act=1405980847467818&selected_campaign_ids=120231643116110246&selected_adset_ids=120231643116930246&selected_ad_ids=120231643138500246&date=2026-01-01_2026-06-12&insight_date=2026-01-01_2026-06-12&comparison_date=2026-01-01_2026-06-12,California Modesto Mission,,0.023391813
120231643138500246,People Baptized and Confirmed,Grow,https://business.facebook.com/adsmanager/manage/ads?act=1405980847467818&selected_campaign_ids=120231643116110246&selected_adset_ids=120231643116930246&selected_ad_ids=120231643138500246&date=2026-01-01_2026-06-12&insight_date=2026-01-01_2026-06-12&comparison_date=2026-01-01_2026-06-12,California Modesto Mission,,2
120231643138500246,People Who Attended Sacrament,Grow,https://business.facebook.com/adsmanager/manage/ads?act=1405980847467818&selected_campaign_ids=120231643116110246&selected_adset_ids=120231643116930246&selected_ad_ids=120231643138500246&date=2026-01-01_2026-06-12&insight_date=2026-01-01_2026-06-12&comparison_date=2026-01-01_2026-06-12,California Modesto Mission,,12
120231643138500246,New People Being Taught,Grow,https://business.facebook.com/adsmanager/manage/ads?act=1405980847467818&selected_campaign_ids=120231643116110246&selected_adset_ids=120231643116930246&selected_ad_ids=120231643138500246&date=2026-01-01_2026-06-12&insight_date=2026-01-01_2026-06-12&comparison_date=2026-01-01_2026-06-12,California Modesto Mission,,134
120231643138500246,Cost Per Facebook Lead,Grow,https://business.facebook.com/adsmanager/manage/ads?act=1405980847467818&selected_campaign_ids=120231643116110246&selected_adset_ids=120231643116930246&selected_ad_ids=120231643138500246&date=2026-01-01_2026-06-12&insight_date=2026-01-01_2026-06-12&comparison_date=2026-01-01_2026-06-12,California Modesto Mission,,31.001043056
120231643138500246,Ad Leads,Grow,https://business.facebook.com/adsmanager/manage/ads?act=1405980847467818&selected_campaign_ids=120231643116110246&selected_adset_ids=120231643116930246&selected_ad_ids=120231643138500246&date=2026-01-01_2026-06-12&insight_date=2026-01-01_2026-06-12&comparison_date=2026-01-01_2026-06-12,California Modesto Mission,,598.024963925
120231643138500246,People Found,Grow,https://business.facebook.com/adsmanager/manage/ads?act=1405980847467818&selected_campaign_ids=120231643116110246&selected_adset_ids=120231643116930246&selected_ad_ids=120231643138500246&date=2026-01-01_2026-06-12&insight_date=2026-01-01_2026-06-12&comparison_date=2026-01-01_2026-06-12,California Modesto Mission,,513
120244461185920360,Forecasted Cost Per Baptism,Grow,https://business.facebook.com/adsmanager/manage/ads?act=1566346430181695&selected_campaign_ids=120244443343910360&selected_adset_ids=120244443343930360&selected_ad_ids=120244461185920360&date=2026-01-01_2026-06-12&insight_date=2026-01-01_2026-06-12&comparison_date=2026-01-01_2026-06-12,Iowa Iowa City Mission,,4810.120945532
120244461185920360,Forecasted Baptisms,Grow,https://business.facebook.com/adsmanager/manage/ads?act=1566346430181695&selected_campaign_ids=120244443343910360&selected_adset_ids=120244443343930360&selected_ad_ids=120244461185920360&date=2026-01-01_2026-06-12&insight_date=2026-01-01_2026-06-12&comparison_date=2026-01-01_2026-06-12,Iowa Iowa City Mission,,0.754310637
120244461185920360,Forecasted % Found Baptized,Grow,https://business.facebook.com/adsmanager/manage/ads?act=1566346430181695&selected_campaign_ids=120244443343910360&selected_adset_ids=120244443343930360&selected_ad_ids=120244461185920360&date=2026-01-01_2026-06-12&insight_date=2026-01-01_2026-06-12&comparison_date=2026-01-01_2026-06-12,Iowa Iowa City Mission,,0.009925140
120244461185920360,% Found Baptized,Grow,https://business.facebook.com/adsmanager/manage/ads?act=1566346430181695&selected_campaign_ids=120244443343910360&selected_adset_ids=120244443343930360&selected_ad_ids=120244461185920360&date=2026-01-01_2026-06-12&insight_date=2026-01-01_2026-06-12&comparison_date=2026-01-01_2026-06-12,Iowa Iowa City Mission,,0
120244461185920360,% Found Attending Sacrament,Grow,https://business.facebook.com/adsmanager/manage/ads?act=1566346430181695&selected_campaign_ids=120244443343910360&selected_adset_ids=120244443343930360&selected_ad_ids=120244461185920360&date=2026-01-01_2026-06-12&insight_date=2026-01-01_2026-06-12&comparison_date=2026-01-01_2026-06-12,Iowa Iowa City Mission,,0.092105263
120244461185920360,People Baptized and Confirmed,Grow,https://business.facebook.com/adsmanager/manage/ads?act=1566346430181695&selected_campaign_ids=120244443343910360&selected_adset_ids=120244443343930360&selected_ad_ids=120244461185920360&date=2026-01-01_2026-06-12&insight_date=2026-01-01_2026-06-12&comparison_date=2026-01-01_2026-06-12,Iowa Iowa City Mission,,0
120244461185920360,People Who Attended Sacrament,Grow,https://business.facebook.com/adsmanager/manage/ads?act=1566346430181695&selected_campaign_ids=120244443343910360&selected_adset_ids=120244443343930360&selected_ad_ids=120244461185920360&date=2026-01-01_2026-06-12&insight_date=2026-01-01_2026-06-12&comparison_date=2026-01-01_2026-06-12,Iowa Iowa City Mission,,7
120244461185920360,New People Being Taught,Grow,https://business.facebook.com/adsmanager/manage/ads?act=1566346430181695&selected_campaign_ids=120244443343910360&selected_adset_ids=120244443343930360&selected_ad_ids=120244461185920360&date=2026-01-01_2026-06-12&insight_date=2026-01-01_2026-06-12&comparison_date=2026-01-01_2026-06-12,Iowa Iowa City Mission,,22
120244461185920360,Cost Per Facebook Lead,Grow,https://business.facebook.com/adsmanager/manage/ads?act=1566346430181695&selected_campaign_ids=120244443343910360&selected_adset_ids=120244443343930360&selected_ad_ids=120244461185920360&date=2026-01-01_2026-06-12&insight_date=2026-01-01_2026-06-12&comparison_date=2026-01-01_2026-06-12,Iowa Iowa City Mission,,40.499201014
120244461185920360,Ad Leads,Grow,https://business.facebook.com/adsmanager/manage/ads?act=1566346430181695&selected_campaign_ids=120244443343910360&selected_adset_ids=120244443343930360&selected_ad_ids=120244461185920360&date=2026-01-01_2026-06-12&insight_date=2026-01-01_2026-06-12&comparison_date=2026-01-01_2026-06-12,Iowa Iowa City Mission,,89.590048840
120244461185920360,People Found,Grow,https://business.facebook.com/adsmanager/manage/ads?act=1566346430181695&selected_campaign_ids=120244443343910360&selected_adset_ids=120244443343930360&selected_ad_ids=120244461185920360&date=2026-01-01_2026-06-12&insight_date=2026-01-01_2026-06-12&comparison_date=2026-01-01_2026-06-12,Iowa Iowa City Mission,,76
120240265094990019,Forecasted Cost Per Baptism,Grow,https://business.facebook.com/adsmanager/manage/ads?act=1557243931332340&selected_campaign_ids=120240265091570019&selected_adset_ids=120240265092490019&selected_ad_ids=120240265094990019&date=2026-01-01_2026-06-12&insight_date=2026-01-01_2026-06-12&comparison_date=2026-01-01_2026-06-12,Ohio Columbus Mission,,4714.984490562
120240265094990019,Forecasted Baptisms,Grow,https://business.facebook.com/adsmanager/manage/ads?act=1557243931332340&selected_campaign_ids=120240265091570019&selected_adset_ids=120240265092490019&selected_ad_ids=120240265094990019&date=2026-01-01_2026-06-12&insight_date=2026-01-01_2026-06-12&comparison_date=2026-01-01_2026-06-12,Ohio Columbus Mission,,1.416149939
120240265094990019,Forecasted % Found Baptized,Grow,https://business.facebook.com/adsmanager/manage/ads?act=1557243931332340&selected_campaign_ids=120240265091570019&selected_adset_ids=120240265092490019&selected_ad_ids=120240265094990019&date=2026-01-01_2026-06-12&insight_date=2026-01-01_2026-06-12&comparison_date=2026-01-01_2026-06-12,Ohio Columbus Mission,,0.007116331
120240265094990019,% Found Baptized,Grow,https://business.facebook.com/adsmanager/manage/ads?act=1557243931332340&selected_campaign_ids=120240265091570019&selected_adset_ids=120240265092490019&selected_ad_ids=120240265094990019&date=2026-01-01_2026-06-12&insight_date=2026-01-01_2026-06-12&comparison_date=2026-01-01_2026-06-12,Ohio Columbus Mission,,0.005025126
120240265094990019,% Found Attending Sacrament,Grow,https://business.facebook.com/adsmanager/manage/ads?act=1557243931332340&selected_campaign_ids=120240265091570019&selected_adset_ids=120240265092490019&selected_ad_ids=120240265094990019&date=2026-01-01_2026-06-12&insight_date=2026-01-01_2026-06-12&comparison_date=2026-01-01_2026-06-12,Ohio Columbus Mission,,0.015075377
120240265094990019,People Baptized and Confirmed,Grow,https://business.facebook.com/adsmanager/manage/ads?act=1557243931332340&selected_campaign_ids=120240265091570019&selected_adset_ids=120240265092490019&selected_ad_ids=120240265094990019&date=2026-01-01_2026-06-12&insight_date=2026-01-01_2026-06-12&comparison_date=2026-01-01_2026-06-12,Ohio Columbus Mission,,1
120240265094990019,People Who Attended Sacrament,Grow,https://business.facebook.com/adsmanager/manage/ads?act=1557243931332340&selected_campaign_ids=120240265091570019&selected_adset_ids=120240265092490019&selected_ad_ids=120240265094990019&date=2026-01-01_2026-06-12&insight_date=2026-01-01_2026-06-12&comparison_date=2026-01-01_2026-06-12,Ohio Columbus Mission,,3
120240265094990019,New People Being Taught,Grow,https://business.facebook.com/adsmanager/manage/ads?act=1557243931332340&selected_campaign_ids=120240265091570019&selected_adset_ids=120240265092490019&selected_ad_ids=120240265094990019&date=2026-01-01_2026-06-12&insight_date=2026-01-01_2026-06-12&comparison_date=2026-01-01_2026-06-12,Ohio Columbus Mission,,31
120240265094990019,Cost Per Facebook Lead,Grow,https://business.facebook.com/adsmanager/manage/ads?act=1557243931332340&selected_campaign_ids=120240265091570019&selected_adset_ids=120240265092490019&selected_ad_ids=120240265094990019&date=2026-01-01_2026-06-12&insight_date=2026-01-01_2026-06-12&comparison_date=2026-01-01_2026-06-12,Ohio Columbus Mission,,23.074298056
120240265094990019,Ad Leads,Grow,https://business.facebook.com/adsmanager/manage/ads?act=1557243931332340&selected_campaign_ids=120240265091570019&selected_adset_ids=120240265092490019&selected_ad_ids=120240265094990019&date=2026-01-01_2026-06-12&insight_date=2026-01-01_2026-06-12&comparison_date=2026-01-01_2026-06-12,Ohio Columbus Mission,,289.375
120240265094990019,People Found,Grow,https://business.facebook.com/adsmanager/manage/ads?act=1557243931332340&selected_campaign_ids=120240265091570019&selected_adset_ids=120240265092490019&selected_ad_ids=120240265094990019&date=2026-01-01_2026-06-12&insight_date=2026-01-01_2026-06-12&comparison_date=2026-01-01_2026-06-12,Ohio Columbus Mission,,199
120240265097540019,Forecasted Cost Per Baptism,Grow,https://business.facebook.com/adsmanager/manage/ads?act=1557243931332340&selected_campaign_ids=120240265091570019&selected_adset_ids=120240265092230019&selected_ad_ids=120240265097540019&date=2026-01-01_2026-06-12&insight_date=2026-01-01_2026-06-12&comparison_date=2026-01-01_2026-06-12,Ohio Columbus Mission,,4671.198189179
120240265097540019,Forecasted Baptisms,Grow,https://business.facebook.com/adsmanager/manage/ads?act=1557243931332340&selected_campaign_ids=120240265091570019&selected_adset_ids=120240265092230019&selected_ad_ids=120240265097540019&date=2026-01-01_2026-06-12&insight_date=2026-01-01_2026-06-12&comparison_date=2026-01-01_2026-06-12,Ohio Columbus Mission,,2.003340390
120240265097540019,Forecasted % Found Baptized,Grow,https://business.facebook.com/adsmanager/manage/ads?act=1557243931332340&selected_campaign_ids=120240265091570019&selected_adset_ids=120240265092230019&selected_ad_ids=120240265097540019&date=2026-01-01_2026-06-12&insight_date=2026-01-01_2026-06-12&comparison_date=2026-01-01_2026-06-12,Ohio Columbus Mission,,0.007588411
120240265097540019,% Found Baptized,Grow,https://business.facebook.com/adsmanager/manage/ads?act=1557243931332340&selected_campaign_ids=120240265091570019&selected_adset_ids=120240265092230019&selected_ad_ids=120240265097540019&date=2026-01-01_2026-06-12&insight_date=2026-01-01_2026-06-12&comparison_date=2026-01-01_2026-06-12,Ohio Columbus Mission,,0.003787879
120240265097540019,% Found Attending Sacrament,Grow,https://business.facebook.com/adsmanager/manage/ads?act=1557243931332340&selected_campaign_ids=120240265091570019&selected_adset_ids=120240265092230019&selected_ad_ids=120240265097540019&date=2026-01-01_2026-06-12&insight_date=2026-01-01_2026-06-12&comparison_date=2026-01-01_2026-06-12,Ohio Columbus Mission,,0.018939394
120240265097540019,People Baptized and Confirmed,Grow,https://business.facebook.com/adsmanager/manage/ads?act=1557243931332340&selected_campaign_ids=120240265091570019&selected_adset_ids=120240265092230019&selected_ad_ids=120240265097540019&date=2026-01-01_2026-06-12&insight_date=2026-01-01_2026-06-12&comparison_date=2026-01-01_2026-06-12,Ohio Columbus Mission,,1
120240265097540019,People Who Attended Sacrament,Grow,https://business.facebook.com/adsmanager/manage/ads?act=1557243931332340&selected_campaign_ids=120240265091570019&selected_adset_ids=120240265092230019&selected_ad_ids=120240265097540019&date=2026-01-01_2026-06-12&insight_date=2026-01-01_2026-06-12&comparison_date=2026-01-01_2026-06-12,Ohio Columbus Mission,,5
120240265097540019,New People Being Taught,Grow,https://business.facebook.com/adsmanager/manage/ads?act=1557243931332340&selected_campaign_ids=120240265091570019&selected_adset_ids=120240265092230019&selected_ad_ids=120240265097540019&date=2026-01-01_2026-06-12&insight_date=2026-01-01_2026-06-12&comparison_date=2026-01-01_2026-06-12,Ohio Columbus Mission,,38
120240265097540019,Cost Per Facebook Lead,Grow,https://business.facebook.com/adsmanager/manage/ads?act=1557243931332340&selected_campaign_ids=120240265091570019&selected_adset_ids=120240265092230019&selected_ad_ids=120240265097540019&date=2026-01-01_2026-06-12&insight_date=2026-01-01_2026-06-12&comparison_date=2026-01-01_2026-06-12,Ohio Columbus Mission,,22.603864734
120240265097540019,Ad Leads,Grow,https://business.facebook.com/adsmanager/manage/ads?act=1557243931332340&selected_campaign_ids=120240265091570019&selected_adset_ids=120240265092230019&selected_ad_ids=120240265097540019&date=2026-01-01_2026-06-12&insight_date=2026-01-01_2026-06-12&comparison_date=2026-01-01_2026-06-12,Ohio Columbus Mission,,414
120240265097540019,People Found,Grow,https://business.facebook.com/adsmanager/manage/ads?act=1557243931332340&selected_campaign_ids=120240265091570019&selected_adset_ids=120240265092230019&selected_ad_ids=120240265097540019&date=2026-01-01_2026-06-12&insight_date=2026-01-01_2026-06-12&comparison_date=2026-01-01_2026-06-12,Ohio Columbus Mission,,264
120237626756620727,Forecasted Cost Per Baptism,Grow,https://business.facebook.com/adsmanager/manage/ads?act=238929060375046&selected_campaign_ids=120237476185420727&selected_adset_ids=120237626734350727&selected_ad_ids=120237626756620727&date=2026-01-01_2026-06-12&insight_date=2026-01-01_2026-06-12&comparison_date=2026-01-01_2026-06-12,Nevada Reno Mission,,4661.155332882
120237626756620727,Forecasted Baptisms,Grow,https://business.facebook.com/adsmanager/manage/ads?act=238929060375046&selected_campaign_ids=120237476185420727&selected_adset_ids=120237626734350727&selected_ad_ids=120237626756620727&date=2026-01-01_2026-06-12&insight_date=2026-01-01_2026-06-12&comparison_date=2026-01-01_2026-06-12,Nevada Reno Mission,,3.953170679
120237626756620727,Forecasted % Found Baptized,Grow,https://business.facebook.com/adsmanager/manage/ads?act=238929060375046&selected_campaign_ids=120237476185420727&selected_adset_ids=120237626734350727&selected_ad_ids=120237626756620727&date=2026-01-01_2026-06-12&insight_date=2026-01-01_2026-06-12&comparison_date=2026-01-01_2026-06-12,Nevada Reno Mission,,0.006996762
120237626756620727,% Found Baptized,Grow,https://business.facebook.com/adsmanager/manage/ads?act=238929060375046&selected_campaign_ids=120237476185420727&selected_adset_ids=120237626734350727&selected_ad_ids=120237626756620727&date=2026-01-01_2026-06-12&insight_date=2026-01-01_2026-06-12&comparison_date=2026-01-01_2026-06-12,Nevada Reno Mission,,0.003539823
120237626756620727,% Found Attending Sacrament,Grow,https://business.facebook.com/adsmanager/manage/ads?act=238929060375046&selected_campaign_ids=120237476185420727&selected_adset_ids=120237626734350727&selected_ad_ids=120237626756620727&date=2026-01-01_2026-06-12&insight_date=2026-01-01_2026-06-12&comparison_date=2026-01-01_2026-06-12,Nevada Reno Mission,,0.030088496
120237626756620727,People Baptized and Confirmed,Grow,https://business.facebook.com/adsmanager/manage/ads?act=238929060375046&selected_campaign_ids=120237476185420727&selected_adset_ids=120237626734350727&selected_ad_ids=120237626756620727&date=2026-01-01_2026-06-12&insight_date=2026-01-01_2026-06-12&comparison_date=2026-01-01_2026-06-12,Nevada Reno Mission,,2
120237626756620727,People Who Attended Sacrament,Grow,https://business.facebook.com/adsmanager/manage/ads?act=238929060375046&selected_campaign_ids=120237476185420727&selected_adset_ids=120237626734350727&selected_ad_ids=120237626756620727&date=2026-01-01_2026-06-12&insight_date=2026-01-01_2026-06-12&comparison_date=2026-01-01_2026-06-12,Nevada Reno Mission,,17
120237626756620727,New People Being Taught,Grow,https://business.facebook.com/adsmanager/manage/ads?act=238929060375046&selected_campaign_ids=120237476185420727&selected_adset_ids=120237626734350727&selected_ad_ids=120237626756620727&date=2026-01-01_2026-06-12&insight_date=2026-01-01_2026-06-12&comparison_date=2026-01-01_2026-06-12,Nevada Reno Mission,,138
120237626756620727,Cost Per Facebook Lead,Grow,https://business.facebook.com/adsmanager/manage/ads?act=238929060375046&selected_campaign_ids=120237476185420727&selected_adset_ids=120237626734350727&selected_ad_ids=120237626756620727&date=2026-01-01_2026-06-12&insight_date=2026-01-01_2026-06-12&comparison_date=2026-01-01_2026-06-12,Nevada Reno Mission,,29.245260754
120237626756620727,Ad Leads,Grow,https://business.facebook.com/adsmanager/manage/ads?act=238929060375046&selected_campaign_ids=120237476185420727&selected_adset_ids=120237626734350727&selected_ad_ids=120237626756620727&date=2026-01-01_2026-06-12&insight_date=2026-01-01_2026-06-12&comparison_date=2026-01-01_2026-06-12,Nevada Reno Mission,,630.062516650
120237626756620727,People Found,Grow,https://business.facebook.com/adsmanager/manage/ads?act=238929060375046&selected_campaign_ids=120237476185420727&selected_adset_ids=120237626734350727&selected_ad_ids=120237626756620727&date=2026-01-01_2026-06-12&insight_date=2026-01-01_2026-06-12&comparison_date=2026-01-01_2026-06-12,Nevada Reno Mission,,565
120243341684660011,Forecasted Cost Per Baptism,Grow,https://business.facebook.com/adsmanager/manage/ads?act=7562832343811809&selected_campaign_ids=120243270670620011&selected_adset_ids=120243341684640011&selected_ad_ids=120243341684660011&date=2026-01-01_2026-06-12&insight_date=2026-01-01_2026-06-12&comparison_date=2026-01-01_2026-06-12,South Carolina Charleston Mission,,4632.989243392
120243341684660011,Forecasted Baptisms,Grow,https://business.facebook.com/adsmanager/manage/ads?act=7562832343811809&selected_campaign_ids=120243270670620011&selected_adset_ids=120243341684640011&selected_ad_ids=120243341684660011&date=2026-01-01_2026-06-12&insight_date=2026-01-01_2026-06-12&comparison_date=2026-01-01_2026-06-12,South Carolina Charleston Mission,,4.922092153
120243341684660011,Forecasted % Found Baptized,Grow,https://business.facebook.com/adsmanager/manage/ads?act=7562832343811809&selected_campaign_ids=120243270670620011&selected_adset_ids=120243341684640011&selected_ad_ids=120243341684660011&date=2026-01-01_2026-06-12&insight_date=2026-01-01_2026-06-12&comparison_date=2026-01-01_2026-06-12,South Carolina Charleston Mission,,0.009465562
120243341684660011,% Found Baptized,Grow,https://business.facebook.com/adsmanager/manage/ads?act=7562832343811809&selected_campaign_ids=120243270670620011&selected_adset_ids=120243341684640011&selected_ad_ids=120243341684660011&date=2026-01-01_2026-06-12&insight_date=2026-01-01_2026-06-12&comparison_date=2026-01-01_2026-06-12,South Carolina Charleston Mission,,0.005769231
120243341684660011,% Found Attending Sacrament,Grow,https://business.facebook.com/adsmanager/manage/ads?act=7562832343811809&selected_campaign_ids=120243270670620011&selected_adset_ids=120243341684640011&selected_ad_ids=120243341684660011&date=2026-01-01_2026-06-12&insight_date=2026-01-01_2026-06-12&comparison_date=2026-01-01_2026-06-12,South Carolina Charleston Mission,,0.059615385
120243341684660011,People Baptized and Confirmed,Grow,https://business.facebook.com/adsmanager/manage/ads?act=7562832343811809&selected_campaign_ids=120243270670620011&selected_adset_ids=120243341684640011&selected_ad_ids=120243341684660011&date=2026-01-01_2026-06-12&insight_date=2026-01-01_2026-06-12&comparison_date=2026-01-01_2026-06-12,South Carolina Charleston Mission,,3
120243341684660011,People Who Attended Sacrament,Grow,https://business.facebook.com/adsmanager/manage/ads?act=7562832343811809&selected_campaign_ids=120243270670620011&selected_adset_ids=120243341684640011&selected_ad_ids=120243341684660011&date=2026-01-01_2026-06-12&insight_date=2026-01-01_2026-06-12&comparison_date=2026-01-01_2026-06-12,South Carolina Charleston Mission,,31
120243341684660011,New People Being Taught,Grow,https://business.facebook.com/adsmanager/manage/ads?act=7562832343811809&selected_campaign_ids=120243270670620011&selected_adset_ids=120243341684640011&selected_ad_ids=120243341684660011&date=2026-01-01_2026-06-12&insight_date=2026-01-01_2026-06-12&comparison_date=2026-01-01_2026-06-12,South Carolina Charleston Mission,,154
120243341684660011,Cost Per Facebook Lead,Grow,https://business.facebook.com/adsmanager/manage/ads?act=7562832343811809&selected_campaign_ids=120243270670620011&selected_adset_ids=120243341684640011&selected_ad_ids=120243341684660011&date=2026-01-01_2026-06-12&insight_date=2026-01-01_2026-06-12&comparison_date=2026-01-01_2026-06-12,South Carolina Charleston Mission,,25.894019682
120243341684660011,Ad Leads,Grow,https://business.facebook.com/adsmanager/manage/ads?act=7562832343811809&selected_campaign_ids=120243270670620011&selected_adset_ids=120243341684640011&selected_ad_ids=120243341684660011&date=2026-01-01_2026-06-12&insight_date=2026-01-01_2026-06-12&comparison_date=2026-01-01_2026-06-12,South Carolina Charleston Mission,,880.666666667
120243341684660011,People Found,Grow,https://business.facebook.com/adsmanager/manage/ads?act=7562832343811809&selected_campaign_ids=120243270670620011&selected_adset_ids=120243341684640011&selected_ad_ids=120243341684660011&date=2026-01-01_2026-06-12&insight_date=2026-01-01_2026-06-12&comparison_date=2026-01-01_2026-06-12,South Carolina Charleston Mission,,520
120241437070300524,Forecasted Cost Per Baptism,Grow,https://business.facebook.com/adsmanager/manage/ads?act=2683631865285420&selected_campaign_ids=120241358735650524&selected_adset_ids=120241437070290524&selected_ad_ids=120241437070300524&date=2026-01-01_2026-06-12&insight_date=2026-01-01_2026-06-12&comparison_date=2026-01-01_2026-06-12,Tennessee Nashville Mission,,4619.915146960
120241437070300524,Forecasted Baptisms,Grow,https://business.facebook.com/adsmanager/manage/ads?act=2683631865285420&selected_campaign_ids=120241358735650524&selected_adset_ids=120241437070290524&selected_ad_ids=120241437070300524&date=2026-01-01_2026-06-12&insight_date=2026-01-01_2026-06-12&comparison_date=2026-01-01_2026-06-12,Tennessee Nashville Mission,,0.622648521
120241437070300524,Forecasted % Found Baptized,Grow,https://business.facebook.com/adsmanager/manage/ads?act=2683631865285420&selected_campaign_ids=120241358735650524&selected_adset_ids=120241437070290524&selected_ad_ids=120241437070300524&date=2026-01-01_2026-06-12&insight_date=2026-01-01_2026-06-12&comparison_date=2026-01-01_2026-06-12,Tennessee Nashville Mission,,0.013535837
120241437070300524,% Found Baptized,Grow,https://business.facebook.com/adsmanager/manage/ads?act=2683631865285420&selected_campaign_ids=120241358735650524&selected_adset_ids=120241437070290524&selected_ad_ids=120241437070300524&date=2026-01-01_2026-06-12&insight_date=2026-01-01_2026-06-12&comparison_date=2026-01-01_2026-06-12,Tennessee Nashville Mission,,0
120241437070300524,% Found Attending Sacrament,Grow,https://business.facebook.com/adsmanager/manage/ads?act=2683631865285420&selected_campaign_ids=120241358735650524&selected_adset_ids=120241437070290524&selected_ad_ids=120241437070300524&date=2026-01-01_2026-06-12&insight_date=2026-01-01_2026-06-12&comparison_date=2026-01-01_2026-06-12,Tennessee Nashville Mission,,0.086956522
120241437070300524,People Baptized and Confirmed,Grow,https://business.facebook.com/adsmanager/manage/ads?act=2683631865285420&selected_campaign_ids=120241358735650524&selected_adset_ids=120241437070290524&selected_ad_ids=120241437070300524&date=2026-01-01_2026-06-12&insight_date=2026-01-01_2026-06-12&comparison_date=2026-01-01_2026-06-12,Tennessee Nashville Mission,,0
120241437070300524,People Who Attended Sacrament,Grow,https://business.facebook.com/adsmanager/manage/ads?act=2683631865285420&selected_campaign_ids=120241358735650524&selected_adset_ids=120241437070290524&selected_ad_ids=120241437070300524&date=2026-01-01_2026-06-12&insight_date=2026-01-01_2026-06-12&comparison_date=2026-01-01_2026-06-12,Tennessee Nashville Mission,,4
120241437070300524,New People Being Taught,Grow,https://business.facebook.com/adsmanager/manage/ads?act=2683631865285420&selected_campaign_ids=120241358735650524&selected_adset_ids=120241437070290524&selected_ad_ids=120241437070300524&date=2026-01-01_2026-06-12&insight_date=2026-01-01_2026-06-12&comparison_date=2026-01-01_2026-06-12,Tennessee Nashville Mission,,10
120241437070300524,Cost Per Facebook Lead,Grow,https://business.facebook.com/adsmanager/manage/ads?act=2683631865285420&selected_campaign_ids=120241358735650524&selected_adset_ids=120241437070290524&selected_ad_ids=120241437070300524&date=2026-01-01_2026-06-12&insight_date=2026-01-01_2026-06-12&comparison_date=2026-01-01_2026-06-12,Tennessee Nashville Mission,,29.179205410
120241437070300524,Ad Leads,Grow,https://business.facebook.com/adsmanager/manage/ads?act=2683631865285420&selected_campaign_ids=120241358735650524&selected_adset_ids=120241437070290524&selected_ad_ids=120241437070300524&date=2026-01-01_2026-06-12&insight_date=2026-01-01_2026-06-12&comparison_date=2026-01-01_2026-06-12,Tennessee Nashville Mission,,98.583333333
120241437070300524,People Found,Grow,https://business.facebook.com/adsmanager/manage/ads?act=2683631865285420&selected_campaign_ids=120241358735650524&selected_adset_ids=120241437070290524&selected_ad_ids=120241437070300524&date=2026-01-01_2026-06-12&insight_date=2026-01-01_2026-06-12&comparison_date=2026-01-01_2026-06-12,Tennessee Nashville Mission,,46
120241706812510368,Forecasted Cost Per Baptism,-,https://business.facebook.com/adsmanager/manage/ads?act=1059444081122469&selected_campaign_ids=120241702707580368&selected_adset_ids=120241706753570368&selected_ad_ids=120241706812510368&date=2026-01-01_2026-06-12&insight_date=2026-01-01_2026-06-12&comparison_date=2026-01-01_2026-06-12,Utah Orem Mission,,4590.118204284
120241706812510368,Forecasted Baptisms,-,https://business.facebook.com/adsmanager/manage/ads?act=1059444081122469&selected_campaign_ids=120241702707580368&selected_adset_ids=120241706753570368&selected_ad_ids=120241706812510368&date=2026-01-01_2026-06-12&insight_date=2026-01-01_2026-06-12&comparison_date=2026-01-01_2026-06-12,Utah Orem Mission,,0.381689517
120241706812510368,Forecasted % Found Baptized,-,https://business.facebook.com/adsmanager/manage/ads?act=1059444081122469&selected_campaign_ids=120241702707580368&selected_adset_ids=120241706753570368&selected_ad_ids=120241706812510368&date=2026-01-01_2026-06-12&insight_date=2026-01-01_2026-06-12&comparison_date=2026-01-01_2026-06-12,Utah Orem Mission,,0.007068324
120241706812510368,% Found Baptized,-,https://business.facebook.com/adsmanager/manage/ads?act=1059444081122469&selected_campaign_ids=120241702707580368&selected_adset_ids=120241706753570368&selected_ad_ids=120241706812510368&date=2026-01-01_2026-06-12&insight_date=2026-01-01_2026-06-12&comparison_date=2026-01-01_2026-06-12,Utah Orem Mission,,0.037037037
120241706812510368,% Found Attending Sacrament,-,https://business.facebook.com/adsmanager/manage/ads?act=1059444081122469&selected_campaign_ids=120241702707580368&selected_adset_ids=120241706753570368&selected_ad_ids=120241706812510368&date=2026-01-01_2026-06-12&insight_date=2026-01-01_2026-06-12&comparison_date=2026-01-01_2026-06-12,Utah Orem Mission,,0.074074074
120241706812510368,People Baptized and Confirmed,-,https://business.facebook.com/adsmanager/manage/ads?act=1059444081122469&selected_campaign_ids=120241702707580368&selected_adset_ids=120241706753570368&selected_ad_ids=120241706812510368&date=2026-01-01_2026-06-12&insight_date=2026-01-01_2026-06-12&comparison_date=2026-01-01_2026-06-12,Utah Orem Mission,,2
120241706812510368,People Who Attended Sacrament,-,https://business.facebook.com/adsmanager/manage/ads?act=1059444081122469&selected_campaign_ids=120241702707580368&selected_adset_ids=120241706753570368&selected_ad_ids=120241706812510368&date=2026-01-01_2026-06-12&insight_date=2026-01-01_2026-06-12&comparison_date=2026-01-01_2026-06-12,Utah Orem Mission,,4
120241706812510368,New People Being Taught,-,https://business.facebook.com/adsmanager/manage/ads?act=1059444081122469&selected_campaign_ids=120241702707580368&selected_adset_ids=120241706753570368&selected_ad_ids=120241706812510368&date=2026-01-01_2026-06-12&insight_date=2026-01-01_2026-06-12&comparison_date=2026-01-01_2026-06-12,Utah Orem Mission,,13
120241706812510368,Cost Per Facebook Lead,-,https://business.facebook.com/adsmanager/manage/ads?act=1059444081122469&selected_campaign_ids=120241702707580368&selected_adset_ids=120241706753570368&selected_ad_ids=120241706812510368&date=2026-01-01_2026-06-12&insight_date=2026-01-01_2026-06-12&comparison_date=2026-01-01_2026-06-12,Utah Orem Mission,,28.721311475
120241706812510368,Ad Leads,-,https://business.facebook.com/adsmanager/manage/ads?act=1059444081122469&selected_campaign_ids=120241702707580368&selected_adset_ids=120241706753570368&selected_ad_ids=120241706812510368&date=2026-01-01_2026-06-12&insight_date=2026-01-01_2026-06-12&comparison_date=2026-01-01_2026-06-12,Utah Orem Mission,,61
120241706812510368,People Found,-,https://business.facebook.com/adsmanager/manage/ads?act=1059444081122469&selected_campaign_ids=120241702707580368&selected_adset_ids=120241706753570368&selected_ad_ids=120241706812510368&date=2026-01-01_2026-06-12&insight_date=2026-01-01_2026-06-12&comparison_date=2026-01-01_2026-06-12,Utah Orem Mission,,54
120240311579860524,Forecasted Cost Per Baptism,Grow,https://business.facebook.com/adsmanager/manage/ads?act=2683631865285420&selected_campaign_ids=120240311445780524&selected_adset_ids=120240311445770524&selected_ad_ids=120240311579860524&date=2026-01-01_2026-06-12&insight_date=2026-01-01_2026-06-12&comparison_date=2026-01-01_2026-06-12,Washington DC South Mission,,4559.398650988
120240311579860524,Forecasted Baptisms,Grow,https://business.facebook.com/adsmanager/manage/ads?act=2683631865285420&selected_campaign_ids=120240311445780524&selected_adset_ids=120240311445770524&selected_ad_ids=120240311579860524&date=2026-01-01_2026-06-12&insight_date=2026-01-01_2026-06-12&comparison_date=2026-01-01_2026-06-12,Washington DC South Mission,,0.347414236
120240311579860524,Forecasted % Found Baptized,Grow,https://business.facebook.com/adsmanager/manage/ads?act=2683631865285420&selected_campaign_ids=120240311445780524&selected_adset_ids=120240311445770524&selected_ad_ids=120240311579860524&date=2026-01-01_2026-06-12&insight_date=2026-01-01_2026-06-12&comparison_date=2026-01-01_2026-06-12,Washington DC South Mission,,0.011206911
120240311579860524,% Found Baptized,Grow,https://business.facebook.com/adsmanager/manage/ads?act=2683631865285420&selected_campaign_ids=120240311445780524&selected_adset_ids=120240311445770524&selected_ad_ids=120240311579860524&date=2026-01-01_2026-06-12&insight_date=2026-01-01_2026-06-12&comparison_date=2026-01-01_2026-06-12,Washington DC South Mission,,0.032258065
120240311579860524,% Found Attending Sacrament,Grow,https://business.facebook.com/adsmanager/manage/ads?act=2683631865285420&selected_campaign_ids=120240311445780524&selected_adset_ids=120240311445770524&selected_ad_ids=120240311579860524&date=2026-01-01_2026-06-12&insight_date=2026-01-01_2026-06-12&comparison_date=2026-01-01_2026-06-12,Washington DC South Mission,,0.096774194
120240311579860524,People Baptized and Confirmed,Grow,https://business.facebook.com/adsmanager/manage/ads?act=2683631865285420&selected_campaign_ids=120240311445780524&selected_adset_ids=120240311445770524&selected_ad_ids=120240311579860524&date=2026-01-01_2026-06-12&insight_date=2026-01-01_2026-06-12&comparison_date=2026-01-01_2026-06-12,Washington DC South Mission,,1
120240311579860524,People Who Attended Sacrament,Grow,https://business.facebook.com/adsmanager/manage/ads?act=2683631865285420&selected_campaign_ids=120240311445780524&selected_adset_ids=120240311445770524&selected_ad_ids=120240311579860524&date=2026-01-01_2026-06-12&insight_date=2026-01-01_2026-06-12&comparison_date=2026-01-01_2026-06-12,Washington DC South Mission,,3
120240311579860524,New People Being Taught,Grow,https://business.facebook.com/adsmanager/manage/ads?act=2683631865285420&selected_campaign_ids=120240311445780524&selected_adset_ids=120240311445770524&selected_ad_ids=120240311579860524&date=2026-01-01_2026-06-12&insight_date=2026-01-01_2026-06-12&comparison_date=2026-01-01_2026-06-12,Washington DC South Mission,,10
120240311579860524,Cost Per Facebook Lead,Grow,https://business.facebook.com/adsmanager/manage/ads?act=2683631865285420&selected_campaign_ids=120240311445780524&selected_adset_ids=120240311445770524&selected_ad_ids=120240311579860524&date=2026-01-01_2026-06-12&insight_date=2026-01-01_2026-06-12&comparison_date=2026-01-01_2026-06-12,Washington DC South Mission,,28.285714286
120240311579860524,Ad Leads,Grow,https://business.facebook.com/adsmanager/manage/ads?act=2683631865285420&selected_campaign_ids=120240311445780524&selected_adset_ids=120240311445770524&selected_ad_ids=120240311579860524&date=2026-01-01_2026-06-12&insight_date=2026-01-01_2026-06-12&comparison_date=2026-01-01_2026-06-12,Washington DC South Mission,,56
120240311579860524,People Found,Grow,https://business.facebook.com/adsmanager/manage/ads?act=2683631865285420&selected_campaign_ids=120240311445780524&selected_adset_ids=120240311445770524&selected_ad_ids=120240311579860524&date=2026-01-01_2026-06-12&insight_date=2026-01-01_2026-06-12&comparison_date=2026-01-01_2026-06-12,Washington DC South Mission,,31
120235493544230368,Forecasted Cost Per Baptism,Grow,https://business.facebook.com/adsmanager/manage/ads?act=1059444081122469&selected_campaign_ids=120235493445690368&selected_adset_ids=120235493446020368&selected_ad_ids=120235493544230368&date=2026-01-01_2026-06-12&insight_date=2026-01-01_2026-06-12&comparison_date=2026-01-01_2026-06-12,Utah Orem Mission,,4509.872325875
120235493544230368,Forecasted Baptisms,Grow,https://business.facebook.com/adsmanager/manage/ads?act=1059444081122469&selected_campaign_ids=120235493445690368&selected_adset_ids=120235493446020368&selected_ad_ids=120235493544230368&date=2026-01-01_2026-06-12&insight_date=2026-01-01_2026-06-12&comparison_date=2026-01-01_2026-06-12,Utah Orem Mission,,1.826198024
120235493544230368,Forecasted % Found Baptized,Grow,https://business.facebook.com/adsmanager/manage/ads?act=1059444081122469&selected_campaign_ids=120235493445690368&selected_adset_ids=120235493446020368&selected_ad_ids=120235493544230368&date=2026-01-01_2026-06-12&insight_date=2026-01-01_2026-06-12&comparison_date=2026-01-01_2026-06-12,Utah Orem Mission,,0.011203669
120235493544230368,% Found Baptized,Grow,https://business.facebook.com/adsmanager/manage/ads?act=1059444081122469&selected_campaign_ids=120235493445690368&selected_adset_ids=120235493446020368&selected_ad_ids=120235493544230368&date=2026-01-01_2026-06-12&insight_date=2026-01-01_2026-06-12&comparison_date=2026-01-01_2026-06-12,Utah Orem Mission,,0.018404908
120235493544230368,% Found Attending Sacrament,Grow,https://business.facebook.com/adsmanager/manage/ads?act=1059444081122469&selected_campaign_ids=120235493445690368&selected_adset_ids=120235493446020368&selected_ad_ids=120235493544230368&date=2026-01-01_2026-06-12&insight_date=2026-01-01_2026-06-12&comparison_date=2026-01-01_2026-06-12,Utah Orem Mission,,0.055214724
120235493544230368,People Baptized and Confirmed,Grow,https://business.facebook.com/adsmanager/manage/ads?act=1059444081122469&selected_campaign_ids=120235493445690368&selected_adset_ids=120235493446020368&selected_ad_ids=120235493544230368&date=2026-01-01_2026-06-12&insight_date=2026-01-01_2026-06-12&comparison_date=2026-01-01_2026-06-12,Utah Orem Mission,,3
120235493544230368,People Who Attended Sacrament,Grow,https://business.facebook.com/adsmanager/manage/ads?act=1059444081122469&selected_campaign_ids=120235493445690368&selected_adset_ids=120235493446020368&selected_ad_ids=120235493544230368&date=2026-01-01_2026-06-12&insight_date=2026-01-01_2026-06-12&comparison_date=2026-01-01_2026-06-12,Utah Orem Mission,,9
120235493544230368,New People Being Taught,Grow,https://business.facebook.com/adsmanager/manage/ads?act=1059444081122469&selected_campaign_ids=120235493445690368&selected_adset_ids=120235493446020368&selected_ad_ids=120235493544230368&date=2026-01-01_2026-06-12&insight_date=2026-01-01_2026-06-12&comparison_date=2026-01-01_2026-06-12,Utah Orem Mission,,26
120235493544230368,Cost Per Facebook Lead,Grow,https://business.facebook.com/adsmanager/manage/ads?act=1059444081122469&selected_campaign_ids=120235493445690368&selected_adset_ids=120235493446020368&selected_ad_ids=120235493544230368&date=2026-01-01_2026-06-12&insight_date=2026-01-01_2026-06-12&comparison_date=2026-01-01_2026-06-12,Utah Orem Mission,,30.719929208
120235493544230368,Ad Leads,Grow,https://business.facebook.com/adsmanager/manage/ads?act=1059444081122469&selected_campaign_ids=120235493445690368&selected_adset_ids=120235493446020368&selected_ad_ids=120235493544230368&date=2026-01-01_2026-06-12&insight_date=2026-01-01_2026-06-12&comparison_date=2026-01-01_2026-06-12,Utah Orem Mission,,268.096969697
120235493544230368,People Found,Grow,https://business.facebook.com/adsmanager/manage/ads?act=1059444081122469&selected_campaign_ids=120235493445690368&selected_adset_ids=120235493446020368&selected_ad_ids=120235493544230368&date=2026-01-01_2026-06-12&insight_date=2026-01-01_2026-06-12&comparison_date=2026-01-01_2026-06-12,Utah Orem Mission,,163
120242530345970116,Forecasted Cost Per Baptism,Grow,https://business.facebook.com/adsmanager/manage/ads?act=969086184816615&selected_campaign_ids=120242530345840116&selected_adset_ids=120242530345850116&selected_ad_ids=120242530345970116&date=2026-01-01_2026-06-12&insight_date=2026-01-01_2026-06-12&comparison_date=2026-01-01_2026-06-12,Michigan Detroit Mission,,4467.112924208
120242530345970116,Forecasted Baptisms,Grow,https://business.facebook.com/adsmanager/manage/ads?act=969086184816615&selected_campaign_ids=120242530345840116&selected_adset_ids=120242530345850116&selected_ad_ids=120242530345970116&date=2026-01-01_2026-06-12&insight_date=2026-01-01_2026-06-12&comparison_date=2026-01-01_2026-06-12,Michigan Detroit Mission,,1.059543396
120242530345970116,Forecasted % Found Baptized,Grow,https://business.facebook.com/adsmanager/manage/ads?act=969086184816615&selected_campaign_ids=120242530345840116&selected_adset_ids=120242530345850116&selected_ad_ids=120242530345970116&date=2026-01-01_2026-06-12&insight_date=2026-01-01_2026-06-12&comparison_date=2026-01-01_2026-06-12,Michigan Detroit Mission,,0.010923128
120242530345970116,% Found Baptized,Grow,https://business.facebook.com/adsmanager/manage/ads?act=969086184816615&selected_campaign_ids=120242530345840116&selected_adset_ids=120242530345850116&selected_ad_ids=120242530345970116&date=2026-01-01_2026-06-12&insight_date=2026-01-01_2026-06-12&comparison_date=2026-01-01_2026-06-12,Michigan Detroit Mission,,0.010309278
120242530345970116,% Found Attending Sacrament,Grow,https://business.facebook.com/adsmanager/manage/ads?act=969086184816615&selected_campaign_ids=120242530345840116&selected_adset_ids=120242530345850116&selected_ad_ids=120242530345970116&date=2026-01-01_2026-06-12&insight_date=2026-01-01_2026-06-12&comparison_date=2026-01-01_2026-06-12,Michigan Detroit Mission,,0.103092784
120242530345970116,People Baptized and Confirmed,Grow,https://business.facebook.com/adsmanager/manage/ads?act=969086184816615&selected_campaign_ids=120242530345840116&selected_adset_ids=120242530345850116&selected_ad_ids=120242530345970116&date=2026-01-01_2026-06-12&insight_date=2026-01-01_2026-06-12&comparison_date=2026-01-01_2026-06-12,Michigan Detroit Mission,,1
120242530345970116,People Who Attended Sacrament,Grow,https://business.facebook.com/adsmanager/manage/ads?act=969086184816615&selected_campaign_ids=120242530345840116&selected_adset_ids=120242530345850116&selected_ad_ids=120242530345970116&date=2026-01-01_2026-06-12&insight_date=2026-01-01_2026-06-12&comparison_date=2026-01-01_2026-06-12,Michigan Detroit Mission,,10
120242530345970116,New People Being Taught,Grow,https://business.facebook.com/adsmanager/manage/ads?act=969086184816615&selected_campaign_ids=120242530345840116&selected_adset_ids=120242530345850116&selected_ad_ids=120242530345970116&date=2026-01-01_2026-06-12&insight_date=2026-01-01_2026-06-12&comparison_date=2026-01-01_2026-06-12,Michigan Detroit Mission,,29
120242530345970116,Cost Per Facebook Lead,Grow,https://business.facebook.com/adsmanager/manage/ads?act=969086184816615&selected_campaign_ids=120242530345840116&selected_adset_ids=120242530345850116&selected_ad_ids=120242530345970116&date=2026-01-01_2026-06-12&insight_date=2026-01-01_2026-06-12&comparison_date=2026-01-01_2026-06-12,Michigan Detroit Mission,,38.923519737
120242530345970116,Ad Leads,Grow,https://business.facebook.com/adsmanager/manage/ads?act=969086184816615&selected_campaign_ids=120242530345840116&selected_adset_ids=120242530345850116&selected_ad_ids=120242530345970116&date=2026-01-01_2026-06-12&insight_date=2026-01-01_2026-06-12&comparison_date=2026-01-01_2026-06-12,Michigan Detroit Mission,,121.6
120242530345970116,People Found,Grow,https://business.facebook.com/adsmanager/manage/ads?act=969086184816615&selected_campaign_ids=120242530345840116&selected_adset_ids=120242530345850116&selected_ad_ids=120242530345970116&date=2026-01-01_2026-06-12&insight_date=2026-01-01_2026-06-12&comparison_date=2026-01-01_2026-06-12,Michigan Detroit Mission,,97
120240687273290727,Forecasted Cost Per Baptism,Grow,https://business.facebook.com/adsmanager/manage/ads?act=238929060375046&selected_campaign_ids=120240477210460727&selected_adset_ids=120240546643640727&selected_ad_ids=120240687273290727&date=2026-01-01_2026-06-12&insight_date=2026-01-01_2026-06-12&comparison_date=2026-01-01_2026-06-12,Nevada Reno Mission,,4451.303110009
120240687273290727,Forecasted Baptisms,Grow,https://business.facebook.com/adsmanager/manage/ads?act=238929060375046&selected_campaign_ids=120240477210460727&selected_adset_ids=120240546643640727&selected_ad_ids=120240687273290727&date=2026-01-01_2026-06-12&insight_date=2026-01-01_2026-06-12&comparison_date=2026-01-01_2026-06-12,Nevada Reno Mission,,0.980224461
120240687273290727,Forecasted % Found Baptized,Grow,https://business.facebook.com/adsmanager/manage/ads?act=238929060375046&selected_campaign_ids=120240477210460727&selected_adset_ids=120240546643640727&selected_ad_ids=120240687273290727&date=2026-01-01_2026-06-12&insight_date=2026-01-01_2026-06-12&comparison_date=2026-01-01_2026-06-12,Nevada Reno Mission,,0.007658004
120240687273290727,% Found Baptized,Grow,https://business.facebook.com/adsmanager/manage/ads?act=238929060375046&selected_campaign_ids=120240477210460727&selected_adset_ids=120240546643640727&selected_ad_ids=120240687273290727&date=2026-01-01_2026-06-12&insight_date=2026-01-01_2026-06-12&comparison_date=2026-01-01_2026-06-12,Nevada Reno Mission,,0
120240687273290727,% Found Attending Sacrament,Grow,https://business.facebook.com/adsmanager/manage/ads?act=238929060375046&selected_campaign_ids=120240477210460727&selected_adset_ids=120240546643640727&selected_ad_ids=120240687273290727&date=2026-01-01_2026-06-12&insight_date=2026-01-01_2026-06-12&comparison_date=2026-01-01_2026-06-12,Nevada Reno Mission,,0.0390625
120240687273290727,People Baptized and Confirmed,Grow,https://business.facebook.com/adsmanager/manage/ads?act=238929060375046&selected_campaign_ids=120240477210460727&selected_adset_ids=120240546643640727&selected_ad_ids=120240687273290727&date=2026-01-01_2026-06-12&insight_date=2026-01-01_2026-06-12&comparison_date=2026-01-01_2026-06-12,Nevada Reno Mission,,0
120240687273290727,People Who Attended Sacrament,Grow,https://business.facebook.com/adsmanager/manage/ads?act=238929060375046&selected_campaign_ids=120240477210460727&selected_adset_ids=120240546643640727&selected_ad_ids=120240687273290727&date=2026-01-01_2026-06-12&insight_date=2026-01-01_2026-06-12&comparison_date=2026-01-01_2026-06-12,Nevada Reno Mission,,5
120240687273290727,New People Being Taught,Grow,https://business.facebook.com/adsmanager/manage/ads?act=238929060375046&selected_campaign_ids=120240477210460727&selected_adset_ids=120240546643640727&selected_ad_ids=120240687273290727&date=2026-01-01_2026-06-12&insight_date=2026-01-01_2026-06-12&comparison_date=2026-01-01_2026-06-12,Nevada Reno Mission,,31
120240687273290727,Cost Per Facebook Lead,Grow,https://business.facebook.com/adsmanager/manage/ads?act=238929060375046&selected_campaign_ids=120240477210460727&selected_adset_ids=120240546643640727&selected_ad_ids=120240687273290727&date=2026-01-01_2026-06-12&insight_date=2026-01-01_2026-06-12&comparison_date=2026-01-01_2026-06-12,Nevada Reno Mission,,23.432078560
120240687273290727,Ad Leads,Grow,https://business.facebook.com/adsmanager/manage/ads?act=238929060375046&selected_campaign_ids=120240477210460727&selected_adset_ids=120240546643640727&selected_ad_ids=120240687273290727&date=2026-01-01_2026-06-12&insight_date=2026-01-01_2026-06-12&comparison_date=2026-01-01_2026-06-12,Nevada Reno Mission,,186.209523810
120240687273290727,People Found,Grow,https://business.facebook.com/adsmanager/manage/ads?act=238929060375046&selected_campaign_ids=120240477210460727&selected_adset_ids=120240546643640727&selected_ad_ids=120240687273290727&date=2026-01-01_2026-06-12&insight_date=2026-01-01_2026-06-12&comparison_date=2026-01-01_2026-06-12,Nevada Reno Mission,,128
120239903987760218,Forecasted Cost Per Baptism,Grow,https://business.facebook.com/adsmanager/manage/ads?act=2690826994537559&selected_campaign_ids=120239903383670218&selected_adset_ids=120239903987740218&selected_ad_ids=120239903987760218&date=2026-01-01_2026-06-12&insight_date=2026-01-01_2026-06-12&comparison_date=2026-01-01_2026-06-12,Tennessee Nashville Mission,,4448.924252583
120239903987760218,Forecasted Baptisms,Grow,https://business.facebook.com/adsmanager/manage/ads?act=2690826994537559&selected_campaign_ids=120239903383670218&selected_adset_ids=120239903987740218&selected_ad_ids=120239903987760218&date=2026-01-01_2026-06-12&insight_date=2026-01-01_2026-06-12&comparison_date=2026-01-01_2026-06-12,Tennessee Nashville Mission,,0.355760159
120239903987760218,Forecasted % Found Baptized,Grow,https://business.facebook.com/adsmanager/manage/ads?act=2690826994537559&selected_campaign_ids=120239903383670218&selected_adset_ids=120239903987740218&selected_ad_ids=120239903987760218&date=2026-01-01_2026-06-12&insight_date=2026-01-01_2026-06-12&comparison_date=2026-01-01_2026-06-12,Tennessee Nashville Mission,,0.009615139
120239903987760218,% Found Baptized,Grow,https://business.facebook.com/adsmanager/manage/ads?act=2690826994537559&selected_campaign_ids=120239903383670218&selected_adset_ids=120239903987740218&selected_ad_ids=120239903987760218&date=2026-01-01_2026-06-12&insight_date=2026-01-01_2026-06-12&comparison_date=2026-01-01_2026-06-12,Tennessee Nashville Mission,,0.027027027
120239903987760218,% Found Attending Sacrament,Grow,https://business.facebook.com/adsmanager/manage/ads?act=2690826994537559&selected_campaign_ids=120239903383670218&selected_adset_ids=120239903987740218&selected_ad_ids=120239903987760218&date=2026-01-01_2026-06-12&insight_date=2026-01-01_2026-06-12&comparison_date=2026-01-01_2026-06-12,Tennessee Nashville Mission,,0.108108108
120239903987760218,People Baptized and Confirmed,Grow,https://business.facebook.com/adsmanager/manage/ads?act=2690826994537559&selected_campaign_ids=120239903383670218&selected_adset_ids=120239903987740218&selected_ad_ids=120239903987760218&date=2026-01-01_2026-06-12&insight_date=2026-01-01_2026-06-12&comparison_date=2026-01-01_2026-06-12,Tennessee Nashville Mission,,1
120239903987760218,People Who Attended Sacrament,Grow,https://business.facebook.com/adsmanager/manage/ads?act=2690826994537559&selected_campaign_ids=120239903383670218&selected_adset_ids=120239903987740218&selected_ad_ids=120239903987760218&date=2026-01-01_2026-06-12&insight_date=2026-01-01_2026-06-12&comparison_date=2026-01-01_2026-06-12,Tennessee Nashville Mission,,4
120239903987760218,New People Being Taught,Grow,https://business.facebook.com/adsmanager/manage/ads?act=2690826994537559&selected_campaign_ids=120239903383670218&selected_adset_ids=120239903987740218&selected_ad_ids=120239903987760218&date=2026-01-01_2026-06-12&insight_date=2026-01-01_2026-06-12&comparison_date=2026-01-01_2026-06-12,Tennessee Nashville Mission,,11
120239903987760218,Cost Per Facebook Lead,Grow,https://business.facebook.com/adsmanager/manage/ads?act=2690826994537559&selected_campaign_ids=120239903383670218&selected_adset_ids=120239903987740218&selected_ad_ids=120239903987760218&date=2026-01-01_2026-06-12&insight_date=2026-01-01_2026-06-12&comparison_date=2026-01-01_2026-06-12,Tennessee Nashville Mission,,33.855614973
120239903987760218,Ad Leads,Grow,https://business.facebook.com/adsmanager/manage/ads?act=2690826994537559&selected_campaign_ids=120239903383670218&selected_adset_ids=120239903987740218&selected_ad_ids=120239903987760218&date=2026-01-01_2026-06-12&insight_date=2026-01-01_2026-06-12&comparison_date=2026-01-01_2026-06-12,Tennessee Nashville Mission,,46.75
120239903987760218,People Found,Grow,https://business.facebook.com/adsmanager/manage/ads?act=2690826994537559&selected_campaign_ids=120239903383670218&selected_adset_ids=120239903987740218&selected_ad_ids=120239903987760218&date=2026-01-01_2026-06-12&insight_date=2026-01-01_2026-06-12&comparison_date=2026-01-01_2026-06-12,Tennessee Nashville Mission,,37
120246996655380428,Forecasted Cost Per Baptism,Grow,https://business.facebook.com/adsmanager/manage/ads?act=1083755075693437&selected_campaign_ids=120246996655260428&selected_adset_ids=120246996655400428&selected_ad_ids=120246996655380428&date=2026-01-01_2026-06-12&insight_date=2026-01-01_2026-06-12&comparison_date=2026-01-01_2026-06-12,Tennessee Nashville Mission,,4270.452595936
120246996655380428,Forecasted Baptisms,Grow,https://business.facebook.com/adsmanager/manage/ads?act=1083755075693437&selected_campaign_ids=120246996655260428&selected_adset_ids=120246996655400428&selected_ad_ids=120246996655380428&date=2026-01-01_2026-06-12&insight_date=2026-01-01_2026-06-12&comparison_date=2026-01-01_2026-06-12,Tennessee Nashville Mission,,1.060426242
120246996655380428,Forecasted % Found Baptized,Grow,https://business.facebook.com/adsmanager/manage/ads?act=1083755075693437&selected_campaign_ids=120246996655260428&selected_adset_ids=120246996655400428&selected_ad_ids=120246996655380428&date=2026-01-01_2026-06-12&insight_date=2026-01-01_2026-06-12&comparison_date=2026-01-01_2026-06-12,Tennessee Nashville Mission,,0.007913629
120246996655380428,% Found Baptized,Grow,https://business.facebook.com/adsmanager/manage/ads?act=1083755075693437&selected_campaign_ids=120246996655260428&selected_adset_ids=120246996655400428&selected_ad_ids=120246996655380428&date=2026-01-01_2026-06-12&insight_date=2026-01-01_2026-06-12&comparison_date=2026-01-01_2026-06-12,Tennessee Nashville Mission,,0
120246996655380428,% Found Attending Sacrament,Grow,https://business.facebook.com/adsmanager/manage/ads?act=1083755075693437&selected_campaign_ids=120246996655260428&selected_adset_ids=120246996655400428&selected_ad_ids=120246996655380428&date=2026-01-01_2026-06-12&insight_date=2026-01-01_2026-06-12&comparison_date=2026-01-01_2026-06-12,Tennessee Nashville Mission,,0.059701493
120246996655380428,People Baptized and Confirmed,Grow,https://business.facebook.com/adsmanager/manage/ads?act=1083755075693437&selected_campaign_ids=120246996655260428&selected_adset_ids=120246996655400428&selected_ad_ids=120246996655380428&date=2026-01-01_2026-06-12&insight_date=2026-01-01_2026-06-12&comparison_date=2026-01-01_2026-06-12,Tennessee Nashville Mission,,0
120246996655380428,People Who Attended Sacrament,Grow,https://business.facebook.com/adsmanager/manage/ads?act=1083755075693437&selected_campaign_ids=120246996655260428&selected_adset_ids=120246996655400428&selected_ad_ids=120246996655380428&date=2026-01-01_2026-06-12&insight_date=2026-01-01_2026-06-12&comparison_date=2026-01-01_2026-06-12,Tennessee Nashville Mission,,8
120246996655380428,New People Being Taught,Grow,https://business.facebook.com/adsmanager/manage/ads?act=1083755075693437&selected_campaign_ids=120246996655260428&selected_adset_ids=120246996655400428&selected_ad_ids=120246996655380428&date=2026-01-01_2026-06-12&insight_date=2026-01-01_2026-06-12&comparison_date=2026-01-01_2026-06-12,Tennessee Nashville Mission,,30
120246996655380428,Cost Per Facebook Lead,Grow,https://business.facebook.com/adsmanager/manage/ads?act=1083755075693437&selected_campaign_ids=120246996655260428&selected_adset_ids=120246996655400428&selected_ad_ids=120246996655380428&date=2026-01-01_2026-06-12&insight_date=2026-01-01_2026-06-12&comparison_date=2026-01-01_2026-06-12,Tennessee Nashville Mission,,31.017123288
120246996655380428,Ad Leads,Grow,https://business.facebook.com/adsmanager/manage/ads?act=1083755075693437&selected_campaign_ids=120246996655260428&selected_adset_ids=120246996655400428&selected_ad_ids=120246996655380428&date=2026-01-01_2026-06-12&insight_date=2026-01-01_2026-06-12&comparison_date=2026-01-01_2026-06-12,Tennessee Nashville Mission,,146
120246996655380428,People Found,Grow,https://business.facebook.com/adsmanager/manage/ads?act=1083755075693437&selected_campaign_ids=120246996655260428&selected_adset_ids=120246996655400428&selected_ad_ids=120246996655380428&date=2026-01-01_2026-06-12&insight_date=2026-01-01_2026-06-12&comparison_date=2026-01-01_2026-06-12,Tennessee Nashville Mission,,134
120237843714690645,Forecasted Cost Per Baptism,-,https://business.facebook.com/adsmanager/manage/ads?act=638318370346986&selected_campaign_ids=120237843592740645&selected_adset_ids=120237843714700645&selected_ad_ids=120237843714690645&date=2026-01-01_2026-06-12&insight_date=2026-01-01_2026-06-12&comparison_date=2026-01-01_2026-06-12,Kansas Wichita Mission,,4256.548674235
120237843714690645,Forecasted Baptisms,-,https://business.facebook.com/adsmanager/manage/ads?act=638318370346986&selected_campaign_ids=120237843592740645&selected_adset_ids=120237843714700645&selected_ad_ids=120237843714690645&date=2026-01-01_2026-06-12&insight_date=2026-01-01_2026-06-12&comparison_date=2026-01-01_2026-06-12,Kansas Wichita Mission,,0.390692114
120237843714690645,Forecasted % Found Baptized,-,https://business.facebook.com/adsmanager/manage/ads?act=638318370346986&selected_campaign_ids=120237843592740645&selected_adset_ids=120237843714700645&selected_ad_ids=120237843714690645&date=2026-01-01_2026-06-12&insight_date=2026-01-01_2026-06-12&comparison_date=2026-01-01_2026-06-12,Kansas Wichita Mission,,0.014470078
120237843714690645,% Found Baptized,-,https://business.facebook.com/adsmanager/manage/ads?act=638318370346986&selected_campaign_ids=120237843592740645&selected_adset_ids=120237843714700645&selected_ad_ids=120237843714690645&date=2026-01-01_2026-06-12&insight_date=2026-01-01_2026-06-12&comparison_date=2026-01-01_2026-06-12,Kansas Wichita Mission,,0
120237843714690645,% Found Attending Sacrament,-,https://business.facebook.com/adsmanager/manage/ads?act=638318370346986&selected_campaign_ids=120237843592740645&selected_adset_ids=120237843714700645&selected_ad_ids=120237843714690645&date=2026-01-01_2026-06-12&insight_date=2026-01-01_2026-06-12&comparison_date=2026-01-01_2026-06-12,Kansas Wichita Mission,,0.111111111
120237843714690645,People Baptized and Confirmed,-,https://business.facebook.com/adsmanager/manage/ads?act=638318370346986&selected_campaign_ids=120237843592740645&selected_adset_ids=120237843714700645&selected_ad_ids=120237843714690645&date=2026-01-01_2026-06-12&insight_date=2026-01-01_2026-06-12&comparison_date=2026-01-01_2026-06-12,Kansas Wichita Mission,,0
120237843714690645,People Who Attended Sacrament,-,https://business.facebook.com/adsmanager/manage/ads?act=638318370346986&selected_campaign_ids=120237843592740645&selected_adset_ids=120237843714700645&selected_ad_ids=120237843714690645&date=2026-01-01_2026-06-12&insight_date=2026-01-01_2026-06-12&comparison_date=2026-01-01_2026-06-12,Kansas Wichita Mission,,3
120237843714690645,New People Being Taught,-,https://business.facebook.com/adsmanager/manage/ads?act=638318370346986&selected_campaign_ids=120237843592740645&selected_adset_ids=120237843714700645&selected_ad_ids=120237843714690645&date=2026-01-01_2026-06-12&insight_date=2026-01-01_2026-06-12&comparison_date=2026-01-01_2026-06-12,Kansas Wichita Mission,,14
120237843714690645,Cost Per Facebook Lead,-,https://business.facebook.com/adsmanager/manage/ads?act=638318370346986&selected_campaign_ids=120237843592740645&selected_adset_ids=120237843714700645&selected_ad_ids=120237843714690645&date=2026-01-01_2026-06-12&insight_date=2026-01-01_2026-06-12&comparison_date=2026-01-01_2026-06-12,Kansas Wichita Mission,,75.590909091
120237843714690645,Ad Leads,-,https://business.facebook.com/adsmanager/manage/ads?act=638318370346986&selected_campaign_ids=120237843592740645&selected_adset_ids=120237843714700645&selected_ad_ids=120237843714690645&date=2026-01-01_2026-06-12&insight_date=2026-01-01_2026-06-12&comparison_date=2026-01-01_2026-06-12,Kansas Wichita Mission,,22
120237843714690645,People Found,-,https://business.facebook.com/adsmanager/manage/ads?act=638318370346986&selected_campaign_ids=120237843592740645&selected_adset_ids=120237843714700645&selected_ad_ids=120237843714690645&date=2026-01-01_2026-06-12&insight_date=2026-01-01_2026-06-12&comparison_date=2026-01-01_2026-06-12,Kansas Wichita Mission,,27
120240981857900708,Forecasted Cost Per Baptism,Grow,https://business.facebook.com/adsmanager/manage/ads?act=282246452801626&selected_campaign_ids=120240976961200708&selected_adset_ids=120240981804700708&selected_ad_ids=120240981857900708&date=2026-01-01_2026-06-12&insight_date=2026-01-01_2026-06-12&comparison_date=2026-01-01_2026-06-12,Texas Austin Mission,,4251.770796322
120240981857900708,Forecasted Baptisms,Grow,https://business.facebook.com/adsmanager/manage/ads?act=282246452801626&selected_campaign_ids=120240976961200708&selected_adset_ids=120240981804700708&selected_ad_ids=120240981857900708&date=2026-01-01_2026-06-12&insight_date=2026-01-01_2026-06-12&comparison_date=2026-01-01_2026-06-12,Texas Austin Mission,,0.402655760
120240981857900708,Forecasted % Found Baptized,Grow,https://business.facebook.com/adsmanager/manage/ads?act=282246452801626&selected_campaign_ids=120240976961200708&selected_adset_ids=120240981804700708&selected_ad_ids=120240981857900708&date=2026-01-01_2026-06-12&insight_date=2026-01-01_2026-06-12&comparison_date=2026-01-01_2026-06-12,Texas Austin Mission,,0.007895211
120240981857900708,% Found Baptized,Grow,https://business.facebook.com/adsmanager/manage/ads?act=282246452801626&selected_campaign_ids=120240976961200708&selected_adset_ids=120240981804700708&selected_ad_ids=120240981857900708&date=2026-01-01_2026-06-12&insight_date=2026-01-01_2026-06-12&comparison_date=2026-01-01_2026-06-12,Texas Austin Mission,,0
120240981857900708,% Found Attending Sacrament,Grow,https://business.facebook.com/adsmanager/manage/ads?act=282246452801626&selected_campaign_ids=120240976961200708&selected_adset_ids=120240981804700708&selected_ad_ids=120240981857900708&date=2026-01-01_2026-06-12&insight_date=2026-01-01_2026-06-12&comparison_date=2026-01-01_2026-06-12,Texas Austin Mission,,0.058823529
120240981857900708,People Baptized and Confirmed,Grow,https://business.facebook.com/adsmanager/manage/ads?act=282246452801626&selected_campaign_ids=120240976961200708&selected_adset_ids=120240981804700708&selected_ad_ids=120240981857900708&date=2026-01-01_2026-06-12&insight_date=2026-01-01_2026-06-12&comparison_date=2026-01-01_2026-06-12,Texas Austin Mission,,0
120240981857900708,People Who Attended Sacrament,Grow,https://business.facebook.com/adsmanager/manage/ads?act=282246452801626&selected_campaign_ids=120240976961200708&selected_adset_ids=120240981804700708&selected_ad_ids=120240981857900708&date=2026-01-01_2026-06-12&insight_date=2026-01-01_2026-06-12&comparison_date=2026-01-01_2026-06-12,Texas Austin Mission,,3
120240981857900708,New People Being Taught,Grow,https://business.facebook.com/adsmanager/manage/ads?act=282246452801626&selected_campaign_ids=120240976961200708&selected_adset_ids=120240981804700708&selected_ad_ids=120240981857900708&date=2026-01-01_2026-06-12&insight_date=2026-01-01_2026-06-12&comparison_date=2026-01-01_2026-06-12,Texas Austin Mission,,16
120240981857900708,Cost Per Facebook Lead,Grow,https://business.facebook.com/adsmanager/manage/ads?act=282246452801626&selected_campaign_ids=120240976961200708&selected_adset_ids=120240981804700708&selected_ad_ids=120240981857900708&date=2026-01-01_2026-06-12&insight_date=2026-01-01_2026-06-12&comparison_date=2026-01-01_2026-06-12,Texas Austin Mission,,30.035087719
120240981857900708,Ad Leads,Grow,https://business.facebook.com/adsmanager/manage/ads?act=282246452801626&selected_campaign_ids=120240976961200708&selected_adset_ids=120240981804700708&selected_ad_ids=120240981857900708&date=2026-01-01_2026-06-12&insight_date=2026-01-01_2026-06-12&comparison_date=2026-01-01_2026-06-12,Texas Austin Mission,,57.000000000
120240981857900708,People Found,Grow,https://business.facebook.com/adsmanager/manage/ads?act=282246452801626&selected_campaign_ids=120240976961200708&selected_adset_ids=120240981804700708&selected_ad_ids=120240981857900708&date=2026-01-01_2026-06-12&insight_date=2026-01-01_2026-06-12&comparison_date=2026-01-01_2026-06-12,Texas Austin Mission,,51
120238500460820760,Forecasted Cost Per Baptism,Grow,https://business.facebook.com/adsmanager/manage/ads?act=1366001053593379&selected_campaign_ids=120238500460700760&selected_adset_ids=120238500460910760&selected_ad_ids=120238500460820760&date=2026-01-01_2026-06-12&insight_date=2026-01-01_2026-06-12&comparison_date=2026-01-01_2026-06-12,Nebraska Omaha Mission,,4214.456228432
120238500460820760,Forecasted Baptisms,Grow,https://business.facebook.com/adsmanager/manage/ads?act=1366001053593379&selected_campaign_ids=120238500460700760&selected_adset_ids=120238500460910760&selected_ad_ids=120238500460820760&date=2026-01-01_2026-06-12&insight_date=2026-01-01_2026-06-12&comparison_date=2026-01-01_2026-06-12,Nebraska Omaha Mission,,0.842101521
120238500460820760,Forecasted % Found Baptized,Grow,https://business.facebook.com/adsmanager/manage/ads?act=1366001053593379&selected_campaign_ids=120238500460700760&selected_adset_ids=120238500460910760&selected_ad_ids=120238500460820760&date=2026-01-01_2026-06-12&insight_date=2026-01-01_2026-06-12&comparison_date=2026-01-01_2026-06-12,Nebraska Omaha Mission,,0.020539061
120238500460820760,% Found Baptized,Grow,https://business.facebook.com/adsmanager/manage/ads?act=1366001053593379&selected_campaign_ids=120238500460700760&selected_adset_ids=120238500460910760&selected_ad_ids=120238500460820760&date=2026-01-01_2026-06-12&insight_date=2026-01-01_2026-06-12&comparison_date=2026-01-01_2026-06-12,Nebraska Omaha Mission,,0.024390244
120238500460820760,% Found Attending Sacrament,Grow,https://business.facebook.com/adsmanager/manage/ads?act=1366001053593379&selected_campaign_ids=120238500460700760&selected_adset_ids=120238500460910760&selected_ad_ids=120238500460820760&date=2026-01-01_2026-06-12&insight_date=2026-01-01_2026-06-12&comparison_date=2026-01-01_2026-06-12,Nebraska Omaha Mission,,0.121951220
120238500460820760,People Baptized and Confirmed,Grow,https://business.facebook.com/adsmanager/manage/ads?act=1366001053593379&selected_campaign_ids=120238500460700760&selected_adset_ids=120238500460910760&selected_ad_ids=120238500460820760&date=2026-01-01_2026-06-12&insight_date=2026-01-01_2026-06-12&comparison_date=2026-01-01_2026-06-12,Nebraska Omaha Mission,,1
120238500460820760,People Who Attended Sacrament,Grow,https://business.facebook.com/adsmanager/manage/ads?act=1366001053593379&selected_campaign_ids=120238500460700760&selected_adset_ids=120238500460910760&selected_ad_ids=120238500460820760&date=2026-01-01_2026-06-12&insight_date=2026-01-01_2026-06-12&comparison_date=2026-01-01_2026-06-12,Nebraska Omaha Mission,,5
120238500460820760,New People Being Taught,Grow,https://business.facebook.com/adsmanager/manage/ads?act=1366001053593379&selected_campaign_ids=120238500460700760&selected_adset_ids=120238500460910760&selected_ad_ids=120238500460820760&date=2026-01-01_2026-06-12&insight_date=2026-01-01_2026-06-12&comparison_date=2026-01-01_2026-06-12,Nebraska Omaha Mission,,16
120238500460820760,Cost Per Facebook Lead,Grow,https://business.facebook.com/adsmanager/manage/ads?act=1366001053593379&selected_campaign_ids=120238500460700760&selected_adset_ids=120238500460910760&selected_ad_ids=120238500460820760&date=2026-01-01_2026-06-12&insight_date=2026-01-01_2026-06-12&comparison_date=2026-01-01_2026-06-12,Nebraska Omaha Mission,,59.15
120238500460820760,Ad Leads,Grow,https://business.facebook.com/adsmanager/manage/ads?act=1366001053593379&selected_campaign_ids=120238500460700760&selected_adset_ids=120238500460910760&selected_ad_ids=120238500460820760&date=2026-01-01_2026-06-12&insight_date=2026-01-01_2026-06-12&comparison_date=2026-01-01_2026-06-12,Nebraska Omaha Mission,,60
120238500460820760,People Found,Grow,https://business.facebook.com/adsmanager/manage/ads?act=1366001053593379&selected_campaign_ids=120238500460700760&selected_adset_ids=120238500460910760&selected_ad_ids=120238500460820760&date=2026-01-01_2026-06-12&insight_date=2026-01-01_2026-06-12&comparison_date=2026-01-01_2026-06-12,Nebraska Omaha Mission,,41
120245670039180295,Forecasted Cost Per Baptism,Grow,https://business.facebook.com/adsmanager/manage/ads?act=439329213748764&selected_campaign_ids=120245669581590295&selected_adset_ids=120245669743030295&selected_ad_ids=120245670039180295&date=2026-01-01_2026-06-12&insight_date=2026-01-01_2026-06-12&comparison_date=2026-01-01_2026-06-12,Wisconsin Milwaukee Mission,,4185.514657706
120245670039180295,Forecasted Baptisms,Grow,https://business.facebook.com/adsmanager/manage/ads?act=439329213748764&selected_campaign_ids=120245669581590295&selected_adset_ids=120245669743030295&selected_ad_ids=120245670039180295&date=2026-01-01_2026-06-12&insight_date=2026-01-01_2026-06-12&comparison_date=2026-01-01_2026-06-12,Wisconsin Milwaukee Mission,,0.434833025
120245670039180295,Forecasted % Found Baptized,Grow,https://business.facebook.com/adsmanager/manage/ads?act=439329213748764&selected_campaign_ids=120245669581590295&selected_adset_ids=120245669743030295&selected_ad_ids=120245670039180295&date=2026-01-01_2026-06-12&insight_date=2026-01-01_2026-06-12&comparison_date=2026-01-01_2026-06-12,Wisconsin Milwaukee Mission,,0.013588532
120245670039180295,% Found Baptized,Grow,https://business.facebook.com/adsmanager/manage/ads?act=439329213748764&selected_campaign_ids=120245669581590295&selected_adset_ids=120245669743030295&selected_ad_ids=120245670039180295&date=2026-01-01_2026-06-12&insight_date=2026-01-01_2026-06-12&comparison_date=2026-01-01_2026-06-12,Wisconsin Milwaukee Mission,,0
120245670039180295,% Found Attending Sacrament,Grow,https://business.facebook.com/adsmanager/manage/ads?act=439329213748764&selected_campaign_ids=120245669581590295&selected_adset_ids=120245669743030295&selected_ad_ids=120245670039180295&date=2026-01-01_2026-06-12&insight_date=2026-01-01_2026-06-12&comparison_date=2026-01-01_2026-06-12,Wisconsin Milwaukee Mission,,0.09375
120245670039180295,People Baptized and Confirmed,Grow,https://business.facebook.com/adsmanager/manage/ads?act=439329213748764&selected_campaign_ids=120245669581590295&selected_adset_ids=120245669743030295&selected_ad_ids=120245670039180295&date=2026-01-01_2026-06-12&insight_date=2026-01-01_2026-06-12&comparison_date=2026-01-01_2026-06-12,Wisconsin Milwaukee Mission,,0
120245670039180295,People Who Attended Sacrament,Grow,https://business.facebook.com/adsmanager/manage/ads?act=439329213748764&selected_campaign_ids=120245669581590295&selected_adset_ids=120245669743030295&selected_ad_ids=120245670039180295&date=2026-01-01_2026-06-12&insight_date=2026-01-01_2026-06-12&comparison_date=2026-01-01_2026-06-12,Wisconsin Milwaukee Mission,,3
120245670039180295,New People Being Taught,Grow,https://business.facebook.com/adsmanager/manage/ads?act=439329213748764&selected_campaign_ids=120245669581590295&selected_adset_ids=120245669743030295&selected_ad_ids=120245670039180295&date=2026-01-01_2026-06-12&insight_date=2026-01-01_2026-06-12&comparison_date=2026-01-01_2026-06-12,Wisconsin Milwaukee Mission,,9
120245670039180295,Cost Per Facebook Lead,Grow,https://business.facebook.com/adsmanager/manage/ads?act=439329213748764&selected_campaign_ids=120245669581590295&selected_adset_ids=120245669743030295&selected_ad_ids=120245670039180295&date=2026-01-01_2026-06-12&insight_date=2026-01-01_2026-06-12&comparison_date=2026-01-01_2026-06-12,Wisconsin Milwaukee Mission,,40.898876404
120245670039180295,Ad Leads,Grow,https://business.facebook.com/adsmanager/manage/ads?act=439329213748764&selected_campaign_ids=120245669581590295&selected_adset_ids=120245669743030295&selected_ad_ids=120245670039180295&date=2026-01-01_2026-06-12&insight_date=2026-01-01_2026-06-12&comparison_date=2026-01-01_2026-06-12,Wisconsin Milwaukee Mission,,44.5
120245670039180295,People Found,Grow,https://business.facebook.com/adsmanager/manage/ads?act=439329213748764&selected_campaign_ids=120245669581590295&selected_adset_ids=120245669743030295&selected_ad_ids=120245670039180295&date=2026-01-01_2026-06-12&insight_date=2026-01-01_2026-06-12&comparison_date=2026-01-01_2026-06-12,Wisconsin Milwaukee Mission,,32
120239223105490727,Forecasted Cost Per Baptism,Grow,https://business.facebook.com/adsmanager/manage/ads?act=305551410810029&selected_campaign_ids=120239168442590727&selected_adset_ids=120239223061960727&selected_ad_ids=120239223105490727&date=2026-01-01_2026-06-12&insight_date=2026-01-01_2026-06-12&comparison_date=2026-01-01_2026-06-12,Arizona Tucson Mission,,4175.006942548
120239223105490727,Forecasted Baptisms,Grow,https://business.facebook.com/adsmanager/manage/ads?act=305551410810029&selected_campaign_ids=120239168442590727&selected_adset_ids=120239223061960727&selected_ad_ids=120239223105490727&date=2026-01-01_2026-06-12&insight_date=2026-01-01_2026-06-12&comparison_date=2026-01-01_2026-06-12,Arizona Tucson Mission,,0.485987216
120239223105490727,Forecasted % Found Baptized,Grow,https://business.facebook.com/adsmanager/manage/ads?act=305551410810029&selected_campaign_ids=120239168442590727&selected_adset_ids=120239223061960727&selected_ad_ids=120239223105490727&date=2026-01-01_2026-06-12&insight_date=2026-01-01_2026-06-12&comparison_date=2026-01-01_2026-06-12,Arizona Tucson Mission,,0.007476726
120239223105490727,% Found Baptized,Grow,https://business.facebook.com/adsmanager/manage/ads?act=305551410810029&selected_campaign_ids=120239168442590727&selected_adset_ids=120239223061960727&selected_ad_ids=120239223105490727&date=2026-01-01_2026-06-12&insight_date=2026-01-01_2026-06-12&comparison_date=2026-01-01_2026-06-12,Arizona Tucson Mission,,0
120239223105490727,% Found Attending Sacrament,Grow,https://business.facebook.com/adsmanager/manage/ads?act=305551410810029&selected_campaign_ids=120239168442590727&selected_adset_ids=120239223061960727&selected_ad_ids=120239223105490727&date=2026-01-01_2026-06-12&insight_date=2026-01-01_2026-06-12&comparison_date=2026-01-01_2026-06-12,Arizona Tucson Mission,,0.046153846
120239223105490727,People Baptized and Confirmed,Grow,https://business.facebook.com/adsmanager/manage/ads?act=305551410810029&selected_campaign_ids=120239168442590727&selected_adset_ids=120239223061960727&selected_ad_ids=120239223105490727&date=2026-01-01_2026-06-12&insight_date=2026-01-01_2026-06-12&comparison_date=2026-01-01_2026-06-12,Arizona Tucson Mission,,0
120239223105490727,People Who Attended Sacrament,Grow,https://business.facebook.com/adsmanager/manage/ads?act=305551410810029&selected_campaign_ids=120239168442590727&selected_adset_ids=120239223061960727&selected_ad_ids=120239223105490727&date=2026-01-01_2026-06-12&insight_date=2026-01-01_2026-06-12&comparison_date=2026-01-01_2026-06-12,Arizona Tucson Mission,,3
120239223105490727,New People Being Taught,Grow,https://business.facebook.com/adsmanager/manage/ads?act=305551410810029&selected_campaign_ids=120239168442590727&selected_adset_ids=120239223061960727&selected_ad_ids=120239223105490727&date=2026-01-01_2026-06-12&insight_date=2026-01-01_2026-06-12&comparison_date=2026-01-01_2026-06-12,Arizona Tucson Mission,,24
120239223105490727,Cost Per Facebook Lead,Grow,https://business.facebook.com/adsmanager/manage/ads?act=305551410810029&selected_campaign_ids=120239168442590727&selected_adset_ids=120239223061960727&selected_ad_ids=120239223105490727&date=2026-01-01_2026-06-12&insight_date=2026-01-01_2026-06-12&comparison_date=2026-01-01_2026-06-12,Arizona Tucson Mission,,29.405797101
120239223105490727,Ad Leads,Grow,https://business.facebook.com/adsmanager/manage/ads?act=305551410810029&selected_campaign_ids=120239168442590727&selected_adset_ids=120239223061960727&selected_ad_ids=120239223105490727&date=2026-01-01_2026-06-12&insight_date=2026-01-01_2026-06-12&comparison_date=2026-01-01_2026-06-12,Arizona Tucson Mission,,69
120239223105490727,People Found,Grow,https://business.facebook.com/adsmanager/manage/ads?act=305551410810029&selected_campaign_ids=120239168442590727&selected_adset_ids=120239223061960727&selected_ad_ids=120239223105490727&date=2026-01-01_2026-06-12&insight_date=2026-01-01_2026-06-12&comparison_date=2026-01-01_2026-06-12,Arizona Tucson Mission,,65
6934624877258,Forecasted Cost Per Baptism,Grow,https://business.facebook.com/adsmanager/manage/ads?act=59491887&selected_campaign_ids=6933008235058&selected_adset_ids=6934623671058&selected_ad_ids=6934624877258&date=2026-01-01_2026-06-12&insight_date=2026-01-01_2026-06-12&comparison_date=2026-01-01_2026-06-12,Tennessee Nashville Mission,,4161.988576189
6934624877258,Forecasted Baptisms,Grow,https://business.facebook.com/adsmanager/manage/ads?act=59491887&selected_campaign_ids=6933008235058&selected_adset_ids=6934623671058&selected_ad_ids=6934624877258&date=2026-01-01_2026-06-12&insight_date=2026-01-01_2026-06-12&comparison_date=2026-01-01_2026-06-12,Tennessee Nashville Mission,,2.220606752
6934624877258,Forecasted % Found Baptized,Grow,https://business.facebook.com/adsmanager/manage/ads?act=59491887&selected_campaign_ids=6933008235058&selected_adset_ids=6934623671058&selected_ad_ids=6934624877258&date=2026-01-01_2026-06-12&insight_date=2026-01-01_2026-06-12&comparison_date=2026-01-01_2026-06-12,Tennessee Nashville Mission,,0.009530501
6934624877258,% Found Baptized,Grow,https://business.facebook.com/adsmanager/manage/ads?act=59491887&selected_campaign_ids=6933008235058&selected_adset_ids=6934623671058&selected_ad_ids=6934624877258&date=2026-01-01_2026-06-12&insight_date=2026-01-01_2026-06-12&comparison_date=2026-01-01_2026-06-12,Tennessee Nashville Mission,,0.008583691
6934624877258,% Found Attending Sacrament,Grow,https://business.facebook.com/adsmanager/manage/ads?act=59491887&selected_campaign_ids=6933008235058&selected_adset_ids=6934623671058&selected_ad_ids=6934624877258&date=2026-01-01_2026-06-12&insight_date=2026-01-01_2026-06-12&comparison_date=2026-01-01_2026-06-12,Tennessee Nashville Mission,,0.051502146
6934624877258,People Baptized and Confirmed,Grow,https://business.facebook.com/adsmanager/manage/ads?act=59491887&selected_campaign_ids=6933008235058&selected_adset_ids=6934623671058&selected_ad_ids=6934624877258&date=2026-01-01_2026-06-12&insight_date=2026-01-01_2026-06-12&comparison_date=2026-01-01_2026-06-12,Tennessee Nashville Mission,,2
6934624877258,People Who Attended Sacrament,Grow,https://business.facebook.com/adsmanager/manage/ads?act=59491887&selected_campaign_ids=6933008235058&selected_adset_ids=6934623671058&selected_ad_ids=6934624877258&date=2026-01-01_2026-06-12&insight_date=2026-01-01_2026-06-12&comparison_date=2026-01-01_2026-06-12,Tennessee Nashville Mission,,12
6934624877258,New People Being Taught,Grow,https://business.facebook.com/adsmanager/manage/ads?act=59491887&selected_campaign_ids=6933008235058&selected_adset_ids=6934623671058&selected_ad_ids=6934624877258&date=2026-01-01_2026-06-12&insight_date=2026-01-01_2026-06-12&comparison_date=2026-01-01_2026-06-12,Tennessee Nashville Mission,,75
6934624877258,Cost Per Facebook Lead,Grow,https://business.facebook.com/adsmanager/manage/ads?act=59491887&selected_campaign_ids=6933008235058&selected_adset_ids=6934623671058&selected_ad_ids=6934624877258&date=2026-01-01_2026-06-12&insight_date=2026-01-01_2026-06-12&comparison_date=2026-01-01_2026-06-12,Tennessee Nashville Mission,,31.971497694
6934624877258,Ad Leads,Grow,https://business.facebook.com/adsmanager/manage/ads?act=59491887&selected_campaign_ids=6933008235058&selected_adset_ids=6934623671058&selected_ad_ids=6934624877258&date=2026-01-01_2026-06-12&insight_date=2026-01-01_2026-06-12&comparison_date=2026-01-01_2026-06-12,Tennessee Nashville Mission,,289.074350649
6934624877258,People Found,Grow,https://business.facebook.com/adsmanager/manage/ads?act=59491887&selected_campaign_ids=6933008235058&selected_adset_ids=6934623671058&selected_ad_ids=6934624877258&date=2026-01-01_2026-06-12&insight_date=2026-01-01_2026-06-12&comparison_date=2026-01-01_2026-06-12,Tennessee Nashville Mission,,233
120245774898310116,Forecasted Cost Per Baptism,Grow,https://business.facebook.com/adsmanager/manage/ads?act=969086184816615&selected_campaign_ids=120245773713560116&selected_adset_ids=120245773713570116&selected_ad_ids=120245774898310116&date=2026-01-01_2026-06-12&insight_date=2026-01-01_2026-06-12&comparison_date=2026-01-01_2026-06-12,Tennessee Nashville Mission,,4110.746806847
120245774898310116,Forecasted Baptisms,Grow,https://business.facebook.com/adsmanager/manage/ads?act=969086184816615&selected_campaign_ids=120245773713560116&selected_adset_ids=120245773713570116&selected_ad_ids=120245774898310116&date=2026-01-01_2026-06-12&insight_date=2026-01-01_2026-06-12&comparison_date=2026-01-01_2026-06-12,Tennessee Nashville Mission,,0.577267371
120245774898310116,Forecasted % Found Baptized,Grow,https://business.facebook.com/adsmanager/manage/ads?act=969086184816615&selected_campaign_ids=120245773713560116&selected_adset_ids=120245773713570116&selected_ad_ids=120245774898310116&date=2026-01-01_2026-06-12&insight_date=2026-01-01_2026-06-12&comparison_date=2026-01-01_2026-06-12,Tennessee Nashville Mission,,0.008246677
120245774898310116,% Found Baptized,Grow,https://business.facebook.com/adsmanager/manage/ads?act=969086184816615&selected_campaign_ids=120245773713560116&selected_adset_ids=120245773713570116&selected_ad_ids=120245774898310116&date=2026-01-01_2026-06-12&insight_date=2026-01-01_2026-06-12&comparison_date=2026-01-01_2026-06-12,Tennessee Nashville Mission,,0
120245774898310116,% Found Attending Sacrament,Grow,https://business.facebook.com/adsmanager/manage/ads?act=969086184816615&selected_campaign_ids=120245773713560116&selected_adset_ids=120245773713570116&selected_ad_ids=120245774898310116&date=2026-01-01_2026-06-12&insight_date=2026-01-01_2026-06-12&comparison_date=2026-01-01_2026-06-12,Tennessee Nashville Mission,,0.042857143
120245774898310116,People Baptized and Confirmed,Grow,https://business.facebook.com/adsmanager/manage/ads?act=969086184816615&selected_campaign_ids=120245773713560116&selected_adset_ids=120245773713570116&selected_ad_ids=120245774898310116&date=2026-01-01_2026-06-12&insight_date=2026-01-01_2026-06-12&comparison_date=2026-01-01_2026-06-12,Tennessee Nashville Mission,,0
120245774898310116,People Who Attended Sacrament,Grow,https://business.facebook.com/adsmanager/manage/ads?act=969086184816615&selected_campaign_ids=120245773713560116&selected_adset_ids=120245773713570116&selected_ad_ids=120245774898310116&date=2026-01-01_2026-06-12&insight_date=2026-01-01_2026-06-12&comparison_date=2026-01-01_2026-06-12,Tennessee Nashville Mission,,3
120245774898310116,New People Being Taught,Grow,https://business.facebook.com/adsmanager/manage/ads?act=969086184816615&selected_campaign_ids=120245773713560116&selected_adset_ids=120245773713570116&selected_ad_ids=120245774898310116&date=2026-01-01_2026-06-12&insight_date=2026-01-01_2026-06-12&comparison_date=2026-01-01_2026-06-12,Tennessee Nashville Mission,,20
120245774898310116,Cost Per Facebook Lead,Grow,https://business.facebook.com/adsmanager/manage/ads?act=969086184816615&selected_campaign_ids=120245773713560116&selected_adset_ids=120245773713570116&selected_ad_ids=120245774898310116&date=2026-01-01_2026-06-12&insight_date=2026-01-01_2026-06-12&comparison_date=2026-01-01_2026-06-12,Tennessee Nashville Mission,,31.223684211
120245774898310116,Ad Leads,Grow,https://business.facebook.com/adsmanager/manage/ads?act=969086184816615&selected_campaign_ids=120245773713560116&selected_adset_ids=120245773713570116&selected_ad_ids=120245774898310116&date=2026-01-01_2026-06-12&insight_date=2026-01-01_2026-06-12&comparison_date=2026-01-01_2026-06-12,Tennessee Nashville Mission,,76.000000000
120245774898310116,People Found,Grow,https://business.facebook.com/adsmanager/manage/ads?act=969086184816615&selected_campaign_ids=120245773713560116&selected_adset_ids=120245773713570116&selected_ad_ids=120245774898310116&date=2026-01-01_2026-06-12&insight_date=2026-01-01_2026-06-12&comparison_date=2026-01-01_2026-06-12,Tennessee Nashville Mission,,70
120236251694980052,Forecasted Cost Per Baptism,Grow,https://business.facebook.com/adsmanager/manage/ads?act=1819834835084037&selected_campaign_ids=120236251695210052&selected_adset_ids=120236251694820052&selected_ad_ids=120236251694980052&date=2026-01-01_2026-06-12&insight_date=2026-01-01_2026-06-12&comparison_date=2026-01-01_2026-06-12,Texas Houston East Mission,,4079.629287817
120236251694980052,Forecasted Baptisms,Grow,https://business.facebook.com/adsmanager/manage/ads?act=1819834835084037&selected_campaign_ids=120236251695210052&selected_adset_ids=120236251694820052&selected_ad_ids=120236251694980052&date=2026-01-01_2026-06-12&insight_date=2026-01-01_2026-06-12&comparison_date=2026-01-01_2026-06-12,Texas Houston East Mission,,1.473173069
120236251694980052,Forecasted % Found Baptized,Grow,https://business.facebook.com/adsmanager/manage/ads?act=1819834835084037&selected_campaign_ids=120236251695210052&selected_adset_ids=120236251694820052&selected_ad_ids=120236251694980052&date=2026-01-01_2026-06-12&insight_date=2026-01-01_2026-06-12&comparison_date=2026-01-01_2026-06-12,Texas Houston East Mission,,0.010090227
120236251694980052,% Found Baptized,Grow,https://business.facebook.com/adsmanager/manage/ads?act=1819834835084037&selected_campaign_ids=120236251695210052&selected_adset_ids=120236251694820052&selected_ad_ids=120236251694980052&date=2026-01-01_2026-06-12&insight_date=2026-01-01_2026-06-12&comparison_date=2026-01-01_2026-06-12,Texas Houston East Mission,,0.006849315
120236251694980052,% Found Attending Sacrament,Grow,https://business.facebook.com/adsmanager/manage/ads?act=1819834835084037&selected_campaign_ids=120236251695210052&selected_adset_ids=120236251694820052&selected_ad_ids=120236251694980052&date=2026-01-01_2026-06-12&insight_date=2026-01-01_2026-06-12&comparison_date=2026-01-01_2026-06-12,Texas Houston East Mission,,0.020547945
120236251694980052,People Baptized and Confirmed,Grow,https://business.facebook.com/adsmanager/manage/ads?act=1819834835084037&selected_campaign_ids=120236251695210052&selected_adset_ids=120236251694820052&selected_ad_ids=120236251694980052&date=2026-01-01_2026-06-12&insight_date=2026-01-01_2026-06-12&comparison_date=2026-01-01_2026-06-12,Texas Houston East Mission,,1
120236251694980052,People Who Attended Sacrament,Grow,https://business.facebook.com/adsmanager/manage/ads?act=1819834835084037&selected_campaign_ids=120236251695210052&selected_adset_ids=120236251694820052&selected_ad_ids=120236251694980052&date=2026-01-01_2026-06-12&insight_date=2026-01-01_2026-06-12&comparison_date=2026-01-01_2026-06-12,Texas Houston East Mission,,3
120236251694980052,New People Being Taught,Grow,https://business.facebook.com/adsmanager/manage/ads?act=1819834835084037&selected_campaign_ids=120236251695210052&selected_adset_ids=120236251694820052&selected_ad_ids=120236251694980052&date=2026-01-01_2026-06-12&insight_date=2026-01-01_2026-06-12&comparison_date=2026-01-01_2026-06-12,Texas Houston East Mission,,12
120236251694980052,Cost Per Facebook Lead,Grow,https://business.facebook.com/adsmanager/manage/ads?act=1819834835084037&selected_campaign_ids=120236251695210052&selected_adset_ids=120236251694820052&selected_ad_ids=120236251694980052&date=2026-01-01_2026-06-12&insight_date=2026-01-01_2026-06-12&comparison_date=2026-01-01_2026-06-12,Texas Houston East Mission,,29.605911330
120236251694980052,Ad Leads,Grow,https://business.facebook.com/adsmanager/manage/ads?act=1819834835084037&selected_campaign_ids=120236251695210052&selected_adset_ids=120236251694820052&selected_ad_ids=120236251694980052&date=2026-01-01_2026-06-12&insight_date=2026-01-01_2026-06-12&comparison_date=2026-01-01_2026-06-12,Texas Houston East Mission,,203
120236251694980052,People Found,Grow,https://business.facebook.com/adsmanager/manage/ads?act=1819834835084037&selected_campaign_ids=120236251695210052&selected_adset_ids=120236251694820052&selected_ad_ids=120236251694980052&date=2026-01-01_2026-06-12&insight_date=2026-01-01_2026-06-12&comparison_date=2026-01-01_2026-06-12,Texas Houston East Mission,,146
120242184906070524,Forecasted Cost Per Baptism,-,https://business.facebook.com/adsmanager/manage/ads?act=2683631865285420&selected_campaign_ids=120242183528710524&selected_adset_ids=120242184905610524&selected_ad_ids=120242184906070524&date=2026-01-01_2026-06-12&insight_date=2026-01-01_2026-06-12&comparison_date=2026-01-01_2026-06-12,Tennessee Nashville Mission,,4067.825888523
120242184906070524,Forecasted Baptisms,-,https://business.facebook.com/adsmanager/manage/ads?act=2683631865285420&selected_campaign_ids=120242183528710524&selected_adset_ids=120242184905610524&selected_ad_ids=120242184906070524&date=2026-01-01_2026-06-12&insight_date=2026-01-01_2026-06-12&comparison_date=2026-01-01_2026-06-12,Tennessee Nashville Mission,,0.487483991
120242184906070524,Forecasted % Found Baptized,-,https://business.facebook.com/adsmanager/manage/ads?act=2683631865285420&selected_campaign_ids=120242183528710524&selected_adset_ids=120242184905610524&selected_ad_ids=120242184906070524&date=2026-01-01_2026-06-12&insight_date=2026-01-01_2026-06-12&comparison_date=2026-01-01_2026-06-12,Tennessee Nashville Mission,,0.008124733
120242184906070524,% Found Baptized,-,https://business.facebook.com/adsmanager/manage/ads?act=2683631865285420&selected_campaign_ids=120242183528710524&selected_adset_ids=120242184905610524&selected_ad_ids=120242184906070524&date=2026-01-01_2026-06-12&insight_date=2026-01-01_2026-06-12&comparison_date=2026-01-01_2026-06-12,Tennessee Nashville Mission,,0
120242184906070524,% Found Attending Sacrament,-,https://business.facebook.com/adsmanager/manage/ads?act=2683631865285420&selected_campaign_ids=120242183528710524&selected_adset_ids=120242184905610524&selected_ad_ids=120242184906070524&date=2026-01-01_2026-06-12&insight_date=2026-01-01_2026-06-12&comparison_date=2026-01-01_2026-06-12,Tennessee Nashville Mission,,0.15
120242184906070524,People Baptized and Confirmed,-,https://business.facebook.com/adsmanager/manage/ads?act=2683631865285420&selected_campaign_ids=120242183528710524&selected_adset_ids=120242184905610524&selected_ad_ids=120242184906070524&date=2026-01-01_2026-06-12&insight_date=2026-01-01_2026-06-12&comparison_date=2026-01-01_2026-06-12,Tennessee Nashville Mission,,0
120242184906070524,People Who Attended Sacrament,-,https://business.facebook.com/adsmanager/manage/ads?act=2683631865285420&selected_campaign_ids=120242183528710524&selected_adset_ids=120242184905610524&selected_ad_ids=120242184906070524&date=2026-01-01_2026-06-12&insight_date=2026-01-01_2026-06-12&comparison_date=2026-01-01_2026-06-12,Tennessee Nashville Mission,,9
120242184906070524,New People Being Taught,-,https://business.facebook.com/adsmanager/manage/ads?act=2683631865285420&selected_campaign_ids=120242183528710524&selected_adset_ids=120242184905610524&selected_ad_ids=120242184906070524&date=2026-01-01_2026-06-12&insight_date=2026-01-01_2026-06-12&comparison_date=2026-01-01_2026-06-12,Tennessee Nashville Mission,,17
120242184906070524,Cost Per Facebook Lead,-,https://business.facebook.com/adsmanager/manage/ads?act=2683631865285420&selected_campaign_ids=120242183528710524&selected_adset_ids=120242184905610524&selected_ad_ids=120242184906070524&date=2026-01-01_2026-06-12&insight_date=2026-01-01_2026-06-12&comparison_date=2026-01-01_2026-06-12,Tennessee Nashville Mission,,34.789473684
120242184906070524,Ad Leads,-,https://business.facebook.com/adsmanager/manage/ads?act=2683631865285420&selected_campaign_ids=120242183528710524&selected_adset_ids=120242184905610524&selected_ad_ids=120242184906070524&date=2026-01-01_2026-06-12&insight_date=2026-01-01_2026-06-12&comparison_date=2026-01-01_2026-06-12,Tennessee Nashville Mission,,57
120242184906070524,People Found,-,https://business.facebook.com/adsmanager/manage/ads?act=2683631865285420&selected_campaign_ids=120242183528710524&selected_adset_ids=120242184905610524&selected_ad_ids=120242184906070524&date=2026-01-01_2026-06-12&insight_date=2026-01-01_2026-06-12&comparison_date=2026-01-01_2026-06-12,Tennessee Nashville Mission,,60
120240454051290700,Forecasted Cost Per Baptism,Grow,https://business.facebook.com/adsmanager/manage/ads?act=239288150469483&selected_campaign_ids=120240453988490700&selected_adset_ids=120240453988520700&selected_ad_ids=120240454051290700&date=2026-01-01_2026-06-12&insight_date=2026-01-01_2026-06-12&comparison_date=2026-01-01_2026-06-12,Tennessee Nashville Mission,,4065.809517980
120240454051290700,Forecasted Baptisms,Grow,https://business.facebook.com/adsmanager/manage/ads?act=239288150469483&selected_campaign_ids=120240453988490700&selected_adset_ids=120240453988520700&selected_ad_ids=120240454051290700&date=2026-01-01_2026-06-12&insight_date=2026-01-01_2026-06-12&comparison_date=2026-01-01_2026-06-12,Tennessee Nashville Mission,,0.871328267
120240454051290700,Forecasted % Found Baptized,Grow,https://business.facebook.com/adsmanager/manage/ads?act=239288150469483&selected_campaign_ids=120240453988490700&selected_adset_ids=120240453988520700&selected_ad_ids=120240454051290700&date=2026-01-01_2026-06-12&insight_date=2026-01-01_2026-06-12&comparison_date=2026-01-01_2026-06-12,Tennessee Nashville Mission,,0.007921166
120240454051290700,% Found Baptized,Grow,https://business.facebook.com/adsmanager/manage/ads?act=239288150469483&selected_campaign_ids=120240453988490700&selected_adset_ids=120240453988520700&selected_ad_ids=120240454051290700&date=2026-01-01_2026-06-12&insight_date=2026-01-01_2026-06-12&comparison_date=2026-01-01_2026-06-12,Tennessee Nashville Mission,,0.009090909
120240454051290700,% Found Attending Sacrament,Grow,https://business.facebook.com/adsmanager/manage/ads?act=239288150469483&selected_campaign_ids=120240453988490700&selected_adset_ids=120240453988520700&selected_ad_ids=120240454051290700&date=2026-01-01_2026-06-12&insight_date=2026-01-01_2026-06-12&comparison_date=2026-01-01_2026-06-12,Tennessee Nashville Mission,,0.072727273
120240454051290700,People Baptized and Confirmed,Grow,https://business.facebook.com/adsmanager/manage/ads?act=239288150469483&selected_campaign_ids=120240453988490700&selected_adset_ids=120240453988520700&selected_ad_ids=120240454051290700&date=2026-01-01_2026-06-12&insight_date=2026-01-01_2026-06-12&comparison_date=2026-01-01_2026-06-12,Tennessee Nashville Mission,,1
120240454051290700,People Who Attended Sacrament,Grow,https://business.facebook.com/adsmanager/manage/ads?act=239288150469483&selected_campaign_ids=120240453988490700&selected_adset_ids=120240453988520700&selected_ad_ids=120240454051290700&date=2026-01-01_2026-06-12&insight_date=2026-01-01_2026-06-12&comparison_date=2026-01-01_2026-06-12,Tennessee Nashville Mission,,8
120240454051290700,New People Being Taught,Grow,https://business.facebook.com/adsmanager/manage/ads?act=239288150469483&selected_campaign_ids=120240453988490700&selected_adset_ids=120240453988520700&selected_ad_ids=120240454051290700&date=2026-01-01_2026-06-12&insight_date=2026-01-01_2026-06-12&comparison_date=2026-01-01_2026-06-12,Tennessee Nashville Mission,,38
120240454051290700,Cost Per Facebook Lead,Grow,https://business.facebook.com/adsmanager/manage/ads?act=239288150469483&selected_campaign_ids=120240453988490700&selected_adset_ids=120240453988520700&selected_ad_ids=120240454051290700&date=2026-01-01_2026-06-12&insight_date=2026-01-01_2026-06-12&comparison_date=2026-01-01_2026-06-12,Tennessee Nashville Mission,,23.028818622
120240454051290700,Ad Leads,Grow,https://business.facebook.com/adsmanager/manage/ads?act=239288150469483&selected_campaign_ids=120240453988490700&selected_adset_ids=120240453988520700&selected_ad_ids=120240454051290700&date=2026-01-01_2026-06-12&insight_date=2026-01-01_2026-06-12&comparison_date=2026-01-01_2026-06-12,Tennessee Nashville Mission,,153.835714286
120240454051290700,People Found,Grow,https://business.facebook.com/adsmanager/manage/ads?act=239288150469483&selected_campaign_ids=120240453988490700&selected_adset_ids=120240453988520700&selected_ad_ids=120240454051290700&date=2026-01-01_2026-06-12&insight_date=2026-01-01_2026-06-12&comparison_date=2026-01-01_2026-06-12,Tennessee Nashville Mission,,110
120242184905880524,Forecasted Cost Per Baptism,Grow,https://business.facebook.com/adsmanager/manage/ads?act=2683631865285420&selected_campaign_ids=120242183528710524&selected_adset_ids=120242184905960524&selected_ad_ids=120242184905880524&date=2026-01-01_2026-06-12&insight_date=2026-01-01_2026-06-12&comparison_date=2026-01-01_2026-06-12,Tennessee Nashville Mission,,4065.273943462
120242184905880524,Forecasted Baptisms,Grow,https://business.facebook.com/adsmanager/manage/ads?act=2683631865285420&selected_campaign_ids=120242183528710524&selected_adset_ids=120242184905960524&selected_ad_ids=120242184905880524&date=2026-01-01_2026-06-12&insight_date=2026-01-01_2026-06-12&comparison_date=2026-01-01_2026-06-12,Tennessee Nashville Mission,,0.797732218
120242184905880524,Forecasted % Found Baptized,Grow,https://business.facebook.com/adsmanager/manage/ads?act=2683631865285420&selected_campaign_ids=120242183528710524&selected_adset_ids=120242184905960524&selected_ad_ids=120242184905880524&date=2026-01-01_2026-06-12&insight_date=2026-01-01_2026-06-12&comparison_date=2026-01-01_2026-06-12,Tennessee Nashville Mission,,0.008140125
120242184905880524,% Found Baptized,Grow,https://business.facebook.com/adsmanager/manage/ads?act=2683631865285420&selected_campaign_ids=120242183528710524&selected_adset_ids=120242184905960524&selected_ad_ids=120242184905880524&date=2026-01-01_2026-06-12&insight_date=2026-01-01_2026-06-12&comparison_date=2026-01-01_2026-06-12,Tennessee Nashville Mission,,0
120242184905880524,% Found Attending Sacrament,Grow,https://business.facebook.com/adsmanager/manage/ads?act=2683631865285420&selected_campaign_ids=120242183528710524&selected_adset_ids=120242184905960524&selected_ad_ids=120242184905880524&date=2026-01-01_2026-06-12&insight_date=2026-01-01_2026-06-12&comparison_date=2026-01-01_2026-06-12,Tennessee Nashville Mission,,0.030612245
120242184905880524,People Baptized and Confirmed,Grow,https://business.facebook.com/adsmanager/manage/ads?act=2683631865285420&selected_campaign_ids=120242183528710524&selected_adset_ids=120242184905960524&selected_ad_ids=120242184905880524&date=2026-01-01_2026-06-12&insight_date=2026-01-01_2026-06-12&comparison_date=2026-01-01_2026-06-12,Tennessee Nashville Mission,,0
120242184905880524,People Who Attended Sacrament,Grow,https://business.facebook.com/adsmanager/manage/ads?act=2683631865285420&selected_campaign_ids=120242183528710524&selected_adset_ids=120242184905960524&selected_ad_ids=120242184905880524&date=2026-01-01_2026-06-12&insight_date=2026-01-01_2026-06-12&comparison_date=2026-01-01_2026-06-12,Tennessee Nashville Mission,,3
120242184905880524,New People Being Taught,Grow,https://business.facebook.com/adsmanager/manage/ads?act=2683631865285420&selected_campaign_ids=120242183528710524&selected_adset_ids=120242184905960524&selected_ad_ids=120242184905880524&date=2026-01-01_2026-06-12&insight_date=2026-01-01_2026-06-12&comparison_date=2026-01-01_2026-06-12,Tennessee Nashville Mission,,36
120242184905880524,Cost Per Facebook Lead,Grow,https://business.facebook.com/adsmanager/manage/ads?act=2683631865285420&selected_campaign_ids=120242183528710524&selected_adset_ids=120242184905960524&selected_ad_ids=120242184905880524&date=2026-01-01_2026-06-12&insight_date=2026-01-01_2026-06-12&comparison_date=2026-01-01_2026-06-12,Tennessee Nashville Mission,,30.594339623
120242184905880524,Ad Leads,Grow,https://business.facebook.com/adsmanager/manage/ads?act=2683631865285420&selected_campaign_ids=120242183528710524&selected_adset_ids=120242184905960524&selected_ad_ids=120242184905880524&date=2026-01-01_2026-06-12&insight_date=2026-01-01_2026-06-12&comparison_date=2026-01-01_2026-06-12,Tennessee Nashville Mission,,106
120242184905880524,People Found,Grow,https://business.facebook.com/adsmanager/manage/ads?act=2683631865285420&selected_campaign_ids=120242183528710524&selected_adset_ids=120242184905960524&selected_ad_ids=120242184905880524&date=2026-01-01_2026-06-12&insight_date=2026-01-01_2026-06-12&comparison_date=2026-01-01_2026-06-12,Tennessee Nashville Mission,,98
120240312020800524,Forecasted Cost Per Baptism,-,https://business.facebook.com/adsmanager/manage/ads?act=2683631865285420&selected_campaign_ids=120240311825460524&selected_adset_ids=120240311825580524&selected_ad_ids=120240312020800524&date=2026-01-01_2026-06-12&insight_date=2026-01-01_2026-06-12&comparison_date=2026-01-01_2026-06-12,Washington DC South Mission,,4017.591386210
120240312020800524,Forecasted Baptisms,-,https://business.facebook.com/adsmanager/manage/ads?act=2683631865285420&selected_campaign_ids=120240311825460524&selected_adset_ids=120240311825580524&selected_ad_ids=120240312020800524&date=2026-01-01_2026-06-12&insight_date=2026-01-01_2026-06-12&comparison_date=2026-01-01_2026-06-12,Washington DC South Mission,,0.236460085
120240312020800524,Forecasted % Found Baptized,-,https://business.facebook.com/adsmanager/manage/ads?act=2683631865285420&selected_campaign_ids=120240311825460524&selected_adset_ids=120240311825580524&selected_ad_ids=120240312020800524&date=2026-01-01_2026-06-12&insight_date=2026-01-01_2026-06-12&comparison_date=2026-01-01_2026-06-12,Washington DC South Mission,,0.007882003
120240312020800524,% Found Baptized,-,https://business.facebook.com/adsmanager/manage/ads?act=2683631865285420&selected_campaign_ids=120240311825460524&selected_adset_ids=120240311825580524&selected_ad_ids=120240312020800524&date=2026-01-01_2026-06-12&insight_date=2026-01-01_2026-06-12&comparison_date=2026-01-01_2026-06-12,Washington DC South Mission,,0
120240312020800524,% Found Attending Sacrament,-,https://business.facebook.com/adsmanager/manage/ads?act=2683631865285420&selected_campaign_ids=120240311825460524&selected_adset_ids=120240311825580524&selected_ad_ids=120240312020800524&date=2026-01-01_2026-06-12&insight_date=2026-01-01_2026-06-12&comparison_date=2026-01-01_2026-06-12,Washington DC South Mission,,0.1
120240312020800524,People Baptized and Confirmed,-,https://business.facebook.com/adsmanager/manage/ads?act=2683631865285420&selected_campaign_ids=120240311825460524&selected_adset_ids=120240311825580524&selected_ad_ids=120240312020800524&date=2026-01-01_2026-06-12&insight_date=2026-01-01_2026-06-12&comparison_date=2026-01-01_2026-06-12,Washington DC South Mission,,0
120240312020800524,People Who Attended Sacrament,-,https://business.facebook.com/adsmanager/manage/ads?act=2683631865285420&selected_campaign_ids=120240311825460524&selected_adset_ids=120240311825580524&selected_ad_ids=120240312020800524&date=2026-01-01_2026-06-12&insight_date=2026-01-01_2026-06-12&comparison_date=2026-01-01_2026-06-12,Washington DC South Mission,,3
120240312020800524,New People Being Taught,-,https://business.facebook.com/adsmanager/manage/ads?act=2683631865285420&selected_campaign_ids=120240311825460524&selected_adset_ids=120240311825580524&selected_ad_ids=120240312020800524&date=2026-01-01_2026-06-12&insight_date=2026-01-01_2026-06-12&comparison_date=2026-01-01_2026-06-12,Washington DC South Mission,,7
120240312020800524,Cost Per Facebook Lead,-,https://business.facebook.com/adsmanager/manage/ads?act=2683631865285420&selected_campaign_ids=120240311825460524&selected_adset_ids=120240311825580524&selected_ad_ids=120240312020800524&date=2026-01-01_2026-06-12&insight_date=2026-01-01_2026-06-12&comparison_date=2026-01-01_2026-06-12,Washington DC South Mission,,25
120240312020800524,Ad Leads,-,https://business.facebook.com/adsmanager/manage/ads?act=2683631865285420&selected_campaign_ids=120240311825460524&selected_adset_ids=120240311825580524&selected_ad_ids=120240312020800524&date=2026-01-01_2026-06-12&insight_date=2026-01-01_2026-06-12&comparison_date=2026-01-01_2026-06-12,Washington DC South Mission,,38
120240312020800524,People Found,-,https://business.facebook.com/adsmanager/manage/ads?act=2683631865285420&selected_campaign_ids=120240311825460524&selected_adset_ids=120240311825580524&selected_ad_ids=120240312020800524&date=2026-01-01_2026-06-12&insight_date=2026-01-01_2026-06-12&comparison_date=2026-01-01_2026-06-12,Washington DC South Mission,,30
120246996655310428,Forecasted Cost Per Baptism,-,https://business.facebook.com/adsmanager/manage/ads?act=1083755075693437&selected_campaign_ids=120246996655260428&selected_adset_ids=120246996655370428&selected_ad_ids=120246996655310428&date=2026-01-01_2026-06-12&insight_date=2026-01-01_2026-06-12&comparison_date=2026-01-01_2026-06-12,Tennessee Nashville Mission,,4017.459124199
120246996655310428,Forecasted Baptisms,-,https://business.facebook.com/adsmanager/manage/ads?act=1083755075693437&selected_campaign_ids=120246996655260428&selected_adset_ids=120246996655370428&selected_ad_ids=120246996655310428&date=2026-01-01_2026-06-12&insight_date=2026-01-01_2026-06-12&comparison_date=2026-01-01_2026-06-12,Tennessee Nashville Mission,,0.401746465
120246996655310428,Forecasted % Found Baptized,-,https://business.facebook.com/adsmanager/manage/ads?act=1083755075693437&selected_campaign_ids=120246996655260428&selected_adset_ids=120246996655370428&selected_ad_ids=120246996655310428&date=2026-01-01_2026-06-12&insight_date=2026-01-01_2026-06-12&comparison_date=2026-01-01_2026-06-12,Tennessee Nashville Mission,,0.007439749
120246996655310428,% Found Baptized,-,https://business.facebook.com/adsmanager/manage/ads?act=1083755075693437&selected_campaign_ids=120246996655260428&selected_adset_ids=120246996655370428&selected_ad_ids=120246996655310428&date=2026-01-01_2026-06-12&insight_date=2026-01-01_2026-06-12&comparison_date=2026-01-01_2026-06-12,Tennessee Nashville Mission,,0
120246996655310428,% Found Attending Sacrament,-,https://business.facebook.com/adsmanager/manage/ads?act=1083755075693437&selected_campaign_ids=120246996655260428&selected_adset_ids=120246996655370428&selected_ad_ids=120246996655310428&date=2026-01-01_2026-06-12&insight_date=2026-01-01_2026-06-12&comparison_date=2026-01-01_2026-06-12,Tennessee Nashville Mission,,0.074074074
120246996655310428,People Baptized and Confirmed,-,https://business.facebook.com/adsmanager/manage/ads?act=1083755075693437&selected_campaign_ids=120246996655260428&selected_adset_ids=120246996655370428&selected_ad_ids=120246996655310428&date=2026-01-01_2026-06-12&insight_date=2026-01-01_2026-06-12&comparison_date=2026-01-01_2026-06-12,Tennessee Nashville Mission,,0
120246996655310428,People Who Attended Sacrament,-,https://business.facebook.com/adsmanager/manage/ads?act=1083755075693437&selected_campaign_ids=120246996655260428&selected_adset_ids=120246996655370428&selected_ad_ids=120246996655310428&date=2026-01-01_2026-06-12&insight_date=2026-01-01_2026-06-12&comparison_date=2026-01-01_2026-06-12,Tennessee Nashville Mission,,4
120246996655310428,New People Being Taught,-,https://business.facebook.com/adsmanager/manage/ads?act=1083755075693437&selected_campaign_ids=120246996655260428&selected_adset_ids=120246996655370428&selected_ad_ids=120246996655310428&date=2026-01-01_2026-06-12&insight_date=2026-01-01_2026-06-12&comparison_date=2026-01-01_2026-06-12,Tennessee Nashville Mission,,7
120246996655310428,Cost Per Facebook Lead,-,https://business.facebook.com/adsmanager/manage/ads?act=1083755075693437&selected_campaign_ids=120246996655260428&selected_adset_ids=120246996655370428&selected_ad_ids=120246996655310428&date=2026-01-01_2026-06-12&insight_date=2026-01-01_2026-06-12&comparison_date=2026-01-01_2026-06-12,Tennessee Nashville Mission,,31.038461538
120246996655310428,Ad Leads,-,https://business.facebook.com/adsmanager/manage/ads?act=1083755075693437&selected_campaign_ids=120246996655260428&selected_adset_ids=120246996655370428&selected_ad_ids=120246996655310428&date=2026-01-01_2026-06-12&insight_date=2026-01-01_2026-06-12&comparison_date=2026-01-01_2026-06-12,Tennessee Nashville Mission,,52
120246996655310428,People Found,-,https://business.facebook.com/adsmanager/manage/ads?act=1083755075693437&selected_campaign_ids=120246996655260428&selected_adset_ids=120246996655370428&selected_ad_ids=120246996655310428&date=2026-01-01_2026-06-12&insight_date=2026-01-01_2026-06-12&comparison_date=2026-01-01_2026-06-12,Tennessee Nashville Mission,,54
120237112645700708,Forecasted Cost Per Baptism,Grow,https://business.facebook.com/adsmanager/manage/ads?act=282246452801626&selected_campaign_ids=120237111933810708&selected_adset_ids=120237112645660708&selected_ad_ids=120237112645700708&date=2026-01-01_2026-06-12&insight_date=2026-01-01_2026-06-12&comparison_date=2026-01-01_2026-06-12,Texas Austin Mission,,3985.080060544
120237112645700708,Forecasted Baptisms,Grow,https://business.facebook.com/adsmanager/manage/ads?act=282246452801626&selected_campaign_ids=120237111933810708&selected_adset_ids=120237112645660708&selected_ad_ids=120237112645700708&date=2026-01-01_2026-06-12&insight_date=2026-01-01_2026-06-12&comparison_date=2026-01-01_2026-06-12,Texas Austin Mission,,1.141033817
120237112645700708,Forecasted % Found Baptized,Grow,https://business.facebook.com/adsmanager/manage/ads?act=282246452801626&selected_campaign_ids=120237111933810708&selected_adset_ids=120237112645660708&selected_ad_ids=120237112645700708&date=2026-01-01_2026-06-12&insight_date=2026-01-01_2026-06-12&comparison_date=2026-01-01_2026-06-12,Texas Austin Mission,,0.008845223
120237112645700708,% Found Baptized,Grow,https://business.facebook.com/adsmanager/manage/ads?act=282246452801626&selected_campaign_ids=120237111933810708&selected_adset_ids=120237112645660708&selected_ad_ids=120237112645700708&date=2026-01-01_2026-06-12&insight_date=2026-01-01_2026-06-12&comparison_date=2026-01-01_2026-06-12,Texas Austin Mission,,0.007751938
120237112645700708,% Found Attending Sacrament,Grow,https://business.facebook.com/adsmanager/manage/ads?act=282246452801626&selected_campaign_ids=120237111933810708&selected_adset_ids=120237112645660708&selected_ad_ids=120237112645700708&date=2026-01-01_2026-06-12&insight_date=2026-01-01_2026-06-12&comparison_date=2026-01-01_2026-06-12,Texas Austin Mission,,0.077519380
120237112645700708,People Baptized and Confirmed,Grow,https://business.facebook.com/adsmanager/manage/ads?act=282246452801626&selected_campaign_ids=120237111933810708&selected_adset_ids=120237112645660708&selected_ad_ids=120237112645700708&date=2026-01-01_2026-06-12&insight_date=2026-01-01_2026-06-12&comparison_date=2026-01-01_2026-06-12,Texas Austin Mission,,1
120237112645700708,People Who Attended Sacrament,Grow,https://business.facebook.com/adsmanager/manage/ads?act=282246452801626&selected_campaign_ids=120237111933810708&selected_adset_ids=120237112645660708&selected_ad_ids=120237112645700708&date=2026-01-01_2026-06-12&insight_date=2026-01-01_2026-06-12&comparison_date=2026-01-01_2026-06-12,Texas Austin Mission,,10
120237112645700708,New People Being Taught,Grow,https://business.facebook.com/adsmanager/manage/ads?act=282246452801626&selected_campaign_ids=120237111933810708&selected_adset_ids=120237112645660708&selected_ad_ids=120237112645700708&date=2026-01-01_2026-06-12&insight_date=2026-01-01_2026-06-12&comparison_date=2026-01-01_2026-06-12,Texas Austin Mission,,38
120237112645700708,Cost Per Facebook Lead,Grow,https://business.facebook.com/adsmanager/manage/ads?act=282246452801626&selected_campaign_ids=120237111933810708&selected_adset_ids=120237112645660708&selected_ad_ids=120237112645700708&date=2026-01-01_2026-06-12&insight_date=2026-01-01_2026-06-12&comparison_date=2026-01-01_2026-06-12,Texas Austin Mission,,30.608825729
120237112645700708,Ad Leads,Grow,https://business.facebook.com/adsmanager/manage/ads?act=282246452801626&selected_campaign_ids=120237111933810708&selected_adset_ids=120237112645660708&selected_ad_ids=120237112645700708&date=2026-01-01_2026-06-12&insight_date=2026-01-01_2026-06-12&comparison_date=2026-01-01_2026-06-12,Texas Austin Mission,,148.555555556
120237112645700708,People Found,Grow,https://business.facebook.com/adsmanager/manage/ads?act=282246452801626&selected_campaign_ids=120237111933810708&selected_adset_ids=120237112645660708&selected_ad_ids=120237112645700708&date=2026-01-01_2026-06-12&insight_date=2026-01-01_2026-06-12&comparison_date=2026-01-01_2026-06-12,Texas Austin Mission,,129
120240422407660714,Forecasted Cost Per Baptism,Grow,https://business.facebook.com/adsmanager/manage/ads?act=2475001822720339&selected_campaign_ids=120240370703440714&selected_adset_ids=120240421812990714&selected_ad_ids=120240422407660714&date=2026-01-01_2026-06-12&insight_date=2026-01-01_2026-06-12&comparison_date=2026-01-01_2026-06-12,Arizona Mesa Mission,,3979.252298314
120240422407660714,Forecasted Baptisms,Grow,https://business.facebook.com/adsmanager/manage/ads?act=2475001822720339&selected_campaign_ids=120240370703440714&selected_adset_ids=120240421812990714&selected_ad_ids=120240422407660714&date=2026-01-01_2026-06-12&insight_date=2026-01-01_2026-06-12&comparison_date=2026-01-01_2026-06-12,Arizona Mesa Mission,,0.491479825
120240422407660714,Forecasted % Found Baptized,Grow,https://business.facebook.com/adsmanager/manage/ads?act=2475001822720339&selected_campaign_ids=120240370703440714&selected_adset_ids=120240421812990714&selected_ad_ids=120240422407660714&date=2026-01-01_2026-06-12&insight_date=2026-01-01_2026-06-12&comparison_date=2026-01-01_2026-06-12,Arizona Mesa Mission,,0.010030201
120240422407660714,% Found Baptized,Grow,https://business.facebook.com/adsmanager/manage/ads?act=2475001822720339&selected_campaign_ids=120240370703440714&selected_adset_ids=120240421812990714&selected_ad_ids=120240422407660714&date=2026-01-01_2026-06-12&insight_date=2026-01-01_2026-06-12&comparison_date=2026-01-01_2026-06-12,Arizona Mesa Mission,,0
120240422407660714,% Found Attending Sacrament,Grow,https://business.facebook.com/adsmanager/manage/ads?act=2475001822720339&selected_campaign_ids=120240370703440714&selected_adset_ids=120240421812990714&selected_ad_ids=120240422407660714&date=2026-01-01_2026-06-12&insight_date=2026-01-01_2026-06-12&comparison_date=2026-01-01_2026-06-12,Arizona Mesa Mission,,0.102040816
120240422407660714,People Baptized and Confirmed,Grow,https://business.facebook.com/adsmanager/manage/ads?act=2475001822720339&selected_campaign_ids=120240370703440714&selected_adset_ids=120240421812990714&selected_ad_ids=120240422407660714&date=2026-01-01_2026-06-12&insight_date=2026-01-01_2026-06-12&comparison_date=2026-01-01_2026-06-12,Arizona Mesa Mission,,0
120240422407660714,People Who Attended Sacrament,Grow,https://business.facebook.com/adsmanager/manage/ads?act=2475001822720339&selected_campaign_ids=120240370703440714&selected_adset_ids=120240421812990714&selected_ad_ids=120240422407660714&date=2026-01-01_2026-06-12&insight_date=2026-01-01_2026-06-12&comparison_date=2026-01-01_2026-06-12,Arizona Mesa Mission,,5
120240422407660714,New People Being Taught,Grow,https://business.facebook.com/adsmanager/manage/ads?act=2475001822720339&selected_campaign_ids=120240370703440714&selected_adset_ids=120240421812990714&selected_ad_ids=120240422407660714&date=2026-01-01_2026-06-12&insight_date=2026-01-01_2026-06-12&comparison_date=2026-01-01_2026-06-12,Arizona Mesa Mission,,15
120240422407660714,Cost Per Facebook Lead,Grow,https://business.facebook.com/adsmanager/manage/ads?act=2475001822720339&selected_campaign_ids=120240370703440714&selected_adset_ids=120240421812990714&selected_ad_ids=120240422407660714&date=2026-01-01_2026-06-12&insight_date=2026-01-01_2026-06-12&comparison_date=2026-01-01_2026-06-12,Arizona Mesa Mission,,35.565770863
120240422407660714,Ad Leads,Grow,https://business.facebook.com/adsmanager/manage/ads?act=2475001822720339&selected_campaign_ids=120240370703440714&selected_adset_ids=120240421812990714&selected_ad_ids=120240422407660714&date=2026-01-01_2026-06-12&insight_date=2026-01-01_2026-06-12&comparison_date=2026-01-01_2026-06-12,Arizona Mesa Mission,,54.988888889
120240422407660714,People Found,Grow,https://business.facebook.com/adsmanager/manage/ads?act=2475001822720339&selected_campaign_ids=120240370703440714&selected_adset_ids=120240421812990714&selected_ad_ids=120240422407660714&date=2026-01-01_2026-06-12&insight_date=2026-01-01_2026-06-12&comparison_date=2026-01-01_2026-06-12,Arizona Mesa Mission,,49
120242657915010368,Forecasted Cost Per Baptism,Grow,https://business.facebook.com/adsmanager/manage/ads?act=1059444081122469&selected_campaign_ids=120242647658030368&selected_adset_ids=120242657843010368&selected_ad_ids=120242657915010368&date=2026-01-01_2026-06-12&insight_date=2026-01-01_2026-06-12&comparison_date=2026-01-01_2026-06-12,Tennessee Nashville Mission,,3945.074099179
120242657915010368,Forecasted Baptisms,Grow,https://business.facebook.com/adsmanager/manage/ads?act=1059444081122469&selected_campaign_ids=120242647658030368&selected_adset_ids=120242657843010368&selected_ad_ids=120242657915010368&date=2026-01-01_2026-06-12&insight_date=2026-01-01_2026-06-12&comparison_date=2026-01-01_2026-06-12,Tennessee Nashville Mission,,1.150438890
120242657915010368,Forecasted % Found Baptized,Grow,https://business.facebook.com/adsmanager/manage/ads?act=1059444081122469&selected_campaign_ids=120242647658030368&selected_adset_ids=120242657843010368&selected_ad_ids=120242657915010368&date=2026-01-01_2026-06-12&insight_date=2026-01-01_2026-06-12&comparison_date=2026-01-01_2026-06-12,Tennessee Nashville Mission,,0.010003816
120242657915010368,% Found Baptized,Grow,https://business.facebook.com/adsmanager/manage/ads?act=1059444081122469&selected_campaign_ids=120242647658030368&selected_adset_ids=120242657843010368&selected_ad_ids=120242657915010368&date=2026-01-01_2026-06-12&insight_date=2026-01-01_2026-06-12&comparison_date=2026-01-01_2026-06-12,Tennessee Nashville Mission,,0
120242657915010368,% Found Attending Sacrament,Grow,https://business.facebook.com/adsmanager/manage/ads?act=1059444081122469&selected_campaign_ids=120242647658030368&selected_adset_ids=120242657843010368&selected_ad_ids=120242657915010368&date=2026-01-01_2026-06-12&insight_date=2026-01-01_2026-06-12&comparison_date=2026-01-01_2026-06-12,Tennessee Nashville Mission,,0.060869565
120242657915010368,People Baptized and Confirmed,Grow,https://business.facebook.com/adsmanager/manage/ads?act=1059444081122469&selected_campaign_ids=120242647658030368&selected_adset_ids=120242657843010368&selected_ad_ids=120242657915010368&date=2026-01-01_2026-06-12&insight_date=2026-01-01_2026-06-12&comparison_date=2026-01-01_2026-06-12,Tennessee Nashville Mission,,0
120242657915010368,People Who Attended Sacrament,Grow,https://business.facebook.com/adsmanager/manage/ads?act=1059444081122469&selected_campaign_ids=120242647658030368&selected_adset_ids=120242657843010368&selected_ad_ids=120242657915010368&date=2026-01-01_2026-06-12&insight_date=2026-01-01_2026-06-12&comparison_date=2026-01-01_2026-06-12,Tennessee Nashville Mission,,7
120242657915010368,New People Being Taught,Grow,https://business.facebook.com/adsmanager/manage/ads?act=1059444081122469&selected_campaign_ids=120242647658030368&selected_adset_ids=120242657843010368&selected_ad_ids=120242657915010368&date=2026-01-01_2026-06-12&insight_date=2026-01-01_2026-06-12&comparison_date=2026-01-01_2026-06-12,Tennessee Nashville Mission,,28
120242657915010368,Cost Per Facebook Lead,Grow,https://business.facebook.com/adsmanager/manage/ads?act=1059444081122469&selected_campaign_ids=120242647658030368&selected_adset_ids=120242657843010368&selected_ad_ids=120242657915010368&date=2026-01-01_2026-06-12&insight_date=2026-01-01_2026-06-12&comparison_date=2026-01-01_2026-06-12,Tennessee Nashville Mission,,30.825673534
120242657915010368,Ad Leads,Grow,https://business.facebook.com/adsmanager/manage/ads?act=1059444081122469&selected_campaign_ids=120242647658030368&selected_adset_ids=120242657843010368&selected_ad_ids=120242657915010368&date=2026-01-01_2026-06-12&insight_date=2026-01-01_2026-06-12&comparison_date=2026-01-01_2026-06-12,Tennessee Nashville Mission,,147.233333333
120242657915010368,People Found,Grow,https://business.facebook.com/adsmanager/manage/ads?act=1059444081122469&selected_campaign_ids=120242647658030368&selected_adset_ids=120242657843010368&selected_ad_ids=120242657915010368&date=2026-01-01_2026-06-12&insight_date=2026-01-01_2026-06-12&comparison_date=2026-01-01_2026-06-12,Tennessee Nashville Mission,,115
120244444404490360,Forecasted Cost Per Baptism,Grow,https://business.facebook.com/adsmanager/manage/ads?act=1566346430181695&selected_campaign_ids=120244443343910360&selected_adset_ids=120244443343930360&selected_ad_ids=120244444404490360&date=2026-01-01_2026-06-12&insight_date=2026-01-01_2026-06-12&comparison_date=2026-01-01_2026-06-12,Iowa Iowa City Mission,,3929.196445945
120244444404490360,Forecasted Baptisms,Grow,https://business.facebook.com/adsmanager/manage/ads?act=1566346430181695&selected_campaign_ids=120244443343910360&selected_adset_ids=120244443343930360&selected_ad_ids=120244444404490360&date=2026-01-01_2026-06-12&insight_date=2026-01-01_2026-06-12&comparison_date=2026-01-01_2026-06-12,Iowa Iowa City Mission,,7.918065776
120244444404490360,Forecasted % Found Baptized,Grow,https://business.facebook.com/adsmanager/manage/ads?act=1566346430181695&selected_campaign_ids=120244443343910360&selected_adset_ids=120244443343930360&selected_ad_ids=120244444404490360&date=2026-01-01_2026-06-12&insight_date=2026-01-01_2026-06-12&comparison_date=2026-01-01_2026-06-12,Iowa Iowa City Mission,,0.008514049
120244444404490360,% Found Baptized,Grow,https://business.facebook.com/adsmanager/manage/ads?act=1566346430181695&selected_campaign_ids=120244443343910360&selected_adset_ids=120244443343930360&selected_ad_ids=120244444404490360&date=2026-01-01_2026-06-12&insight_date=2026-01-01_2026-06-12&comparison_date=2026-01-01_2026-06-12,Iowa Iowa City Mission,,0.002150538
120244444404490360,% Found Attending Sacrament,Grow,https://business.facebook.com/adsmanager/manage/ads?act=1566346430181695&selected_campaign_ids=120244443343910360&selected_adset_ids=120244443343930360&selected_ad_ids=120244444404490360&date=2026-01-01_2026-06-12&insight_date=2026-01-01_2026-06-12&comparison_date=2026-01-01_2026-06-12,Iowa Iowa City Mission,,0.064516129
120244444404490360,People Baptized and Confirmed,Grow,https://business.facebook.com/adsmanager/manage/ads?act=1566346430181695&selected_campaign_ids=120244443343910360&selected_adset_ids=120244443343930360&selected_ad_ids=120244444404490360&date=2026-01-01_2026-06-12&insight_date=2026-01-01_2026-06-12&comparison_date=2026-01-01_2026-06-12,Iowa Iowa City Mission,,2
120244444404490360,People Who Attended Sacrament,Grow,https://business.facebook.com/adsmanager/manage/ads?act=1566346430181695&selected_campaign_ids=120244443343910360&selected_adset_ids=120244443343930360&selected_ad_ids=120244444404490360&date=2026-01-01_2026-06-12&insight_date=2026-01-01_2026-06-12&comparison_date=2026-01-01_2026-06-12,Iowa Iowa City Mission,,60
120244444404490360,New People Being Taught,Grow,https://business.facebook.com/adsmanager/manage/ads?act=1566346430181695&selected_campaign_ids=120244443343910360&selected_adset_ids=120244443343930360&selected_ad_ids=120244444404490360&date=2026-01-01_2026-06-12&insight_date=2026-01-01_2026-06-12&comparison_date=2026-01-01_2026-06-12,Iowa Iowa City Mission,,279
120244444404490360,Cost Per Facebook Lead,Grow,https://business.facebook.com/adsmanager/manage/ads?act=1566346430181695&selected_campaign_ids=120244443343910360&selected_adset_ids=120244443343930360&selected_ad_ids=120244444404490360&date=2026-01-01_2026-06-12&insight_date=2026-01-01_2026-06-12&comparison_date=2026-01-01_2026-06-12,Iowa Iowa City Mission,,31.023411426
120244444404490360,Ad Leads,Grow,https://business.facebook.com/adsmanager/manage/ads?act=1566346430181695&selected_campaign_ids=120244443343910360&selected_adset_ids=120244443343930360&selected_ad_ids=120244444404490360&date=2026-01-01_2026-06-12&insight_date=2026-01-01_2026-06-12&comparison_date=2026-01-01_2026-06-12,Iowa Iowa City Mission,,1002.843803301
120244444404490360,People Found,Grow,https://business.facebook.com/adsmanager/manage/ads?act=1566346430181695&selected_campaign_ids=120244443343910360&selected_adset_ids=120244443343930360&selected_ad_ids=120244444404490360&date=2026-01-01_2026-06-12&insight_date=2026-01-01_2026-06-12&comparison_date=2026-01-01_2026-06-12,Iowa Iowa City Mission,,930
120240415687260524,Forecasted Cost Per Baptism,Grow,https://business.facebook.com/adsmanager/manage/ads?act=2683631865285420&selected_campaign_ids=120240415092630524&selected_adset_ids=120240415092610524&selected_ad_ids=120240415687260524&date=2026-01-01_2026-06-12&insight_date=2026-01-01_2026-06-12&comparison_date=2026-01-01_2026-06-12,Washington DC South Mission,,3906.232823527
120240415687260524,Forecasted Baptisms,Grow,https://business.facebook.com/adsmanager/manage/ads?act=2683631865285420&selected_campaign_ids=120240415092630524&selected_adset_ids=120240415092610524&selected_ad_ids=120240415687260524&date=2026-01-01_2026-06-12&insight_date=2026-01-01_2026-06-12&comparison_date=2026-01-01_2026-06-12,Washington DC South Mission,,0.518146278
120240415687260524,Forecasted % Found Baptized,Grow,https://business.facebook.com/adsmanager/manage/ads?act=2683631865285420&selected_campaign_ids=120240415092630524&selected_adset_ids=120240415092610524&selected_ad_ids=120240415687260524&date=2026-01-01_2026-06-12&insight_date=2026-01-01_2026-06-12&comparison_date=2026-01-01_2026-06-12,Washington DC South Mission,,0.008096036
120240415687260524,% Found Baptized,Grow,https://business.facebook.com/adsmanager/manage/ads?act=2683631865285420&selected_campaign_ids=120240415092630524&selected_adset_ids=120240415092610524&selected_ad_ids=120240415687260524&date=2026-01-01_2026-06-12&insight_date=2026-01-01_2026-06-12&comparison_date=2026-01-01_2026-06-12,Washington DC South Mission,,0
120240415687260524,% Found Attending Sacrament,Grow,https://business.facebook.com/adsmanager/manage/ads?act=2683631865285420&selected_campaign_ids=120240415092630524&selected_adset_ids=120240415092610524&selected_ad_ids=120240415687260524&date=2026-01-01_2026-06-12&insight_date=2026-01-01_2026-06-12&comparison_date=2026-01-01_2026-06-12,Washington DC South Mission,,0.125
120240415687260524,People Baptized and Confirmed,Grow,https://business.facebook.com/adsmanager/manage/ads?act=2683631865285420&selected_campaign_ids=120240415092630524&selected_adset_ids=120240415092610524&selected_ad_ids=120240415687260524&date=2026-01-01_2026-06-12&insight_date=2026-01-01_2026-06-12&comparison_date=2026-01-01_2026-06-12,Washington DC South Mission,,0
120240415687260524,People Who Attended Sacrament,Grow,https://business.facebook.com/adsmanager/manage/ads?act=2683631865285420&selected_campaign_ids=120240415092630524&selected_adset_ids=120240415092610524&selected_ad_ids=120240415687260524&date=2026-01-01_2026-06-12&insight_date=2026-01-01_2026-06-12&comparison_date=2026-01-01_2026-06-12,Washington DC South Mission,,8
120240415687260524,New People Being Taught,Grow,https://business.facebook.com/adsmanager/manage/ads?act=2683631865285420&selected_campaign_ids=120240415092630524&selected_adset_ids=120240415092610524&selected_ad_ids=120240415687260524&date=2026-01-01_2026-06-12&insight_date=2026-01-01_2026-06-12&comparison_date=2026-01-01_2026-06-12,Washington DC South Mission,,18
120240415687260524,Cost Per Facebook Lead,Grow,https://business.facebook.com/adsmanager/manage/ads?act=2683631865285420&selected_campaign_ids=120240415092630524&selected_adset_ids=120240415092610524&selected_ad_ids=120240415687260524&date=2026-01-01_2026-06-12&insight_date=2026-01-01_2026-06-12&comparison_date=2026-01-01_2026-06-12,Washington DC South Mission,,22
120240415687260524,Ad Leads,Grow,https://business.facebook.com/adsmanager/manage/ads?act=2683631865285420&selected_campaign_ids=120240415092630524&selected_adset_ids=120240415092610524&selected_ad_ids=120240415687260524&date=2026-01-01_2026-06-12&insight_date=2026-01-01_2026-06-12&comparison_date=2026-01-01_2026-06-12,Washington DC South Mission,,92.000000000
120240415687260524,People Found,Grow,https://business.facebook.com/adsmanager/manage/ads?act=2683631865285420&selected_campaign_ids=120240415092630524&selected_adset_ids=120240415092610524&selected_ad_ids=120240415687260524&date=2026-01-01_2026-06-12&insight_date=2026-01-01_2026-06-12&comparison_date=2026-01-01_2026-06-12,Washington DC South Mission,,64
120242108301760708,Forecasted Cost Per Baptism,Grow,https://business.facebook.com/adsmanager/manage/ads?act=282246452801626&selected_campaign_ids=120242064897890708&selected_adset_ids=120242107967780708&selected_ad_ids=120242108301760708&date=2026-01-01_2026-06-12&insight_date=2026-01-01_2026-06-12&comparison_date=2026-01-01_2026-06-12,Texas Austin Mission,,3895.791288124
120242108301760708,Forecasted Baptisms,Grow,https://business.facebook.com/adsmanager/manage/ads?act=282246452801626&selected_campaign_ids=120242064897890708&selected_adset_ids=120242107967780708&selected_ad_ids=120242108301760708&date=2026-01-01_2026-06-12&insight_date=2026-01-01_2026-06-12&comparison_date=2026-01-01_2026-06-12,Texas Austin Mission,,1.472622769
120242108301760708,Forecasted % Found Baptized,Grow,https://business.facebook.com/adsmanager/manage/ads?act=282246452801626&selected_campaign_ids=120242064897890708&selected_adset_ids=120242107967780708&selected_ad_ids=120242108301760708&date=2026-01-01_2026-06-12&insight_date=2026-01-01_2026-06-12&comparison_date=2026-01-01_2026-06-12,Texas Austin Mission,,0.011072352
120242108301760708,% Found Baptized,Grow,https://business.facebook.com/adsmanager/manage/ads?act=282246452801626&selected_campaign_ids=120242064897890708&selected_adset_ids=120242107967780708&selected_ad_ids=120242108301760708&date=2026-01-01_2026-06-12&insight_date=2026-01-01_2026-06-12&comparison_date=2026-01-01_2026-06-12,Texas Austin Mission,,0.015037594
120242108301760708,% Found Attending Sacrament,Grow,https://business.facebook.com/adsmanager/manage/ads?act=282246452801626&selected_campaign_ids=120242064897890708&selected_adset_ids=120242107967780708&selected_ad_ids=120242108301760708&date=2026-01-01_2026-06-12&insight_date=2026-01-01_2026-06-12&comparison_date=2026-01-01_2026-06-12,Texas Austin Mission,,0.090225564
120242108301760708,People Baptized and Confirmed,Grow,https://business.facebook.com/adsmanager/manage/ads?act=282246452801626&selected_campaign_ids=120242064897890708&selected_adset_ids=120242107967780708&selected_ad_ids=120242108301760708&date=2026-01-01_2026-06-12&insight_date=2026-01-01_2026-06-12&comparison_date=2026-01-01_2026-06-12,Texas Austin Mission,,2
120242108301760708,People Who Attended Sacrament,Grow,https://business.facebook.com/adsmanager/manage/ads?act=282246452801626&selected_campaign_ids=120242064897890708&selected_adset_ids=120242107967780708&selected_ad_ids=120242108301760708&date=2026-01-01_2026-06-12&insight_date=2026-01-01_2026-06-12&comparison_date=2026-01-01_2026-06-12,Texas Austin Mission,,12
120242108301760708,New People Being Taught,Grow,https://business.facebook.com/adsmanager/manage/ads?act=282246452801626&selected_campaign_ids=120242064897890708&selected_adset_ids=120242107967780708&selected_ad_ids=120242108301760708&date=2026-01-01_2026-06-12&insight_date=2026-01-01_2026-06-12&comparison_date=2026-01-01_2026-06-12,Texas Austin Mission,,30
120242108301760708,Cost Per Facebook Lead,Grow,https://business.facebook.com/adsmanager/manage/ads?act=282246452801626&selected_campaign_ids=120242064897890708&selected_adset_ids=120242107967780708&selected_ad_ids=120242108301760708&date=2026-01-01_2026-06-12&insight_date=2026-01-01_2026-06-12&comparison_date=2026-01-01_2026-06-12,Texas Austin Mission,,34.240223384
120242108301760708,Ad Leads,Grow,https://business.facebook.com/adsmanager/manage/ads?act=282246452801626&selected_campaign_ids=120242064897890708&selected_adset_ids=120242107967780708&selected_ad_ids=120242108301760708&date=2026-01-01_2026-06-12&insight_date=2026-01-01_2026-06-12&comparison_date=2026-01-01_2026-06-12,Texas Austin Mission,,167.552380952
120242108301760708,People Found,Grow,https://business.facebook.com/adsmanager/manage/ads?act=282246452801626&selected_campaign_ids=120242064897890708&selected_adset_ids=120242107967780708&selected_ad_ids=120242108301760708&date=2026-01-01_2026-06-12&insight_date=2026-01-01_2026-06-12&comparison_date=2026-01-01_2026-06-12,Texas Austin Mission,,133
120245776430570116,Forecasted Cost Per Baptism,Grow,https://business.facebook.com/adsmanager/manage/ads?act=969086184816615&selected_campaign_ids=120245775446950116&selected_adset_ids=120245775446910116&selected_ad_ids=120245776430570116&date=2026-01-01_2026-06-12&insight_date=2026-01-01_2026-06-12&comparison_date=2026-01-01_2026-06-12,Tennessee Nashville Mission,,3853.482974947
120245776430570116,Forecasted Baptisms,Grow,https://business.facebook.com/adsmanager/manage/ads?act=969086184816615&selected_campaign_ids=120245775446950116&selected_adset_ids=120245775446910116&selected_ad_ids=120245776430570116&date=2026-01-01_2026-06-12&insight_date=2026-01-01_2026-06-12&comparison_date=2026-01-01_2026-06-12,Tennessee Nashville Mission,,0.774883403
120245776430570116,Forecasted % Found Baptized,Grow,https://business.facebook.com/adsmanager/manage/ads?act=969086184816615&selected_campaign_ids=120245775446950116&selected_adset_ids=120245775446910116&selected_ad_ids=120245776430570116&date=2026-01-01_2026-06-12&insight_date=2026-01-01_2026-06-12&comparison_date=2026-01-01_2026-06-12,Tennessee Nashville Mission,,0.010762269
120245776430570116,% Found Baptized,Grow,https://business.facebook.com/adsmanager/manage/ads?act=969086184816615&selected_campaign_ids=120245775446950116&selected_adset_ids=120245775446910116&selected_ad_ids=120245776430570116&date=2026-01-01_2026-06-12&insight_date=2026-01-01_2026-06-12&comparison_date=2026-01-01_2026-06-12,Tennessee Nashville Mission,,0
120245776430570116,% Found Attending Sacrament,Grow,https://business.facebook.com/adsmanager/manage/ads?act=969086184816615&selected_campaign_ids=120245775446950116&selected_adset_ids=120245775446910116&selected_ad_ids=120245776430570116&date=2026-01-01_2026-06-12&insight_date=2026-01-01_2026-06-12&comparison_date=2026-01-01_2026-06-12,Tennessee Nashville Mission,,0.055555556
120245776430570116,People Baptized and Confirmed,Grow,https://business.facebook.com/adsmanager/manage/ads?act=969086184816615&selected_campaign_ids=120245775446950116&selected_adset_ids=120245775446910116&selected_ad_ids=120245776430570116&date=2026-01-01_2026-06-12&insight_date=2026-01-01_2026-06-12&comparison_date=2026-01-01_2026-06-12,Tennessee Nashville Mission,,0
120245776430570116,People Who Attended Sacrament,Grow,https://business.facebook.com/adsmanager/manage/ads?act=969086184816615&selected_campaign_ids=120245775446950116&selected_adset_ids=120245775446910116&selected_ad_ids=120245776430570116&date=2026-01-01_2026-06-12&insight_date=2026-01-01_2026-06-12&comparison_date=2026-01-01_2026-06-12,Tennessee Nashville Mission,,4
120245776430570116,New People Being Taught,Grow,https://business.facebook.com/adsmanager/manage/ads?act=969086184816615&selected_campaign_ids=120245775446950116&selected_adset_ids=120245775446910116&selected_ad_ids=120245776430570116&date=2026-01-01_2026-06-12&insight_date=2026-01-01_2026-06-12&comparison_date=2026-01-01_2026-06-12,Tennessee Nashville Mission,,26
120245776430570116,Cost Per Facebook Lead,Grow,https://business.facebook.com/adsmanager/manage/ads?act=969086184816615&selected_campaign_ids=120245775446950116&selected_adset_ids=120245775446910116&selected_ad_ids=120245776430570116&date=2026-01-01_2026-06-12&insight_date=2026-01-01_2026-06-12&comparison_date=2026-01-01_2026-06-12,Tennessee Nashville Mission,,36.864197531
120245776430570116,Ad Leads,Grow,https://business.facebook.com/adsmanager/manage/ads?act=969086184816615&selected_campaign_ids=120245775446950116&selected_adset_ids=120245775446910116&selected_ad_ids=120245776430570116&date=2026-01-01_2026-06-12&insight_date=2026-01-01_2026-06-12&comparison_date=2026-01-01_2026-06-12,Tennessee Nashville Mission,,81
120245776430570116,People Found,Grow,https://business.facebook.com/adsmanager/manage/ads?act=969086184816615&selected_campaign_ids=120245775446950116&selected_adset_ids=120245775446910116&selected_ad_ids=120245776430570116&date=2026-01-01_2026-06-12&insight_date=2026-01-01_2026-06-12&comparison_date=2026-01-01_2026-06-12,Tennessee Nashville Mission,,72
120242184905870524,Forecasted Cost Per Baptism,Grow,https://business.facebook.com/adsmanager/manage/ads?act=2683631865285420&selected_campaign_ids=120242183528710524&selected_adset_ids=120242184905970524&selected_ad_ids=120242184905870524&date=2026-01-01_2026-06-12&insight_date=2026-01-01_2026-06-12&comparison_date=2026-01-01_2026-06-12,Tennessee Nashville Mission,,3811.322564723
120242184905870524,Forecasted Baptisms,Grow,https://business.facebook.com/adsmanager/manage/ads?act=2683631865285420&selected_campaign_ids=120242183528710524&selected_adset_ids=120242184905970524&selected_ad_ids=120242184905870524&date=2026-01-01_2026-06-12&insight_date=2026-01-01_2026-06-12&comparison_date=2026-01-01_2026-06-12,Tennessee Nashville Mission,,0.534984894
120242184905870524,Forecasted % Found Baptized,Grow,https://business.facebook.com/adsmanager/manage/ads?act=2683631865285420&selected_campaign_ids=120242183528710524&selected_adset_ids=120242184905970524&selected_ad_ids=120242184905870524&date=2026-01-01_2026-06-12&insight_date=2026-01-01_2026-06-12&comparison_date=2026-01-01_2026-06-12,Tennessee Nashville Mission,,0.008230537
120242184905870524,% Found Baptized,Grow,https://business.facebook.com/adsmanager/manage/ads?act=2683631865285420&selected_campaign_ids=120242183528710524&selected_adset_ids=120242184905970524&selected_ad_ids=120242184905870524&date=2026-01-01_2026-06-12&insight_date=2026-01-01_2026-06-12&comparison_date=2026-01-01_2026-06-12,Tennessee Nashville Mission,,0
120242184905870524,% Found Attending Sacrament,Grow,https://business.facebook.com/adsmanager/manage/ads?act=2683631865285420&selected_campaign_ids=120242183528710524&selected_adset_ids=120242184905970524&selected_ad_ids=120242184905870524&date=2026-01-01_2026-06-12&insight_date=2026-01-01_2026-06-12&comparison_date=2026-01-01_2026-06-12,Tennessee Nashville Mission,,0.046153846
120242184905870524,People Baptized and Confirmed,Grow,https://business.facebook.com/adsmanager/manage/ads?act=2683631865285420&selected_campaign_ids=120242183528710524&selected_adset_ids=120242184905970524&selected_ad_ids=120242184905870524&date=2026-01-01_2026-06-12&insight_date=2026-01-01_2026-06-12&comparison_date=2026-01-01_2026-06-12,Tennessee Nashville Mission,,0
120242184905870524,People Who Attended Sacrament,Grow,https://business.facebook.com/adsmanager/manage/ads?act=2683631865285420&selected_campaign_ids=120242183528710524&selected_adset_ids=120242184905970524&selected_ad_ids=120242184905870524&date=2026-01-01_2026-06-12&insight_date=2026-01-01_2026-06-12&comparison_date=2026-01-01_2026-06-12,Tennessee Nashville Mission,,3
120242184905870524,New People Being Taught,Grow,https://business.facebook.com/adsmanager/manage/ads?act=2683631865285420&selected_campaign_ids=120242183528710524&selected_adset_ids=120242184905970524&selected_ad_ids=120242184905870524&date=2026-01-01_2026-06-12&insight_date=2026-01-01_2026-06-12&comparison_date=2026-01-01_2026-06-12,Tennessee Nashville Mission,,20
120242184905870524,Cost Per Facebook Lead,Grow,https://business.facebook.com/adsmanager/manage/ads?act=2683631865285420&selected_campaign_ids=120242183528710524&selected_adset_ids=120242184905970524&selected_ad_ids=120242184905870524&date=2026-01-01_2026-06-12&insight_date=2026-01-01_2026-06-12&comparison_date=2026-01-01_2026-06-12,Tennessee Nashville Mission,,28.319444444
120242184905870524,Ad Leads,Grow,https://business.facebook.com/adsmanager/manage/ads?act=2683631865285420&selected_campaign_ids=120242183528710524&selected_adset_ids=120242184905970524&selected_ad_ids=120242184905870524&date=2026-01-01_2026-06-12&insight_date=2026-01-01_2026-06-12&comparison_date=2026-01-01_2026-06-12,Tennessee Nashville Mission,,72
120242184905870524,People Found,Grow,https://business.facebook.com/adsmanager/manage/ads?act=2683631865285420&selected_campaign_ids=120242183528710524&selected_adset_ids=120242184905970524&selected_ad_ids=120242184905870524&date=2026-01-01_2026-06-12&insight_date=2026-01-01_2026-06-12&comparison_date=2026-01-01_2026-06-12,Tennessee Nashville Mission,,65
120241828857700708,Forecasted Cost Per Baptism,Grow,https://business.facebook.com/adsmanager/manage/ads?act=282246452801626&selected_campaign_ids=120241822417210708&selected_adset_ids=120241828830730708&selected_ad_ids=120241828857700708&date=2026-01-01_2026-06-12&insight_date=2026-01-01_2026-06-12&comparison_date=2026-01-01_2026-06-12,Tennessee Nashville Mission,,3781.701031740
120241828857700708,Forecasted Baptisms,Grow,https://business.facebook.com/adsmanager/manage/ads?act=282246452801626&selected_campaign_ids=120241822417210708&selected_adset_ids=120241828830730708&selected_ad_ids=120241828857700708&date=2026-01-01_2026-06-12&insight_date=2026-01-01_2026-06-12&comparison_date=2026-01-01_2026-06-12,Tennessee Nashville Mission,,2.114414457
120241828857700708,Forecasted % Found Baptized,Grow,https://business.facebook.com/adsmanager/manage/ads?act=282246452801626&selected_campaign_ids=120241822417210708&selected_adset_ids=120241828830730708&selected_ad_ids=120241828857700708&date=2026-01-01_2026-06-12&insight_date=2026-01-01_2026-06-12&comparison_date=2026-01-01_2026-06-12,Tennessee Nashville Mission,,0.011429267
120241828857700708,% Found Baptized,Grow,https://business.facebook.com/adsmanager/manage/ads?act=282246452801626&selected_campaign_ids=120241822417210708&selected_adset_ids=120241828830730708&selected_ad_ids=120241828857700708&date=2026-01-01_2026-06-12&insight_date=2026-01-01_2026-06-12&comparison_date=2026-01-01_2026-06-12,Tennessee Nashville Mission,,0.005405405
120241828857700708,% Found Attending Sacrament,Grow,https://business.facebook.com/adsmanager/manage/ads?act=282246452801626&selected_campaign_ids=120241822417210708&selected_adset_ids=120241828830730708&selected_ad_ids=120241828857700708&date=2026-01-01_2026-06-12&insight_date=2026-01-01_2026-06-12&comparison_date=2026-01-01_2026-06-12,Tennessee Nashville Mission,,0.075675676
120241828857700708,People Baptized and Confirmed,Grow,https://business.facebook.com/adsmanager/manage/ads?act=282246452801626&selected_campaign_ids=120241822417210708&selected_adset_ids=120241828830730708&selected_ad_ids=120241828857700708&date=2026-01-01_2026-06-12&insight_date=2026-01-01_2026-06-12&comparison_date=2026-01-01_2026-06-12,Tennessee Nashville Mission,,1
120241828857700708,People Who Attended Sacrament,Grow,https://business.facebook.com/adsmanager/manage/ads?act=282246452801626&selected_campaign_ids=120241822417210708&selected_adset_ids=120241828830730708&selected_ad_ids=120241828857700708&date=2026-01-01_2026-06-12&insight_date=2026-01-01_2026-06-12&comparison_date=2026-01-01_2026-06-12,Tennessee Nashville Mission,,14
120241828857700708,New People Being Taught,Grow,https://business.facebook.com/adsmanager/manage/ads?act=282246452801626&selected_campaign_ids=120241822417210708&selected_adset_ids=120241828830730708&selected_ad_ids=120241828857700708&date=2026-01-01_2026-06-12&insight_date=2026-01-01_2026-06-12&comparison_date=2026-01-01_2026-06-12,Tennessee Nashville Mission,,52
120241828857700708,Cost Per Facebook Lead,Grow,https://business.facebook.com/adsmanager/manage/ads?act=282246452801626&selected_campaign_ids=120241822417210708&selected_adset_ids=120241828830730708&selected_ad_ids=120241828857700708&date=2026-01-01_2026-06-12&insight_date=2026-01-01_2026-06-12&comparison_date=2026-01-01_2026-06-12,Tennessee Nashville Mission,,30.861985784
120241828857700708,Ad Leads,Grow,https://business.facebook.com/adsmanager/manage/ads?act=282246452801626&selected_campaign_ids=120241822417210708&selected_adset_ids=120241828830730708&selected_ad_ids=120241828857700708&date=2026-01-01_2026-06-12&insight_date=2026-01-01_2026-06-12&comparison_date=2026-01-01_2026-06-12,Tennessee Nashville Mission,,259.091666667
120241828857700708,People Found,Grow,https://business.facebook.com/adsmanager/manage/ads?act=282246452801626&selected_campaign_ids=120241822417210708&selected_adset_ids=120241828830730708&selected_ad_ids=120241828857700708&date=2026-01-01_2026-06-12&insight_date=2026-01-01_2026-06-12&comparison_date=2026-01-01_2026-06-12,Tennessee Nashville Mission,,185
120262960200230555,Forecasted Cost Per Baptism,Grow,https://business.facebook.com/adsmanager/manage/ads?act=284299962222101&selected_campaign_ids=120262947597940555&selected_adset_ids=120262960115650555&selected_ad_ids=120262960200230555&date=2026-01-01_2026-06-12&insight_date=2026-01-01_2026-06-12&comparison_date=2026-01-01_2026-06-12,Tennessee Nashville Mission,,3713.313680954
120262960200230555,Forecasted Baptisms,Grow,https://business.facebook.com/adsmanager/manage/ads?act=284299962222101&selected_campaign_ids=120262947597940555&selected_adset_ids=120262960115650555&selected_ad_ids=120262960200230555&date=2026-01-01_2026-06-12&insight_date=2026-01-01_2026-06-12&comparison_date=2026-01-01_2026-06-12,Tennessee Nashville Mission,,0.721624748
120262960200230555,Forecasted % Found Baptized,Grow,https://business.facebook.com/adsmanager/manage/ads?act=284299962222101&selected_campaign_ids=120262947597940555&selected_adset_ids=120262960115650555&selected_ad_ids=120262960200230555&date=2026-01-01_2026-06-12&insight_date=2026-01-01_2026-06-12&comparison_date=2026-01-01_2026-06-12,Tennessee Nashville Mission,,0.011275387
120262960200230555,% Found Baptized,Grow,https://business.facebook.com/adsmanager/manage/ads?act=284299962222101&selected_campaign_ids=120262947597940555&selected_adset_ids=120262960115650555&selected_ad_ids=120262960200230555&date=2026-01-01_2026-06-12&insight_date=2026-01-01_2026-06-12&comparison_date=2026-01-01_2026-06-12,Tennessee Nashville Mission,,0
120262960200230555,% Found Attending Sacrament,Grow,https://business.facebook.com/adsmanager/manage/ads?act=284299962222101&selected_campaign_ids=120262947597940555&selected_adset_ids=120262960115650555&selected_ad_ids=120262960200230555&date=2026-01-01_2026-06-12&insight_date=2026-01-01_2026-06-12&comparison_date=2026-01-01_2026-06-12,Tennessee Nashville Mission,,0.078125
120262960200230555,People Baptized and Confirmed,Grow,https://business.facebook.com/adsmanager/manage/ads?act=284299962222101&selected_campaign_ids=120262947597940555&selected_adset_ids=120262960115650555&selected_ad_ids=120262960200230555&date=2026-01-01_2026-06-12&insight_date=2026-01-01_2026-06-12&comparison_date=2026-01-01_2026-06-12,Tennessee Nashville Mission,,0
120262960200230555,People Who Attended Sacrament,Grow,https://business.facebook.com/adsmanager/manage/ads?act=284299962222101&selected_campaign_ids=120262947597940555&selected_adset_ids=120262960115650555&selected_ad_ids=120262960200230555&date=2026-01-01_2026-06-12&insight_date=2026-01-01_2026-06-12&comparison_date=2026-01-01_2026-06-12,Tennessee Nashville Mission,,5
120262960200230555,New People Being Taught,Grow,https://business.facebook.com/adsmanager/manage/ads?act=284299962222101&selected_campaign_ids=120262947597940555&selected_adset_ids=120262960115650555&selected_ad_ids=120262960200230555&date=2026-01-01_2026-06-12&insight_date=2026-01-01_2026-06-12&comparison_date=2026-01-01_2026-06-12,Tennessee Nashville Mission,,13
120262960200230555,Cost Per Facebook Lead,Grow,https://business.facebook.com/adsmanager/manage/ads?act=284299962222101&selected_campaign_ids=120262947597940555&selected_adset_ids=120262960115650555&selected_ad_ids=120262960200230555&date=2026-01-01_2026-06-12&insight_date=2026-01-01_2026-06-12&comparison_date=2026-01-01_2026-06-12,Tennessee Nashville Mission,,34.072235173
120262960200230555,Ad Leads,Grow,https://business.facebook.com/adsmanager/manage/ads?act=284299962222101&selected_campaign_ids=120262947597940555&selected_adset_ids=120262960115650555&selected_ad_ids=120262960200230555&date=2026-01-01_2026-06-12&insight_date=2026-01-01_2026-06-12&comparison_date=2026-01-01_2026-06-12,Tennessee Nashville Mission,,78.645238095
120262960200230555,People Found,Grow,https://business.facebook.com/adsmanager/manage/ads?act=284299962222101&selected_campaign_ids=120262947597940555&selected_adset_ids=120262960115650555&selected_ad_ids=120262960200230555&date=2026-01-01_2026-06-12&insight_date=2026-01-01_2026-06-12&comparison_date=2026-01-01_2026-06-12,Tennessee Nashville Mission,,64
120246347879990522,Forecasted Cost Per Baptism,Grow,https://business.facebook.com/adsmanager/manage/ads?act=385926935698838&selected_campaign_ids=120246346204070522&selected_adset_ids=120246347039110522&selected_ad_ids=120246347879990522&date=2026-01-01_2026-06-12&insight_date=2026-01-01_2026-06-12&comparison_date=2026-01-01_2026-06-12,Massachusetts Boston Mission,,3629.499684941
120246347879990522,Forecasted Baptisms,Grow,https://business.facebook.com/adsmanager/manage/ads?act=385926935698838&selected_campaign_ids=120246346204070522&selected_adset_ids=120246347039110522&selected_ad_ids=120246347879990522&date=2026-01-01_2026-06-12&insight_date=2026-01-01_2026-06-12&comparison_date=2026-01-01_2026-06-12,Massachusetts Boston Mission,,0.803898678
120246347879990522,Forecasted % Found Baptized,Grow,https://business.facebook.com/adsmanager/manage/ads?act=385926935698838&selected_campaign_ids=120246346204070522&selected_adset_ids=120246347039110522&selected_ad_ids=120246347879990522&date=2026-01-01_2026-06-12&insight_date=2026-01-01_2026-06-12&comparison_date=2026-01-01_2026-06-12,Massachusetts Boston Mission,,0.008644072
120246347879990522,% Found Baptized,Grow,https://business.facebook.com/adsmanager/manage/ads?act=385926935698838&selected_campaign_ids=120246346204070522&selected_adset_ids=120246347039110522&selected_ad_ids=120246347879990522&date=2026-01-01_2026-06-12&insight_date=2026-01-01_2026-06-12&comparison_date=2026-01-01_2026-06-12,Massachusetts Boston Mission,,0
120246347879990522,% Found Attending Sacrament,Grow,https://business.facebook.com/adsmanager/manage/ads?act=385926935698838&selected_campaign_ids=120246346204070522&selected_adset_ids=120246347039110522&selected_ad_ids=120246347879990522&date=2026-01-01_2026-06-12&insight_date=2026-01-01_2026-06-12&comparison_date=2026-01-01_2026-06-12,Massachusetts Boston Mission,,0.075268817
120246347879990522,People Baptized and Confirmed,Grow,https://business.facebook.com/adsmanager/manage/ads?act=385926935698838&selected_campaign_ids=120246346204070522&selected_adset_ids=120246347039110522&selected_ad_ids=120246347879990522&date=2026-01-01_2026-06-12&insight_date=2026-01-01_2026-06-12&comparison_date=2026-01-01_2026-06-12,Massachusetts Boston Mission,,0
120246347879990522,People Who Attended Sacrament,Grow,https://business.facebook.com/adsmanager/manage/ads?act=385926935698838&selected_campaign_ids=120246346204070522&selected_adset_ids=120246347039110522&selected_ad_ids=120246347879990522&date=2026-01-01_2026-06-12&insight_date=2026-01-01_2026-06-12&comparison_date=2026-01-01_2026-06-12,Massachusetts Boston Mission,,7
120246347879990522,New People Being Taught,Grow,https://business.facebook.com/adsmanager/manage/ads?act=385926935698838&selected_campaign_ids=120246346204070522&selected_adset_ids=120246347039110522&selected_ad_ids=120246347879990522&date=2026-01-01_2026-06-12&insight_date=2026-01-01_2026-06-12&comparison_date=2026-01-01_2026-06-12,Massachusetts Boston Mission,,10
120246347879990522,Cost Per Facebook Lead,Grow,https://business.facebook.com/adsmanager/manage/ads?act=385926935698838&selected_campaign_ids=120246346204070522&selected_adset_ids=120246347039110522&selected_ad_ids=120246347879990522&date=2026-01-01_2026-06-12&insight_date=2026-01-01_2026-06-12&comparison_date=2026-01-01_2026-06-12,Massachusetts Boston Mission,,29.712321792
120246347879990522,Ad Leads,Grow,https://business.facebook.com/adsmanager/manage/ads?act=385926935698838&selected_campaign_ids=120246346204070522&selected_adset_ids=120246347039110522&selected_ad_ids=120246347879990522&date=2026-01-01_2026-06-12&insight_date=2026-01-01_2026-06-12&comparison_date=2026-01-01_2026-06-12,Massachusetts Boston Mission,,98.2
120246347879990522,People Found,Grow,https://business.facebook.com/adsmanager/manage/ads?act=385926935698838&selected_campaign_ids=120246346204070522&selected_adset_ids=120246347039110522&selected_ad_ids=120246347879990522&date=2026-01-01_2026-06-12&insight_date=2026-01-01_2026-06-12&comparison_date=2026-01-01_2026-06-12,Massachusetts Boston Mission,,93
120230976233250700,Forecasted Cost Per Baptism,Grow,https://business.facebook.com/adsmanager/manage/ads?act=239288150469483&selected_campaign_ids=120230846070950700&selected_adset_ids=120230976233330700&selected_ad_ids=120230976233250700&date=2026-01-01_2026-06-12&insight_date=2026-01-01_2026-06-12&comparison_date=2026-01-01_2026-06-12,Tennessee Nashville Mission,,3581.161140522
120230976233250700,Forecasted Baptisms,Grow,https://business.facebook.com/adsmanager/manage/ads?act=239288150469483&selected_campaign_ids=120230846070950700&selected_adset_ids=120230976233330700&selected_ad_ids=120230976233250700&date=2026-01-01_2026-06-12&insight_date=2026-01-01_2026-06-12&comparison_date=2026-01-01_2026-06-12,Tennessee Nashville Mission,,6.121910747
120230976233250700,Forecasted % Found Baptized,Grow,https://business.facebook.com/adsmanager/manage/ads?act=239288150469483&selected_campaign_ids=120230846070950700&selected_adset_ids=120230976233330700&selected_ad_ids=120230976233250700&date=2026-01-01_2026-06-12&insight_date=2026-01-01_2026-06-12&comparison_date=2026-01-01_2026-06-12,Tennessee Nashville Mission,,0.009890001
120230976233250700,% Found Baptized,Grow,https://business.facebook.com/adsmanager/manage/ads?act=239288150469483&selected_campaign_ids=120230846070950700&selected_adset_ids=120230976233330700&selected_ad_ids=120230976233250700&date=2026-01-01_2026-06-12&insight_date=2026-01-01_2026-06-12&comparison_date=2026-01-01_2026-06-12,Tennessee Nashville Mission,,0.008077544
120230976233250700,% Found Attending Sacrament,Grow,https://business.facebook.com/adsmanager/manage/ads?act=239288150469483&selected_campaign_ids=120230846070950700&selected_adset_ids=120230976233330700&selected_ad_ids=120230976233250700&date=2026-01-01_2026-06-12&insight_date=2026-01-01_2026-06-12&comparison_date=2026-01-01_2026-06-12,Tennessee Nashville Mission,,0.063004847
120230976233250700,People Baptized and Confirmed,Grow,https://business.facebook.com/adsmanager/manage/ads?act=239288150469483&selected_campaign_ids=120230846070950700&selected_adset_ids=120230976233330700&selected_ad_ids=120230976233250700&date=2026-01-01_2026-06-12&insight_date=2026-01-01_2026-06-12&comparison_date=2026-01-01_2026-06-12,Tennessee Nashville Mission,,5
120230976233250700,People Who Attended Sacrament,Grow,https://business.facebook.com/adsmanager/manage/ads?act=239288150469483&selected_campaign_ids=120230846070950700&selected_adset_ids=120230976233330700&selected_ad_ids=120230976233250700&date=2026-01-01_2026-06-12&insight_date=2026-01-01_2026-06-12&comparison_date=2026-01-01_2026-06-12,Tennessee Nashville Mission,,39
120230976233250700,New People Being Taught,Grow,https://business.facebook.com/adsmanager/manage/ads?act=239288150469483&selected_campaign_ids=120230846070950700&selected_adset_ids=120230976233330700&selected_ad_ids=120230976233250700&date=2026-01-01_2026-06-12&insight_date=2026-01-01_2026-06-12&comparison_date=2026-01-01_2026-06-12,Tennessee Nashville Mission,,187
120230976233250700,Cost Per Facebook Lead,Grow,https://business.facebook.com/adsmanager/manage/ads?act=239288150469483&selected_campaign_ids=120230846070950700&selected_adset_ids=120230976233330700&selected_ad_ids=120230976233250700&date=2026-01-01_2026-06-12&insight_date=2026-01-01_2026-06-12&comparison_date=2026-01-01_2026-06-12,Tennessee Nashville Mission,,26.021614906
120230976233250700,Ad Leads,Grow,https://business.facebook.com/adsmanager/manage/ads?act=239288150469483&selected_campaign_ids=120230846070950700&selected_adset_ids=120230976233330700&selected_ad_ids=120230976233250700&date=2026-01-01_2026-06-12&insight_date=2026-01-01_2026-06-12&comparison_date=2026-01-01_2026-06-12,Tennessee Nashville Mission,,842.513001253
120230976233250700,People Found,Grow,https://business.facebook.com/adsmanager/manage/ads?act=239288150469483&selected_campaign_ids=120230846070950700&selected_adset_ids=120230976233330700&selected_ad_ids=120230976233250700&date=2026-01-01_2026-06-12&insight_date=2026-01-01_2026-06-12&comparison_date=2026-01-01_2026-06-12,Tennessee Nashville Mission,,619
120237539040540645,Forecasted Cost Per Baptism,Grow,https://business.facebook.com/adsmanager/manage/ads?act=638318370346986&selected_campaign_ids=120237538922230645&selected_adset_ids=120237538975050645&selected_ad_ids=120237539040540645&date=2026-01-01_2026-06-12&insight_date=2026-01-01_2026-06-12&comparison_date=2026-01-01_2026-06-12,Kansas Wichita Mission,,3562.231458306
120237539040540645,Forecasted Baptisms,Grow,https://business.facebook.com/adsmanager/manage/ads?act=638318370346986&selected_campaign_ids=120237538922230645&selected_adset_ids=120237538975050645&selected_ad_ids=120237539040540645&date=2026-01-01_2026-06-12&insight_date=2026-01-01_2026-06-12&comparison_date=2026-01-01_2026-06-12,Kansas Wichita Mission,,1.367986504
120237539040540645,Forecasted % Found Baptized,Grow,https://business.facebook.com/adsmanager/manage/ads?act=638318370346986&selected_campaign_ids=120237538922230645&selected_adset_ids=120237538975050645&selected_ad_ids=120237539040540645&date=2026-01-01_2026-06-12&insight_date=2026-01-01_2026-06-12&comparison_date=2026-01-01_2026-06-12,Kansas Wichita Mission,,0.012436241
120237539040540645,% Found Baptized,Grow,https://business.facebook.com/adsmanager/manage/ads?act=638318370346986&selected_campaign_ids=120237538922230645&selected_adset_ids=120237538975050645&selected_ad_ids=120237539040540645&date=2026-01-01_2026-06-12&insight_date=2026-01-01_2026-06-12&comparison_date=2026-01-01_2026-06-12,Kansas Wichita Mission,,0.009090909
120237539040540645,% Found Attending Sacrament,Grow,https://business.facebook.com/adsmanager/manage/ads?act=638318370346986&selected_campaign_ids=120237538922230645&selected_adset_ids=120237538975050645&selected_ad_ids=120237539040540645&date=2026-01-01_2026-06-12&insight_date=2026-01-01_2026-06-12&comparison_date=2026-01-01_2026-06-12,Kansas Wichita Mission,,0.063636364
120237539040540645,People Baptized and Confirmed,Grow,https://business.facebook.com/adsmanager/manage/ads?act=638318370346986&selected_campaign_ids=120237538922230645&selected_adset_ids=120237538975050645&selected_ad_ids=120237539040540645&date=2026-01-01_2026-06-12&insight_date=2026-01-01_2026-06-12&comparison_date=2026-01-01_2026-06-12,Kansas Wichita Mission,,1
120237539040540645,People Who Attended Sacrament,Grow,https://business.facebook.com/adsmanager/manage/ads?act=638318370346986&selected_campaign_ids=120237538922230645&selected_adset_ids=120237538975050645&selected_ad_ids=120237539040540645&date=2026-01-01_2026-06-12&insight_date=2026-01-01_2026-06-12&comparison_date=2026-01-01_2026-06-12,Kansas Wichita Mission,,7
120237539040540645,New People Being Taught,Grow,https://business.facebook.com/adsmanager/manage/ads?act=638318370346986&selected_campaign_ids=120237538922230645&selected_adset_ids=120237538975050645&selected_ad_ids=120237539040540645&date=2026-01-01_2026-06-12&insight_date=2026-01-01_2026-06-12&comparison_date=2026-01-01_2026-06-12,Kansas Wichita Mission,,29
120237539040540645,Cost Per Facebook Lead,Grow,https://business.facebook.com/adsmanager/manage/ads?act=638318370346986&selected_campaign_ids=120237538922230645&selected_adset_ids=120237538975050645&selected_ad_ids=120237539040540645&date=2026-01-01_2026-06-12&insight_date=2026-01-01_2026-06-12&comparison_date=2026-01-01_2026-06-12,Kansas Wichita Mission,,34.901403633
120237539040540645,Ad Leads,Grow,https://business.facebook.com/adsmanager/manage/ads?act=638318370346986&selected_campaign_ids=120237538922230645&selected_adset_ids=120237538975050645&selected_ad_ids=120237539040540645&date=2026-01-01_2026-06-12&insight_date=2026-01-01_2026-06-12&comparison_date=2026-01-01_2026-06-12,Kansas Wichita Mission,,139.624314574
120237539040540645,People Found,Grow,https://business.facebook.com/adsmanager/manage/ads?act=638318370346986&selected_campaign_ids=120237538922230645&selected_adset_ids=120237538975050645&selected_ad_ids=120237539040540645&date=2026-01-01_2026-06-12&insight_date=2026-01-01_2026-06-12&comparison_date=2026-01-01_2026-06-12,Kansas Wichita Mission,,110
120240653532040246,Forecasted Cost Per Baptism,Grow,https://business.facebook.com/adsmanager/manage/ads?act=1405980847467818&selected_campaign_ids=120240653528190246&selected_adset_ids=120240653528430246&selected_ad_ids=120240653532040246&date=2026-01-01_2026-06-12&insight_date=2026-01-01_2026-06-12&comparison_date=2026-01-01_2026-06-12,California Modesto Mission,,3549.224516489
120240653532040246,Forecasted Baptisms,Grow,https://business.facebook.com/adsmanager/manage/ads?act=1405980847467818&selected_campaign_ids=120240653528190246&selected_adset_ids=120240653528430246&selected_ad_ids=120240653532040246&date=2026-01-01_2026-06-12&insight_date=2026-01-01_2026-06-12&comparison_date=2026-01-01_2026-06-12,California Modesto Mission,,3.419129804
120240653532040246,Forecasted % Found Baptized,Grow,https://business.facebook.com/adsmanager/manage/ads?act=1405980847467818&selected_campaign_ids=120240653528190246&selected_adset_ids=120240653528430246&selected_ad_ids=120240653532040246&date=2026-01-01_2026-06-12&insight_date=2026-01-01_2026-06-12&comparison_date=2026-01-01_2026-06-12,California Modesto Mission,,0.010718275
120240653532040246,% Found Baptized,Grow,https://business.facebook.com/adsmanager/manage/ads?act=1405980847467818&selected_campaign_ids=120240653528190246&selected_adset_ids=120240653528430246&selected_ad_ids=120240653532040246&date=2026-01-01_2026-06-12&insight_date=2026-01-01_2026-06-12&comparison_date=2026-01-01_2026-06-12,California Modesto Mission,,0.009404389
120240653532040246,% Found Attending Sacrament,Grow,https://business.facebook.com/adsmanager/manage/ads?act=1405980847467818&selected_campaign_ids=120240653528190246&selected_adset_ids=120240653528430246&selected_ad_ids=120240653532040246&date=2026-01-01_2026-06-12&insight_date=2026-01-01_2026-06-12&comparison_date=2026-01-01_2026-06-12,California Modesto Mission,,0.084639498
120240653532040246,People Baptized and Confirmed,Grow,https://business.facebook.com/adsmanager/manage/ads?act=1405980847467818&selected_campaign_ids=120240653528190246&selected_adset_ids=120240653528430246&selected_ad_ids=120240653532040246&date=2026-01-01_2026-06-12&insight_date=2026-01-01_2026-06-12&comparison_date=2026-01-01_2026-06-12,California Modesto Mission,,3
120240653532040246,People Who Attended Sacrament,Grow,https://business.facebook.com/adsmanager/manage/ads?act=1405980847467818&selected_campaign_ids=120240653528190246&selected_adset_ids=120240653528430246&selected_ad_ids=120240653532040246&date=2026-01-01_2026-06-12&insight_date=2026-01-01_2026-06-12&comparison_date=2026-01-01_2026-06-12,California Modesto Mission,,27
120240653532040246,New People Being Taught,Grow,https://business.facebook.com/adsmanager/manage/ads?act=1405980847467818&selected_campaign_ids=120240653528190246&selected_adset_ids=120240653528430246&selected_ad_ids=120240653532040246&date=2026-01-01_2026-06-12&insight_date=2026-01-01_2026-06-12&comparison_date=2026-01-01_2026-06-12,California Modesto Mission,,88
120240653532040246,Cost Per Facebook Lead,Grow,https://business.facebook.com/adsmanager/manage/ads?act=1405980847467818&selected_campaign_ids=120240653528190246&selected_adset_ids=120240653528430246&selected_ad_ids=120240653532040246&date=2026-01-01_2026-06-12&insight_date=2026-01-01_2026-06-12&comparison_date=2026-01-01_2026-06-12,California Modesto Mission,,29.754933925
120240653532040246,Ad Leads,Grow,https://business.facebook.com/adsmanager/manage/ads?act=1405980847467818&selected_campaign_ids=120240653528190246&selected_adset_ids=120240653528430246&selected_ad_ids=120240653532040246&date=2026-01-01_2026-06-12&insight_date=2026-01-01_2026-06-12&comparison_date=2026-01-01_2026-06-12,California Modesto Mission,,407.840237711
120240653532040246,People Found,Grow,https://business.facebook.com/adsmanager/manage/ads?act=1405980847467818&selected_campaign_ids=120240653528190246&selected_adset_ids=120240653528430246&selected_ad_ids=120240653532040246&date=2026-01-01_2026-06-12&insight_date=2026-01-01_2026-06-12&comparison_date=2026-01-01_2026-06-12,California Modesto Mission,,319
120243715016830700,Forecasted Cost Per Baptism,Grow,https://business.facebook.com/adsmanager/manage/ads?act=239288150469483&selected_campaign_ids=120243713894560700&selected_adset_ids=120243713894550700&selected_ad_ids=120243715016830700&date=2026-01-01_2026-06-12&insight_date=2026-01-01_2026-06-12&comparison_date=2026-01-01_2026-06-12,Tennessee Nashville Mission,,3519.818781702
120243715016830700,Forecasted Baptisms,Grow,https://business.facebook.com/adsmanager/manage/ads?act=239288150469483&selected_campaign_ids=120243713894560700&selected_adset_ids=120243713894550700&selected_ad_ids=120243715016830700&date=2026-01-01_2026-06-12&insight_date=2026-01-01_2026-06-12&comparison_date=2026-01-01_2026-06-12,Tennessee Nashville Mission,,0.761166081
120243715016830700,Forecasted % Found Baptized,Grow,https://business.facebook.com/adsmanager/manage/ads?act=239288150469483&selected_campaign_ids=120243713894560700&selected_adset_ids=120243713894550700&selected_ad_ids=120243715016830700&date=2026-01-01_2026-06-12&insight_date=2026-01-01_2026-06-12&comparison_date=2026-01-01_2026-06-12,Tennessee Nashville Mission,,0.008954895
120243715016830700,% Found Baptized,Grow,https://business.facebook.com/adsmanager/manage/ads?act=239288150469483&selected_campaign_ids=120243713894560700&selected_adset_ids=120243713894550700&selected_ad_ids=120243715016830700&date=2026-01-01_2026-06-12&insight_date=2026-01-01_2026-06-12&comparison_date=2026-01-01_2026-06-12,Tennessee Nashville Mission,,0
120243715016830700,% Found Attending Sacrament,Grow,https://business.facebook.com/adsmanager/manage/ads?act=239288150469483&selected_campaign_ids=120243713894560700&selected_adset_ids=120243713894550700&selected_ad_ids=120243715016830700&date=2026-01-01_2026-06-12&insight_date=2026-01-01_2026-06-12&comparison_date=2026-01-01_2026-06-12,Tennessee Nashville Mission,,0.105882353
120243715016830700,People Baptized and Confirmed,Grow,https://business.facebook.com/adsmanager/manage/ads?act=239288150469483&selected_campaign_ids=120243713894560700&selected_adset_ids=120243713894550700&selected_ad_ids=120243715016830700&date=2026-01-01_2026-06-12&insight_date=2026-01-01_2026-06-12&comparison_date=2026-01-01_2026-06-12,Tennessee Nashville Mission,,0
120243715016830700,People Who Attended Sacrament,Grow,https://business.facebook.com/adsmanager/manage/ads?act=239288150469483&selected_campaign_ids=120243713894560700&selected_adset_ids=120243713894550700&selected_ad_ids=120243715016830700&date=2026-01-01_2026-06-12&insight_date=2026-01-01_2026-06-12&comparison_date=2026-01-01_2026-06-12,Tennessee Nashville Mission,,9
120243715016830700,New People Being Taught,Grow,https://business.facebook.com/adsmanager/manage/ads?act=239288150469483&selected_campaign_ids=120243713894560700&selected_adset_ids=120243713894550700&selected_ad_ids=120243715016830700&date=2026-01-01_2026-06-12&insight_date=2026-01-01_2026-06-12&comparison_date=2026-01-01_2026-06-12,Tennessee Nashville Mission,,23
120243715016830700,Cost Per Facebook Lead,Grow,https://business.facebook.com/adsmanager/manage/ads?act=239288150469483&selected_campaign_ids=120243713894560700&selected_adset_ids=120243713894550700&selected_ad_ids=120243715016830700&date=2026-01-01_2026-06-12&insight_date=2026-01-01_2026-06-12&comparison_date=2026-01-01_2026-06-12,Tennessee Nashville Mission,,28.401060071
120243715016830700,Ad Leads,Grow,https://business.facebook.com/adsmanager/manage/ads?act=239288150469483&selected_campaign_ids=120243713894560700&selected_adset_ids=120243713894550700&selected_ad_ids=120243715016830700&date=2026-01-01_2026-06-12&insight_date=2026-01-01_2026-06-12&comparison_date=2026-01-01_2026-06-12,Tennessee Nashville Mission,,94.333333333
120243715016830700,People Found,Grow,https://business.facebook.com/adsmanager/manage/ads?act=239288150469483&selected_campaign_ids=120243713894560700&selected_adset_ids=120243713894550700&selected_ad_ids=120243715016830700&date=2026-01-01_2026-06-12&insight_date=2026-01-01_2026-06-12&comparison_date=2026-01-01_2026-06-12,Tennessee Nashville Mission,,85
120240754083270019,Forecasted Cost Per Baptism,Grow,https://business.facebook.com/adsmanager/manage/ads?act=1557243931332340&selected_campaign_ids=120240753607360019&selected_adset_ids=120240753616340019&selected_ad_ids=120240754083270019&date=2026-01-01_2026-06-12&insight_date=2026-01-01_2026-06-12&comparison_date=2026-01-01_2026-06-12,Ohio Columbus Mission,,3496.975700952
120240754083270019,Forecasted Baptisms,Grow,https://business.facebook.com/adsmanager/manage/ads?act=1557243931332340&selected_campaign_ids=120240753607360019&selected_adset_ids=120240753616340019&selected_ad_ids=120240754083270019&date=2026-01-01_2026-06-12&insight_date=2026-01-01_2026-06-12&comparison_date=2026-01-01_2026-06-12,Ohio Columbus Mission,,0.789253411
120240754083270019,Forecasted % Found Baptized,Grow,https://business.facebook.com/adsmanager/manage/ads?act=1557243931332340&selected_campaign_ids=120240753607360019&selected_adset_ids=120240753616340019&selected_ad_ids=120240754083270019&date=2026-01-01_2026-06-12&insight_date=2026-01-01_2026-06-12&comparison_date=2026-01-01_2026-06-12,Ohio Columbus Mission,,0.009395874
120240754083270019,% Found Baptized,Grow,https://business.facebook.com/adsmanager/manage/ads?act=1557243931332340&selected_campaign_ids=120240753607360019&selected_adset_ids=120240753616340019&selected_ad_ids=120240754083270019&date=2026-01-01_2026-06-12&insight_date=2026-01-01_2026-06-12&comparison_date=2026-01-01_2026-06-12,Ohio Columbus Mission,,0
120240754083270019,% Found Attending Sacrament,Grow,https://business.facebook.com/adsmanager/manage/ads?act=1557243931332340&selected_campaign_ids=120240753607360019&selected_adset_ids=120240753616340019&selected_ad_ids=120240754083270019&date=2026-01-01_2026-06-12&insight_date=2026-01-01_2026-06-12&comparison_date=2026-01-01_2026-06-12,Ohio Columbus Mission,,0.071428571
120240754083270019,People Baptized and Confirmed,Grow,https://business.facebook.com/adsmanager/manage/ads?act=1557243931332340&selected_campaign_ids=120240753607360019&selected_adset_ids=120240753616340019&selected_ad_ids=120240754083270019&date=2026-01-01_2026-06-12&insight_date=2026-01-01_2026-06-12&comparison_date=2026-01-01_2026-06-12,Ohio Columbus Mission,,0
120240754083270019,People Who Attended Sacrament,Grow,https://business.facebook.com/adsmanager/manage/ads?act=1557243931332340&selected_campaign_ids=120240753607360019&selected_adset_ids=120240753616340019&selected_ad_ids=120240754083270019&date=2026-01-01_2026-06-12&insight_date=2026-01-01_2026-06-12&comparison_date=2026-01-01_2026-06-12,Ohio Columbus Mission,,6
120240754083270019,New People Being Taught,Grow,https://business.facebook.com/adsmanager/manage/ads?act=1557243931332340&selected_campaign_ids=120240753607360019&selected_adset_ids=120240753616340019&selected_ad_ids=120240754083270019&date=2026-01-01_2026-06-12&insight_date=2026-01-01_2026-06-12&comparison_date=2026-01-01_2026-06-12,Ohio Columbus Mission,,19
120240754083270019,Cost Per Facebook Lead,Grow,https://business.facebook.com/adsmanager/manage/ads?act=1557243931332340&selected_campaign_ids=120240753607360019&selected_adset_ids=120240753616340019&selected_ad_ids=120240754083270019&date=2026-01-01_2026-06-12&insight_date=2026-01-01_2026-06-12&comparison_date=2026-01-01_2026-06-12,Ohio Columbus Mission,,21.904761905
120240754083270019,Ad Leads,Grow,https://business.facebook.com/adsmanager/manage/ads?act=1557243931332340&selected_campaign_ids=120240753607360019&selected_adset_ids=120240753616340019&selected_ad_ids=120240754083270019&date=2026-01-01_2026-06-12&insight_date=2026-01-01_2026-06-12&comparison_date=2026-01-01_2026-06-12,Ohio Columbus Mission,,126
120240754083270019,People Found,Grow,https://business.facebook.com/adsmanager/manage/ads?act=1557243931332340&selected_campaign_ids=120240753607360019&selected_adset_ids=120240753616340019&selected_ad_ids=120240754083270019&date=2026-01-01_2026-06-12&insight_date=2026-01-01_2026-06-12&comparison_date=2026-01-01_2026-06-12,Ohio Columbus Mission,,84
120249106625590360,Forecasted Cost Per Baptism,Grow,https://business.facebook.com/adsmanager/manage/ads?act=1566346430181695&selected_campaign_ids=120249105778430360&selected_adset_ids=120249105778440360&selected_ad_ids=120249106625590360&date=2026-01-01_2026-06-12&insight_date=2026-01-01_2026-06-12&comparison_date=2026-01-01_2026-06-12,Wisconsin Milwaukee Mission,,3444.792723866
120249106625590360,Forecasted Baptisms,Grow,https://business.facebook.com/adsmanager/manage/ads?act=1566346430181695&selected_campaign_ids=120249105778430360&selected_adset_ids=120249105778440360&selected_ad_ids=120249106625590360&date=2026-01-01_2026-06-12&insight_date=2026-01-01_2026-06-12&comparison_date=2026-01-01_2026-06-12,Wisconsin Milwaukee Mission,,0.820368663
120249106625590360,Forecasted % Found Baptized,Grow,https://business.facebook.com/adsmanager/manage/ads?act=1566346430181695&selected_campaign_ids=120249105778430360&selected_adset_ids=120249105778440360&selected_ad_ids=120249106625590360&date=2026-01-01_2026-06-12&insight_date=2026-01-01_2026-06-12&comparison_date=2026-01-01_2026-06-12,Wisconsin Milwaukee Mission,,0.016085660
120249106625590360,% Found Baptized,Grow,https://business.facebook.com/adsmanager/manage/ads?act=1566346430181695&selected_campaign_ids=120249105778430360&selected_adset_ids=120249105778440360&selected_ad_ids=120249106625590360&date=2026-01-01_2026-06-12&insight_date=2026-01-01_2026-06-12&comparison_date=2026-01-01_2026-06-12,Wisconsin Milwaukee Mission,,0.019607843
120249106625590360,% Found Attending Sacrament,Grow,https://business.facebook.com/adsmanager/manage/ads?act=1566346430181695&selected_campaign_ids=120249105778430360&selected_adset_ids=120249105778440360&selected_ad_ids=120249106625590360&date=2026-01-01_2026-06-12&insight_date=2026-01-01_2026-06-12&comparison_date=2026-01-01_2026-06-12,Wisconsin Milwaukee Mission,,0.098039216
120249106625590360,People Baptized and Confirmed,Grow,https://business.facebook.com/adsmanager/manage/ads?act=1566346430181695&selected_campaign_ids=120249105778430360&selected_adset_ids=120249105778440360&selected_ad_ids=120249106625590360&date=2026-01-01_2026-06-12&insight_date=2026-01-01_2026-06-12&comparison_date=2026-01-01_2026-06-12,Wisconsin Milwaukee Mission,,1
120249106625590360,People Who Attended Sacrament,Grow,https://business.facebook.com/adsmanager/manage/ads?act=1566346430181695&selected_campaign_ids=120249105778430360&selected_adset_ids=120249105778440360&selected_ad_ids=120249106625590360&date=2026-01-01_2026-06-12&insight_date=2026-01-01_2026-06-12&comparison_date=2026-01-01_2026-06-12,Wisconsin Milwaukee Mission,,5
120249106625590360,New People Being Taught,Grow,https://business.facebook.com/adsmanager/manage/ads?act=1566346430181695&selected_campaign_ids=120249105778430360&selected_adset_ids=120249105778440360&selected_ad_ids=120249106625590360&date=2026-01-01_2026-06-12&insight_date=2026-01-01_2026-06-12&comparison_date=2026-01-01_2026-06-12,Wisconsin Milwaukee Mission,,18
120249106625590360,Cost Per Facebook Lead,Grow,https://business.facebook.com/adsmanager/manage/ads?act=1566346430181695&selected_campaign_ids=120249105778430360&selected_adset_ids=120249105778440360&selected_ad_ids=120249106625590360&date=2026-01-01_2026-06-12&insight_date=2026-01-01_2026-06-12&comparison_date=2026-01-01_2026-06-12,Wisconsin Milwaukee Mission,,56.52
120249106625590360,Ad Leads,Grow,https://business.facebook.com/adsmanager/manage/ads?act=1566346430181695&selected_campaign_ids=120249105778430360&selected_adset_ids=120249105778440360&selected_ad_ids=120249106625590360&date=2026-01-01_2026-06-12&insight_date=2026-01-01_2026-06-12&comparison_date=2026-01-01_2026-06-12,Wisconsin Milwaukee Mission,,50.000000000
120249106625590360,People Found,Grow,https://business.facebook.com/adsmanager/manage/ads?act=1566346430181695&selected_campaign_ids=120249105778430360&selected_adset_ids=120249105778440360&selected_ad_ids=120249106625590360&date=2026-01-01_2026-06-12&insight_date=2026-01-01_2026-06-12&comparison_date=2026-01-01_2026-06-12,Wisconsin Milwaukee Mission,,51
120240981857860708,Forecasted Cost Per Baptism,-,https://business.facebook.com/adsmanager/manage/ads?act=282246452801626&selected_campaign_ids=120240976961200708&selected_adset_ids=120240981804700708&selected_ad_ids=120240981857860708&date=2026-01-01_2026-06-12&insight_date=2026-01-01_2026-06-12&comparison_date=2026-01-01_2026-06-12,Texas Austin Mission,,3369.486574406
120240981857860708,Forecasted Baptisms,-,https://business.facebook.com/adsmanager/manage/ads?act=282246452801626&selected_campaign_ids=120240976961200708&selected_adset_ids=120240981804700708&selected_ad_ids=120240981857860708&date=2026-01-01_2026-06-12&insight_date=2026-01-01_2026-06-12&comparison_date=2026-01-01_2026-06-12,Texas Austin Mission,,0.398280263
120240981857860708,Forecasted % Found Baptized,-,https://business.facebook.com/adsmanager/manage/ads?act=282246452801626&selected_campaign_ids=120240976961200708&selected_adset_ids=120240981804700708&selected_ad_ids=120240981857860708&date=2026-01-01_2026-06-12&insight_date=2026-01-01_2026-06-12&comparison_date=2026-01-01_2026-06-12,Texas Austin Mission,,0.010481060
120240981857860708,% Found Baptized,-,https://business.facebook.com/adsmanager/manage/ads?act=282246452801626&selected_campaign_ids=120240976961200708&selected_adset_ids=120240981804700708&selected_ad_ids=120240981857860708&date=2026-01-01_2026-06-12&insight_date=2026-01-01_2026-06-12&comparison_date=2026-01-01_2026-06-12,Texas Austin Mission,,0
120240981857860708,% Found Attending Sacrament,-,https://business.facebook.com/adsmanager/manage/ads?act=282246452801626&selected_campaign_ids=120240976961200708&selected_adset_ids=120240981804700708&selected_ad_ids=120240981857860708&date=2026-01-01_2026-06-12&insight_date=2026-01-01_2026-06-12&comparison_date=2026-01-01_2026-06-12,Texas Austin Mission,,0.078947368
120240981857860708,People Baptized and Confirmed,-,https://business.facebook.com/adsmanager/manage/ads?act=282246452801626&selected_campaign_ids=120240976961200708&selected_adset_ids=120240981804700708&selected_ad_ids=120240981857860708&date=2026-01-01_2026-06-12&insight_date=2026-01-01_2026-06-12&comparison_date=2026-01-01_2026-06-12,Texas Austin Mission,,0
120240981857860708,People Who Attended Sacrament,-,https://business.facebook.com/adsmanager/manage/ads?act=282246452801626&selected_campaign_ids=120240976961200708&selected_adset_ids=120240981804700708&selected_ad_ids=120240981857860708&date=2026-01-01_2026-06-12&insight_date=2026-01-01_2026-06-12&comparison_date=2026-01-01_2026-06-12,Texas Austin Mission,,3
120240981857860708,New People Being Taught,-,https://business.facebook.com/adsmanager/manage/ads?act=282246452801626&selected_campaign_ids=120240976961200708&selected_adset_ids=120240981804700708&selected_ad_ids=120240981857860708&date=2026-01-01_2026-06-12&insight_date=2026-01-01_2026-06-12&comparison_date=2026-01-01_2026-06-12,Texas Austin Mission,,14
120240981857860708,Cost Per Facebook Lead,-,https://business.facebook.com/adsmanager/manage/ads?act=282246452801626&selected_campaign_ids=120240976961200708&selected_adset_ids=120240981804700708&selected_ad_ids=120240981857860708&date=2026-01-01_2026-06-12&insight_date=2026-01-01_2026-06-12&comparison_date=2026-01-01_2026-06-12,Texas Austin Mission,,41.9375
120240981857860708,Ad Leads,-,https://business.facebook.com/adsmanager/manage/ads?act=282246452801626&selected_campaign_ids=120240976961200708&selected_adset_ids=120240981804700708&selected_ad_ids=120240981857860708&date=2026-01-01_2026-06-12&insight_date=2026-01-01_2026-06-12&comparison_date=2026-01-01_2026-06-12,Texas Austin Mission,,32
120240981857860708,People Found,-,https://business.facebook.com/adsmanager/manage/ads?act=282246452801626&selected_campaign_ids=120240976961200708&selected_adset_ids=120240981804700708&selected_ad_ids=120240981857860708&date=2026-01-01_2026-06-12&insight_date=2026-01-01_2026-06-12&comparison_date=2026-01-01_2026-06-12,Texas Austin Mission,,38
120242568913340286,Forecasted Cost Per Baptism,Grow,https://business.facebook.com/adsmanager/manage/ads?act=302214574236400&selected_campaign_ids=120242568855410286&selected_adset_ids=120242568857690286&selected_ad_ids=120242568913340286&date=2026-01-01_2026-06-12&insight_date=2026-01-01_2026-06-12&comparison_date=2026-01-01_2026-06-12,Wisconsin Milwaukee Mission,,3326.167800626
120242568913340286,Forecasted Baptisms,Grow,https://business.facebook.com/adsmanager/manage/ads?act=302214574236400&selected_campaign_ids=120242568855410286&selected_adset_ids=120242568857690286&selected_ad_ids=120242568913340286&date=2026-01-01_2026-06-12&insight_date=2026-01-01_2026-06-12&comparison_date=2026-01-01_2026-06-12,Wisconsin Milwaukee Mission,,0.590354060
120242568913340286,Forecasted % Found Baptized,Grow,https://business.facebook.com/adsmanager/manage/ads?act=302214574236400&selected_campaign_ids=120242568855410286&selected_adset_ids=120242568857690286&selected_ad_ids=120242568913340286&date=2026-01-01_2026-06-12&insight_date=2026-01-01_2026-06-12&comparison_date=2026-01-01_2026-06-12,Wisconsin Milwaukee Mission,,0.011352963
120242568913340286,% Found Baptized,Grow,https://business.facebook.com/adsmanager/manage/ads?act=302214574236400&selected_campaign_ids=120242568855410286&selected_adset_ids=120242568857690286&selected_ad_ids=120242568913340286&date=2026-01-01_2026-06-12&insight_date=2026-01-01_2026-06-12&comparison_date=2026-01-01_2026-06-12,Wisconsin Milwaukee Mission,,0.057692308
120242568913340286,% Found Attending Sacrament,Grow,https://business.facebook.com/adsmanager/manage/ads?act=302214574236400&selected_campaign_ids=120242568855410286&selected_adset_ids=120242568857690286&selected_ad_ids=120242568913340286&date=2026-01-01_2026-06-12&insight_date=2026-01-01_2026-06-12&comparison_date=2026-01-01_2026-06-12,Wisconsin Milwaukee Mission,,0.076923077
120242568913340286,People Baptized and Confirmed,Grow,https://business.facebook.com/adsmanager/manage/ads?act=302214574236400&selected_campaign_ids=120242568855410286&selected_adset_ids=120242568857690286&selected_ad_ids=120242568913340286&date=2026-01-01_2026-06-12&insight_date=2026-01-01_2026-06-12&comparison_date=2026-01-01_2026-06-12,Wisconsin Milwaukee Mission,,3
120242568913340286,People Who Attended Sacrament,Grow,https://business.facebook.com/adsmanager/manage/ads?act=302214574236400&selected_campaign_ids=120242568855410286&selected_adset_ids=120242568857690286&selected_ad_ids=120242568913340286&date=2026-01-01_2026-06-12&insight_date=2026-01-01_2026-06-12&comparison_date=2026-01-01_2026-06-12,Wisconsin Milwaukee Mission,,4
120242568913340286,New People Being Taught,Grow,https://business.facebook.com/adsmanager/manage/ads?act=302214574236400&selected_campaign_ids=120242568855410286&selected_adset_ids=120242568857690286&selected_ad_ids=120242568913340286&date=2026-01-01_2026-06-12&insight_date=2026-01-01_2026-06-12&comparison_date=2026-01-01_2026-06-12,Wisconsin Milwaukee Mission,,11
120242568913340286,Cost Per Facebook Lead,Grow,https://business.facebook.com/adsmanager/manage/ads?act=302214574236400&selected_campaign_ids=120242568855410286&selected_adset_ids=120242568857690286&selected_ad_ids=120242568913340286&date=2026-01-01_2026-06-12&insight_date=2026-01-01_2026-06-12&comparison_date=2026-01-01_2026-06-12,Wisconsin Milwaukee Mission,,26.351375531
120242568913340286,Ad Leads,Grow,https://business.facebook.com/adsmanager/manage/ads?act=302214574236400&selected_campaign_ids=120242568855410286&selected_adset_ids=120242568857690286&selected_ad_ids=120242568913340286&date=2026-01-01_2026-06-12&insight_date=2026-01-01_2026-06-12&comparison_date=2026-01-01_2026-06-12,Wisconsin Milwaukee Mission,,74.516666667
120242568913340286,People Found,Grow,https://business.facebook.com/adsmanager/manage/ads?act=302214574236400&selected_campaign_ids=120242568855410286&selected_adset_ids=120242568857690286&selected_ad_ids=120242568913340286&date=2026-01-01_2026-06-12&insight_date=2026-01-01_2026-06-12&comparison_date=2026-01-01_2026-06-12,Wisconsin Milwaukee Mission,,52
120234815266920030,Forecasted Cost Per Baptism,Grow,https://business.facebook.com/adsmanager/manage/ads?act=3685410151495854&selected_campaign_ids=120234666081540030&selected_adset_ids=120234815266880030&selected_ad_ids=120234815266920030&date=2026-01-01_2026-06-12&insight_date=2026-01-01_2026-06-12&comparison_date=2026-01-01_2026-06-12,North Carolina Raleigh Mission,,3294.174954982
120234815266920030,Forecasted Baptisms,Grow,https://business.facebook.com/adsmanager/manage/ads?act=3685410151495854&selected_campaign_ids=120234666081540030&selected_adset_ids=120234815266880030&selected_ad_ids=120234815266920030&date=2026-01-01_2026-06-12&insight_date=2026-01-01_2026-06-12&comparison_date=2026-01-01_2026-06-12,North Carolina Raleigh Mission,,5.597015299
120234815266920030,Forecasted % Found Baptized,Grow,https://business.facebook.com/adsmanager/manage/ads?act=3685410151495854&selected_campaign_ids=120234666081540030&selected_adset_ids=120234815266880030&selected_ad_ids=120234815266920030&date=2026-01-01_2026-06-12&insight_date=2026-01-01_2026-06-12&comparison_date=2026-01-01_2026-06-12,North Carolina Raleigh Mission,,0.013519361
120234815266920030,% Found Baptized,Grow,https://business.facebook.com/adsmanager/manage/ads?act=3685410151495854&selected_campaign_ids=120234666081540030&selected_adset_ids=120234815266880030&selected_ad_ids=120234815266920030&date=2026-01-01_2026-06-12&insight_date=2026-01-01_2026-06-12&comparison_date=2026-01-01_2026-06-12,North Carolina Raleigh Mission,,0.009661836
120234815266920030,% Found Attending Sacrament,Grow,https://business.facebook.com/adsmanager/manage/ads?act=3685410151495854&selected_campaign_ids=120234666081540030&selected_adset_ids=120234815266880030&selected_ad_ids=120234815266920030&date=2026-01-01_2026-06-12&insight_date=2026-01-01_2026-06-12&comparison_date=2026-01-01_2026-06-12,North Carolina Raleigh Mission,,0.053140097
120234815266920030,People Baptized and Confirmed,Grow,https://business.facebook.com/adsmanager/manage/ads?act=3685410151495854&selected_campaign_ids=120234666081540030&selected_adset_ids=120234815266880030&selected_ad_ids=120234815266920030&date=2026-01-01_2026-06-12&insight_date=2026-01-01_2026-06-12&comparison_date=2026-01-01_2026-06-12,North Carolina Raleigh Mission,,4
120234815266920030,People Who Attended Sacrament,Grow,https://business.facebook.com/adsmanager/manage/ads?act=3685410151495854&selected_campaign_ids=120234666081540030&selected_adset_ids=120234815266880030&selected_ad_ids=120234815266920030&date=2026-01-01_2026-06-12&insight_date=2026-01-01_2026-06-12&comparison_date=2026-01-01_2026-06-12,North Carolina Raleigh Mission,,22
120234815266920030,New People Being Taught,Grow,https://business.facebook.com/adsmanager/manage/ads?act=3685410151495854&selected_campaign_ids=120234666081540030&selected_adset_ids=120234815266880030&selected_ad_ids=120234815266920030&date=2026-01-01_2026-06-12&insight_date=2026-01-01_2026-06-12&comparison_date=2026-01-01_2026-06-12,North Carolina Raleigh Mission,,120
120234815266920030,Cost Per Facebook Lead,Grow,https://business.facebook.com/adsmanager/manage/ads?act=3685410151495854&selected_campaign_ids=120234666081540030&selected_adset_ids=120234815266880030&selected_ad_ids=120234815266920030&date=2026-01-01_2026-06-12&insight_date=2026-01-01_2026-06-12&comparison_date=2026-01-01_2026-06-12,North Carolina Raleigh Mission,,31.025341053
120234815266920030,Ad Leads,Grow,https://business.facebook.com/adsmanager/manage/ads?act=3685410151495854&selected_campaign_ids=120234666081540030&selected_adset_ids=120234815266880030&selected_ad_ids=120234815266920030&date=2026-01-01_2026-06-12&insight_date=2026-01-01_2026-06-12&comparison_date=2026-01-01_2026-06-12,North Carolina Raleigh Mission,,594.273809524
120234815266920030,People Found,Grow,https://business.facebook.com/adsmanager/manage/ads?act=3685410151495854&selected_campaign_ids=120234666081540030&selected_adset_ids=120234815266880030&selected_ad_ids=120234815266920030&date=2026-01-01_2026-06-12&insight_date=2026-01-01_2026-06-12&comparison_date=2026-01-01_2026-06-12,North Carolina Raleigh Mission,,414
120237287792570368,Forecasted Cost Per Baptism,Grow,https://business.facebook.com/adsmanager/manage/ads?act=1059444081122469&selected_campaign_ids=120237287691660368&selected_adset_ids=120237287692890368&selected_ad_ids=120237287792570368&date=2026-01-01_2026-06-12&insight_date=2026-01-01_2026-06-12&comparison_date=2026-01-01_2026-06-12,Utah Orem Mission,,3293.216205885
120237287792570368,Forecasted Baptisms,Grow,https://business.facebook.com/adsmanager/manage/ads?act=1059444081122469&selected_campaign_ids=120237287691660368&selected_adset_ids=120237287692890368&selected_ad_ids=120237287792570368&date=2026-01-01_2026-06-12&insight_date=2026-01-01_2026-06-12&comparison_date=2026-01-01_2026-06-12,Utah Orem Mission,,4.192158203
120237287792570368,Forecasted % Found Baptized,Grow,https://business.facebook.com/adsmanager/manage/ads?act=1059444081122469&selected_campaign_ids=120237287691660368&selected_adset_ids=120237287692890368&selected_ad_ids=120237287792570368&date=2026-01-01_2026-06-12&insight_date=2026-01-01_2026-06-12&comparison_date=2026-01-01_2026-06-12,Utah Orem Mission,,0.014259042
120237287792570368,% Found Baptized,Grow,https://business.facebook.com/adsmanager/manage/ads?act=1059444081122469&selected_campaign_ids=120237287691660368&selected_adset_ids=120237287692890368&selected_ad_ids=120237287792570368&date=2026-01-01_2026-06-12&insight_date=2026-01-01_2026-06-12&comparison_date=2026-01-01_2026-06-12,Utah Orem Mission,,0.030612245
120237287792570368,% Found Attending Sacrament,Grow,https://business.facebook.com/adsmanager/manage/ads?act=1059444081122469&selected_campaign_ids=120237287691660368&selected_adset_ids=120237287692890368&selected_ad_ids=120237287792570368&date=2026-01-01_2026-06-12&insight_date=2026-01-01_2026-06-12&comparison_date=2026-01-01_2026-06-12,Utah Orem Mission,,0.040816327
120237287792570368,People Baptized and Confirmed,Grow,https://business.facebook.com/adsmanager/manage/ads?act=1059444081122469&selected_campaign_ids=120237287691660368&selected_adset_ids=120237287692890368&selected_ad_ids=120237287792570368&date=2026-01-01_2026-06-12&insight_date=2026-01-01_2026-06-12&comparison_date=2026-01-01_2026-06-12,Utah Orem Mission,,9
120237287792570368,People Who Attended Sacrament,Grow,https://business.facebook.com/adsmanager/manage/ads?act=1059444081122469&selected_campaign_ids=120237287691660368&selected_adset_ids=120237287692890368&selected_ad_ids=120237287792570368&date=2026-01-01_2026-06-12&insight_date=2026-01-01_2026-06-12&comparison_date=2026-01-01_2026-06-12,Utah Orem Mission,,12
120237287792570368,New People Being Taught,Grow,https://business.facebook.com/adsmanager/manage/ads?act=1059444081122469&selected_campaign_ids=120237287691660368&selected_adset_ids=120237287692890368&selected_ad_ids=120237287792570368&date=2026-01-01_2026-06-12&insight_date=2026-01-01_2026-06-12&comparison_date=2026-01-01_2026-06-12,Utah Orem Mission,,82
120237287792570368,Cost Per Facebook Lead,Grow,https://business.facebook.com/adsmanager/manage/ads?act=1059444081122469&selected_campaign_ids=120237287691660368&selected_adset_ids=120237287692890368&selected_ad_ids=120237287792570368&date=2026-01-01_2026-06-12&insight_date=2026-01-01_2026-06-12&comparison_date=2026-01-01_2026-06-12,Utah Orem Mission,,28.319673159
120237287792570368,Ad Leads,Grow,https://business.facebook.com/adsmanager/manage/ads?act=1059444081122469&selected_campaign_ids=120237287691660368&selected_adset_ids=120237287692890368&selected_ad_ids=120237287792570368&date=2026-01-01_2026-06-12&insight_date=2026-01-01_2026-06-12&comparison_date=2026-01-01_2026-06-12,Utah Orem Mission,,487.494444444
120237287792570368,People Found,Grow,https://business.facebook.com/adsmanager/manage/ads?act=1059444081122469&selected_campaign_ids=120237287691660368&selected_adset_ids=120237287692890368&selected_ad_ids=120237287792570368&date=2026-01-01_2026-06-12&insight_date=2026-01-01_2026-06-12&comparison_date=2026-01-01_2026-06-12,Utah Orem Mission,,294
120245678852230295,Forecasted Cost Per Baptism,-,https://business.facebook.com/adsmanager/manage/ads?act=439329213748764&selected_campaign_ids=120245670944330295&selected_adset_ids=120245678834460295&selected_ad_ids=120245678852230295&date=2026-01-01_2026-06-12&insight_date=2026-01-01_2026-06-12&comparison_date=2026-01-01_2026-06-12,Wisconsin Milwaukee Mission,,3265.541860930
120245678852230295,Forecasted Baptisms,-,https://business.facebook.com/adsmanager/manage/ads?act=439329213748764&selected_campaign_ids=120245670944330295&selected_adset_ids=120245678834460295&selected_ad_ids=120245678852230295&date=2026-01-01_2026-06-12&insight_date=2026-01-01_2026-06-12&comparison_date=2026-01-01_2026-06-12,Wisconsin Milwaukee Mission,,0.483227613
120245678852230295,Forecasted % Found Baptized,-,https://business.facebook.com/adsmanager/manage/ads?act=439329213748764&selected_campaign_ids=120245670944330295&selected_adset_ids=120245678834460295&selected_ad_ids=120245678852230295&date=2026-01-01_2026-06-12&insight_date=2026-01-01_2026-06-12&comparison_date=2026-01-01_2026-06-12,Wisconsin Milwaukee Mission,,0.015100863
120245678852230295,% Found Baptized,-,https://business.facebook.com/adsmanager/manage/ads?act=439329213748764&selected_campaign_ids=120245670944330295&selected_adset_ids=120245678834460295&selected_ad_ids=120245678852230295&date=2026-01-01_2026-06-12&insight_date=2026-01-01_2026-06-12&comparison_date=2026-01-01_2026-06-12,Wisconsin Milwaukee Mission,,0
120245678852230295,% Found Attending Sacrament,-,https://business.facebook.com/adsmanager/manage/ads?act=439329213748764&selected_campaign_ids=120245670944330295&selected_adset_ids=120245678834460295&selected_ad_ids=120245678852230295&date=2026-01-01_2026-06-12&insight_date=2026-01-01_2026-06-12&comparison_date=2026-01-01_2026-06-12,Wisconsin Milwaukee Mission,,0.15625
120245678852230295,People Baptized and Confirmed,-,https://business.facebook.com/adsmanager/manage/ads?act=439329213748764&selected_campaign_ids=120245670944330295&selected_adset_ids=120245678834460295&selected_ad_ids=120245678852230295&date=2026-01-01_2026-06-12&insight_date=2026-01-01_2026-06-12&comparison_date=2026-01-01_2026-06-12,Wisconsin Milwaukee Mission,,0
120245678852230295,People Who Attended Sacrament,-,https://business.facebook.com/adsmanager/manage/ads?act=439329213748764&selected_campaign_ids=120245670944330295&selected_adset_ids=120245678834460295&selected_ad_ids=120245678852230295&date=2026-01-01_2026-06-12&insight_date=2026-01-01_2026-06-12&comparison_date=2026-01-01_2026-06-12,Wisconsin Milwaukee Mission,,5
120245678852230295,New People Being Taught,-,https://business.facebook.com/adsmanager/manage/ads?act=439329213748764&selected_campaign_ids=120245670944330295&selected_adset_ids=120245678834460295&selected_ad_ids=120245678852230295&date=2026-01-01_2026-06-12&insight_date=2026-01-01_2026-06-12&comparison_date=2026-01-01_2026-06-12,Wisconsin Milwaukee Mission,,10
120245678852230295,Cost Per Facebook Lead,-,https://business.facebook.com/adsmanager/manage/ads?act=439329213748764&selected_campaign_ids=120245670944330295&selected_adset_ids=120245678834460295&selected_ad_ids=120245678852230295&date=2026-01-01_2026-06-12&insight_date=2026-01-01_2026-06-12&comparison_date=2026-01-01_2026-06-12,Wisconsin Milwaukee Mission,,47.818181818
120245678852230295,Ad Leads,-,https://business.facebook.com/adsmanager/manage/ads?act=439329213748764&selected_campaign_ids=120245670944330295&selected_adset_ids=120245678834460295&selected_ad_ids=120245678852230295&date=2026-01-01_2026-06-12&insight_date=2026-01-01_2026-06-12&comparison_date=2026-01-01_2026-06-12,Wisconsin Milwaukee Mission,,33
120245678852230295,People Found,-,https://business.facebook.com/adsmanager/manage/ads?act=439329213748764&selected_campaign_ids=120245670944330295&selected_adset_ids=120245678834460295&selected_ad_ids=120245678852230295&date=2026-01-01_2026-06-12&insight_date=2026-01-01_2026-06-12&comparison_date=2026-01-01_2026-06-12,Wisconsin Milwaukee Mission,,32
120249104912000360,Forecasted Cost Per Baptism,Grow,https://business.facebook.com/adsmanager/manage/ads?act=1566346430181695&selected_campaign_ids=120248919593990360&selected_adset_ids=120248919594000360&selected_ad_ids=120249104912000360&date=2026-01-01_2026-06-12&insight_date=2026-01-01_2026-06-12&comparison_date=2026-01-01_2026-06-12,Wisconsin Milwaukee Mission,,3264.706987267
120249104912000360,Forecasted Baptisms,Grow,https://business.facebook.com/adsmanager/manage/ads?act=1566346430181695&selected_campaign_ids=120248919593990360&selected_adset_ids=120248919594000360&selected_ad_ids=120249104912000360&date=2026-01-01_2026-06-12&insight_date=2026-01-01_2026-06-12&comparison_date=2026-01-01_2026-06-12,Wisconsin Milwaukee Mission,,0.515819645
120249104912000360,Forecasted % Found Baptized,Grow,https://business.facebook.com/adsmanager/manage/ads?act=1566346430181695&selected_campaign_ids=120248919593990360&selected_adset_ids=120248919594000360&selected_ad_ids=120249104912000360&date=2026-01-01_2026-06-12&insight_date=2026-01-01_2026-06-12&comparison_date=2026-01-01_2026-06-12,Wisconsin Milwaukee Mission,,0.010114111
120249104912000360,% Found Baptized,Grow,https://business.facebook.com/adsmanager/manage/ads?act=1566346430181695&selected_campaign_ids=120248919593990360&selected_adset_ids=120248919594000360&selected_ad_ids=120249104912000360&date=2026-01-01_2026-06-12&insight_date=2026-01-01_2026-06-12&comparison_date=2026-01-01_2026-06-12,Wisconsin Milwaukee Mission,,0
120249104912000360,% Found Attending Sacrament,Grow,https://business.facebook.com/adsmanager/manage/ads?act=1566346430181695&selected_campaign_ids=120248919593990360&selected_adset_ids=120248919594000360&selected_ad_ids=120249104912000360&date=2026-01-01_2026-06-12&insight_date=2026-01-01_2026-06-12&comparison_date=2026-01-01_2026-06-12,Wisconsin Milwaukee Mission,,0.058823529
120249104912000360,People Baptized and Confirmed,Grow,https://business.facebook.com/adsmanager/manage/ads?act=1566346430181695&selected_campaign_ids=120248919593990360&selected_adset_ids=120248919594000360&selected_ad_ids=120249104912000360&date=2026-01-01_2026-06-12&insight_date=2026-01-01_2026-06-12&comparison_date=2026-01-01_2026-06-12,Wisconsin Milwaukee Mission,,0
120249104912000360,People Who Attended Sacrament,Grow,https://business.facebook.com/adsmanager/manage/ads?act=1566346430181695&selected_campaign_ids=120248919593990360&selected_adset_ids=120248919594000360&selected_ad_ids=120249104912000360&date=2026-01-01_2026-06-12&insight_date=2026-01-01_2026-06-12&comparison_date=2026-01-01_2026-06-12,Wisconsin Milwaukee Mission,,3
120249104912000360,New People Being Taught,Grow,https://business.facebook.com/adsmanager/manage/ads?act=1566346430181695&selected_campaign_ids=120248919593990360&selected_adset_ids=120248919594000360&selected_ad_ids=120249104912000360&date=2026-01-01_2026-06-12&insight_date=2026-01-01_2026-06-12&comparison_date=2026-01-01_2026-06-12,Wisconsin Milwaukee Mission,,7
120249104912000360,Cost Per Facebook Lead,Grow,https://business.facebook.com/adsmanager/manage/ads?act=1566346430181695&selected_campaign_ids=120248919593990360&selected_adset_ids=120248919594000360&selected_ad_ids=120249104912000360&date=2026-01-01_2026-06-12&insight_date=2026-01-01_2026-06-12&comparison_date=2026-01-01_2026-06-12,Wisconsin Milwaukee Mission,,30.618181818
120249104912000360,Ad Leads,Grow,https://business.facebook.com/adsmanager/manage/ads?act=1566346430181695&selected_campaign_ids=120248919593990360&selected_adset_ids=120248919594000360&selected_ad_ids=120249104912000360&date=2026-01-01_2026-06-12&insight_date=2026-01-01_2026-06-12&comparison_date=2026-01-01_2026-06-12,Wisconsin Milwaukee Mission,,55
120249104912000360,People Found,Grow,https://business.facebook.com/adsmanager/manage/ads?act=1566346430181695&selected_campaign_ids=120248919593990360&selected_adset_ids=120248919594000360&selected_ad_ids=120249104912000360&date=2026-01-01_2026-06-12&insight_date=2026-01-01_2026-06-12&comparison_date=2026-01-01_2026-06-12,Wisconsin Milwaukee Mission,,51
120240958416580368,Forecasted Cost Per Baptism,Grow,https://business.facebook.com/adsmanager/manage/ads?act=1059444081122469&selected_campaign_ids=120240880736290368&selected_adset_ids=120240955390460368&selected_ad_ids=120240958416580368&date=2026-01-01_2026-06-12&insight_date=2026-01-01_2026-06-12&comparison_date=2026-01-01_2026-06-12,Utah Orem Mission,,3262.440131627
120240958416580368,Forecasted Baptisms,Grow,https://business.facebook.com/adsmanager/manage/ads?act=1059444081122469&selected_campaign_ids=120240880736290368&selected_adset_ids=120240955390460368&selected_ad_ids=120240958416580368&date=2026-01-01_2026-06-12&insight_date=2026-01-01_2026-06-12&comparison_date=2026-01-01_2026-06-12,Utah Orem Mission,,0.622540160
120240958416580368,Forecasted % Found Baptized,Grow,https://business.facebook.com/adsmanager/manage/ads?act=1059444081122469&selected_campaign_ids=120240880736290368&selected_adset_ids=120240955390460368&selected_ad_ids=120240958416580368&date=2026-01-01_2026-06-12&insight_date=2026-01-01_2026-06-12&comparison_date=2026-01-01_2026-06-12,Utah Orem Mission,,0.010733451
120240958416580368,% Found Baptized,Grow,https://business.facebook.com/adsmanager/manage/ads?act=1059444081122469&selected_campaign_ids=120240880736290368&selected_adset_ids=120240955390460368&selected_ad_ids=120240958416580368&date=2026-01-01_2026-06-12&insight_date=2026-01-01_2026-06-12&comparison_date=2026-01-01_2026-06-12,Utah Orem Mission,,0
120240958416580368,% Found Attending Sacrament,Grow,https://business.facebook.com/adsmanager/manage/ads?act=1059444081122469&selected_campaign_ids=120240880736290368&selected_adset_ids=120240955390460368&selected_ad_ids=120240958416580368&date=2026-01-01_2026-06-12&insight_date=2026-01-01_2026-06-12&comparison_date=2026-01-01_2026-06-12,Utah Orem Mission,,0.051724138
120240958416580368,People Baptized and Confirmed,Grow,https://business.facebook.com/adsmanager/manage/ads?act=1059444081122469&selected_campaign_ids=120240880736290368&selected_adset_ids=120240955390460368&selected_ad_ids=120240958416580368&date=2026-01-01_2026-06-12&insight_date=2026-01-01_2026-06-12&comparison_date=2026-01-01_2026-06-12,Utah Orem Mission,,0
120240958416580368,People Who Attended Sacrament,Grow,https://business.facebook.com/adsmanager/manage/ads?act=1059444081122469&selected_campaign_ids=120240880736290368&selected_adset_ids=120240955390460368&selected_ad_ids=120240958416580368&date=2026-01-01_2026-06-12&insight_date=2026-01-01_2026-06-12&comparison_date=2026-01-01_2026-06-12,Utah Orem Mission,,3
120240958416580368,New People Being Taught,Grow,https://business.facebook.com/adsmanager/manage/ads?act=1059444081122469&selected_campaign_ids=120240880736290368&selected_adset_ids=120240955390460368&selected_ad_ids=120240958416580368&date=2026-01-01_2026-06-12&insight_date=2026-01-01_2026-06-12&comparison_date=2026-01-01_2026-06-12,Utah Orem Mission,,13
120240958416580368,Cost Per Facebook Lead,Grow,https://business.facebook.com/adsmanager/manage/ads?act=1059444081122469&selected_campaign_ids=120240880736290368&selected_adset_ids=120240955390460368&selected_ad_ids=120240958416580368&date=2026-01-01_2026-06-12&insight_date=2026-01-01_2026-06-12&comparison_date=2026-01-01_2026-06-12,Utah Orem Mission,,28.605633803
120240958416580368,Ad Leads,Grow,https://business.facebook.com/adsmanager/manage/ads?act=1059444081122469&selected_campaign_ids=120240880736290368&selected_adset_ids=120240955390460368&selected_ad_ids=120240958416580368&date=2026-01-01_2026-06-12&insight_date=2026-01-01_2026-06-12&comparison_date=2026-01-01_2026-06-12,Utah Orem Mission,,71
120240958416580368,People Found,Grow,https://business.facebook.com/adsmanager/manage/ads?act=1059444081122469&selected_campaign_ids=120240880736290368&selected_adset_ids=120240955390460368&selected_ad_ids=120240958416580368&date=2026-01-01_2026-06-12&insight_date=2026-01-01_2026-06-12&comparison_date=2026-01-01_2026-06-12,Utah Orem Mission,,58
120240938629880708,Forecasted Cost Per Baptism,Grow,https://business.facebook.com/adsmanager/manage/ads?act=282246452801626&selected_campaign_ids=120240765489610708&selected_adset_ids=120240938582820708&selected_ad_ids=120240938629880708&date=2026-01-01_2026-06-12&insight_date=2026-01-01_2026-06-12&comparison_date=2026-01-01_2026-06-12,Texas Austin Mission,,3236.876693679
120240938629880708,Forecasted Baptisms,Grow,https://business.facebook.com/adsmanager/manage/ads?act=282246452801626&selected_campaign_ids=120240765489610708&selected_adset_ids=120240938582820708&selected_ad_ids=120240938629880708&date=2026-01-01_2026-06-12&insight_date=2026-01-01_2026-06-12&comparison_date=2026-01-01_2026-06-12,Texas Austin Mission,,3.082086306
120240938629880708,Forecasted % Found Baptized,Grow,https://business.facebook.com/adsmanager/manage/ads?act=282246452801626&selected_campaign_ids=120240765489610708&selected_adset_ids=120240938582820708&selected_ad_ids=120240938629880708&date=2026-01-01_2026-06-12&insight_date=2026-01-01_2026-06-12&comparison_date=2026-01-01_2026-06-12,Texas Austin Mission,,0.009064960
120240938629880708,% Found Baptized,Grow,https://business.facebook.com/adsmanager/manage/ads?act=282246452801626&selected_campaign_ids=120240765489610708&selected_adset_ids=120240938582820708&selected_ad_ids=120240938629880708&date=2026-01-01_2026-06-12&insight_date=2026-01-01_2026-06-12&comparison_date=2026-01-01_2026-06-12,Texas Austin Mission,,0.011764706
120240938629880708,% Found Attending Sacrament,Grow,https://business.facebook.com/adsmanager/manage/ads?act=282246452801626&selected_campaign_ids=120240765489610708&selected_adset_ids=120240938582820708&selected_ad_ids=120240938629880708&date=2026-01-01_2026-06-12&insight_date=2026-01-01_2026-06-12&comparison_date=2026-01-01_2026-06-12,Texas Austin Mission,,0.058823529
120240938629880708,People Baptized and Confirmed,Grow,https://business.facebook.com/adsmanager/manage/ads?act=282246452801626&selected_campaign_ids=120240765489610708&selected_adset_ids=120240938582820708&selected_ad_ids=120240938629880708&date=2026-01-01_2026-06-12&insight_date=2026-01-01_2026-06-12&comparison_date=2026-01-01_2026-06-12,Texas Austin Mission,,4
120240938629880708,People Who Attended Sacrament,Grow,https://business.facebook.com/adsmanager/manage/ads?act=282246452801626&selected_campaign_ids=120240765489610708&selected_adset_ids=120240938582820708&selected_ad_ids=120240938629880708&date=2026-01-01_2026-06-12&insight_date=2026-01-01_2026-06-12&comparison_date=2026-01-01_2026-06-12,Texas Austin Mission,,20
120240938629880708,New People Being Taught,Grow,https://business.facebook.com/adsmanager/manage/ads?act=282246452801626&selected_campaign_ids=120240765489610708&selected_adset_ids=120240938582820708&selected_ad_ids=120240938629880708&date=2026-01-01_2026-06-12&insight_date=2026-01-01_2026-06-12&comparison_date=2026-01-01_2026-06-12,Texas Austin Mission,,62
120240938629880708,Cost Per Facebook Lead,Grow,https://business.facebook.com/adsmanager/manage/ads?act=282246452801626&selected_campaign_ids=120240765489610708&selected_adset_ids=120240938582820708&selected_ad_ids=120240938629880708&date=2026-01-01_2026-06-12&insight_date=2026-01-01_2026-06-12&comparison_date=2026-01-01_2026-06-12,Texas Austin Mission,,28.288279773
120240938629880708,Ad Leads,Grow,https://business.facebook.com/adsmanager/manage/ads?act=282246452801626&selected_campaign_ids=120240765489610708&selected_adset_ids=120240938582820708&selected_ad_ids=120240938629880708&date=2026-01-01_2026-06-12&insight_date=2026-01-01_2026-06-12&comparison_date=2026-01-01_2026-06-12,Texas Austin Mission,,352.666666667
120240938629880708,People Found,Grow,https://business.facebook.com/adsmanager/manage/ads?act=282246452801626&selected_campaign_ids=120240765489610708&selected_adset_ids=120240938582820708&selected_ad_ids=120240938629880708&date=2026-01-01_2026-06-12&insight_date=2026-01-01_2026-06-12&comparison_date=2026-01-01_2026-06-12,Texas Austin Mission,,340
120237342841160727,Forecasted Cost Per Baptism,Grow,https://business.facebook.com/adsmanager/manage/ads?act=238929060375046&selected_campaign_ids=120237154130820727&selected_adset_ids=120237342817240727&selected_ad_ids=120237342841160727&date=2026-01-01_2026-06-12&insight_date=2026-01-01_2026-06-12&comparison_date=2026-01-01_2026-06-12,Nevada Reno Mission,,3199.425767092
120237342841160727,Forecasted Baptisms,Grow,https://business.facebook.com/adsmanager/manage/ads?act=238929060375046&selected_campaign_ids=120237154130820727&selected_adset_ids=120237342817240727&selected_ad_ids=120237342841160727&date=2026-01-01_2026-06-12&insight_date=2026-01-01_2026-06-12&comparison_date=2026-01-01_2026-06-12,Nevada Reno Mission,,0.589517246
120237342841160727,Forecasted % Found Baptized,Grow,https://business.facebook.com/adsmanager/manage/ads?act=238929060375046&selected_campaign_ids=120237154130820727&selected_adset_ids=120237342817240727&selected_ad_ids=120237342841160727&date=2026-01-01_2026-06-12&insight_date=2026-01-01_2026-06-12&comparison_date=2026-01-01_2026-06-12,Nevada Reno Mission,,0.010527094
120237342841160727,% Found Baptized,Grow,https://business.facebook.com/adsmanager/manage/ads?act=238929060375046&selected_campaign_ids=120237154130820727&selected_adset_ids=120237342817240727&selected_ad_ids=120237342841160727&date=2026-01-01_2026-06-12&insight_date=2026-01-01_2026-06-12&comparison_date=2026-01-01_2026-06-12,Nevada Reno Mission,,0
120237342841160727,% Found Attending Sacrament,Grow,https://business.facebook.com/adsmanager/manage/ads?act=238929060375046&selected_campaign_ids=120237154130820727&selected_adset_ids=120237342817240727&selected_ad_ids=120237342841160727&date=2026-01-01_2026-06-12&insight_date=2026-01-01_2026-06-12&comparison_date=2026-01-01_2026-06-12,Nevada Reno Mission,,0.053571429
120237342841160727,People Baptized and Confirmed,Grow,https://business.facebook.com/adsmanager/manage/ads?act=238929060375046&selected_campaign_ids=120237154130820727&selected_adset_ids=120237342817240727&selected_ad_ids=120237342841160727&date=2026-01-01_2026-06-12&insight_date=2026-01-01_2026-06-12&comparison_date=2026-01-01_2026-06-12,Nevada Reno Mission,,0
120237342841160727,People Who Attended Sacrament,Grow,https://business.facebook.com/adsmanager/manage/ads?act=238929060375046&selected_campaign_ids=120237154130820727&selected_adset_ids=120237342817240727&selected_ad_ids=120237342841160727&date=2026-01-01_2026-06-12&insight_date=2026-01-01_2026-06-12&comparison_date=2026-01-01_2026-06-12,Nevada Reno Mission,,3
120237342841160727,New People Being Taught,Grow,https://business.facebook.com/adsmanager/manage/ads?act=238929060375046&selected_campaign_ids=120237154130820727&selected_adset_ids=120237342817240727&selected_ad_ids=120237342841160727&date=2026-01-01_2026-06-12&insight_date=2026-01-01_2026-06-12&comparison_date=2026-01-01_2026-06-12,Nevada Reno Mission,,12
120237342841160727,Cost Per Facebook Lead,Grow,https://business.facebook.com/adsmanager/manage/ads?act=238929060375046&selected_campaign_ids=120237154130820727&selected_adset_ids=120237342817240727&selected_ad_ids=120237342841160727&date=2026-01-01_2026-06-12&insight_date=2026-01-01_2026-06-12&comparison_date=2026-01-01_2026-06-12,Nevada Reno Mission,,28.606420627
120237342841160727,Ad Leads,Grow,https://business.facebook.com/adsmanager/manage/ads?act=238929060375046&selected_campaign_ids=120237154130820727&selected_adset_ids=120237342817240727&selected_ad_ids=120237342841160727&date=2026-01-01_2026-06-12&insight_date=2026-01-01_2026-06-12&comparison_date=2026-01-01_2026-06-12,Nevada Reno Mission,,65.933333333
120237342841160727,People Found,Grow,https://business.facebook.com/adsmanager/manage/ads?act=238929060375046&selected_campaign_ids=120237154130820727&selected_adset_ids=120237342817240727&selected_ad_ids=120237342841160727&date=2026-01-01_2026-06-12&insight_date=2026-01-01_2026-06-12&comparison_date=2026-01-01_2026-06-12,Nevada Reno Mission,,56
120260713057690555,Forecasted Cost Per Baptism,Grow,https://business.facebook.com/adsmanager/manage/ads?act=284299962222101&selected_campaign_ids=120260712917550555&selected_adset_ids=120260712920140555&selected_ad_ids=120260713057690555&date=2026-01-01_2026-06-12&insight_date=2026-01-01_2026-06-12&comparison_date=2026-01-01_2026-06-12,Tennessee Nashville Mission,,3096.009384538
120260713057690555,Forecasted Baptisms,Grow,https://business.facebook.com/adsmanager/manage/ads?act=284299962222101&selected_campaign_ids=120260712917550555&selected_adset_ids=120260712920140555&selected_ad_ids=120260713057690555&date=2026-01-01_2026-06-12&insight_date=2026-01-01_2026-06-12&comparison_date=2026-01-01_2026-06-12,Tennessee Nashville Mission,,1.553757954
120260713057690555,Forecasted % Found Baptized,Grow,https://business.facebook.com/adsmanager/manage/ads?act=284299962222101&selected_campaign_ids=120260712917550555&selected_adset_ids=120260712920140555&selected_ad_ids=120260713057690555&date=2026-01-01_2026-06-12&insight_date=2026-01-01_2026-06-12&comparison_date=2026-01-01_2026-06-12,Tennessee Nashville Mission,,0.012632178
120260713057690555,% Found Baptized,Grow,https://business.facebook.com/adsmanager/manage/ads?act=284299962222101&selected_campaign_ids=120260712917550555&selected_adset_ids=120260712920140555&selected_ad_ids=120260713057690555&date=2026-01-01_2026-06-12&insight_date=2026-01-01_2026-06-12&comparison_date=2026-01-01_2026-06-12,Tennessee Nashville Mission,,0.008130081
120260713057690555,% Found Attending Sacrament,Grow,https://business.facebook.com/adsmanager/manage/ads?act=284299962222101&selected_campaign_ids=120260712917550555&selected_adset_ids=120260712920140555&selected_ad_ids=120260713057690555&date=2026-01-01_2026-06-12&insight_date=2026-01-01_2026-06-12&comparison_date=2026-01-01_2026-06-12,Tennessee Nashville Mission,,0.073170732
120260713057690555,People Baptized and Confirmed,Grow,https://business.facebook.com/adsmanager/manage/ads?act=284299962222101&selected_campaign_ids=120260712917550555&selected_adset_ids=120260712920140555&selected_ad_ids=120260713057690555&date=2026-01-01_2026-06-12&insight_date=2026-01-01_2026-06-12&comparison_date=2026-01-01_2026-06-12,Tennessee Nashville Mission,,1
120260713057690555,People Who Attended Sacrament,Grow,https://business.facebook.com/adsmanager/manage/ads?act=284299962222101&selected_campaign_ids=120260712917550555&selected_adset_ids=120260712920140555&selected_ad_ids=120260713057690555&date=2026-01-01_2026-06-12&insight_date=2026-01-01_2026-06-12&comparison_date=2026-01-01_2026-06-12,Tennessee Nashville Mission,,9
120260713057690555,New People Being Taught,Grow,https://business.facebook.com/adsmanager/manage/ads?act=284299962222101&selected_campaign_ids=120260712917550555&selected_adset_ids=120260712920140555&selected_ad_ids=120260713057690555&date=2026-01-01_2026-06-12&insight_date=2026-01-01_2026-06-12&comparison_date=2026-01-01_2026-06-12,Tennessee Nashville Mission,,51
120260713057690555,Cost Per Facebook Lead,Grow,https://business.facebook.com/adsmanager/manage/ads?act=284299962222101&selected_campaign_ids=120260712917550555&selected_adset_ids=120260712920140555&selected_ad_ids=120260713057690555&date=2026-01-01_2026-06-12&insight_date=2026-01-01_2026-06-12&comparison_date=2026-01-01_2026-06-12,Tennessee Nashville Mission,,31.450143470
120260713057690555,Ad Leads,Grow,https://business.facebook.com/adsmanager/manage/ads?act=284299962222101&selected_campaign_ids=120260712917550555&selected_adset_ids=120260712920140555&selected_ad_ids=120260713057690555&date=2026-01-01_2026-06-12&insight_date=2026-01-01_2026-06-12&comparison_date=2026-01-01_2026-06-12,Tennessee Nashville Mission,,152.954761905
120260713057690555,People Found,Grow,https://business.facebook.com/adsmanager/manage/ads?act=284299962222101&selected_campaign_ids=120260712917550555&selected_adset_ids=120260712920140555&selected_ad_ids=120260713057690555&date=2026-01-01_2026-06-12&insight_date=2026-01-01_2026-06-12&comparison_date=2026-01-01_2026-06-12,Tennessee Nashville Mission,,123
120244256783160700,Forecasted Cost Per Baptism,Grow,https://business.facebook.com/adsmanager/manage/ads?act=239288150469483&selected_campaign_ids=120244255890770700&selected_adset_ids=120244255890750700&selected_ad_ids=120244256783160700&date=2026-01-01_2026-06-12&insight_date=2026-01-01_2026-06-12&comparison_date=2026-01-01_2026-06-12,Tennessee Nashville Mission,,3084.954698678
120244256783160700,Forecasted Baptisms,Grow,https://business.facebook.com/adsmanager/manage/ads?act=239288150469483&selected_campaign_ids=120244255890770700&selected_adset_ids=120244255890750700&selected_ad_ids=120244256783160700&date=2026-01-01_2026-06-12&insight_date=2026-01-01_2026-06-12&comparison_date=2026-01-01_2026-06-12,Tennessee Nashville Mission,,0.497035160
120244256783160700,Forecasted % Found Baptized,Grow,https://business.facebook.com/adsmanager/manage/ads?act=239288150469483&selected_campaign_ids=120244255890770700&selected_adset_ids=120244255890750700&selected_ad_ids=120244256783160700&date=2026-01-01_2026-06-12&insight_date=2026-01-01_2026-06-12&comparison_date=2026-01-01_2026-06-12,Tennessee Nashville Mission,,0.009204355
120244256783160700,% Found Baptized,Grow,https://business.facebook.com/adsmanager/manage/ads?act=239288150469483&selected_campaign_ids=120244255890770700&selected_adset_ids=120244255890750700&selected_ad_ids=120244256783160700&date=2026-01-01_2026-06-12&insight_date=2026-01-01_2026-06-12&comparison_date=2026-01-01_2026-06-12,Tennessee Nashville Mission,,0.018518519
120244256783160700,% Found Attending Sacrament,Grow,https://business.facebook.com/adsmanager/manage/ads?act=239288150469483&selected_campaign_ids=120244255890770700&selected_adset_ids=120244255890750700&selected_ad_ids=120244256783160700&date=2026-01-01_2026-06-12&insight_date=2026-01-01_2026-06-12&comparison_date=2026-01-01_2026-06-12,Tennessee Nashville Mission,,0.111111111
120244256783160700,People Baptized and Confirmed,Grow,https://business.facebook.com/adsmanager/manage/ads?act=239288150469483&selected_campaign_ids=120244255890770700&selected_adset_ids=120244255890750700&selected_ad_ids=120244256783160700&date=2026-01-01_2026-06-12&insight_date=2026-01-01_2026-06-12&comparison_date=2026-01-01_2026-06-12,Tennessee Nashville Mission,,1
120244256783160700,People Who Attended Sacrament,Grow,https://business.facebook.com/adsmanager/manage/ads?act=239288150469483&selected_campaign_ids=120244255890770700&selected_adset_ids=120244255890750700&selected_ad_ids=120244256783160700&date=2026-01-01_2026-06-12&insight_date=2026-01-01_2026-06-12&comparison_date=2026-01-01_2026-06-12,Tennessee Nashville Mission,,6
120244256783160700,New People Being Taught,Grow,https://business.facebook.com/adsmanager/manage/ads?act=239288150469483&selected_campaign_ids=120244255890770700&selected_adset_ids=120244255890750700&selected_ad_ids=120244256783160700&date=2026-01-01_2026-06-12&insight_date=2026-01-01_2026-06-12&comparison_date=2026-01-01_2026-06-12,Tennessee Nashville Mission,,15
120244256783160700,Cost Per Facebook Lead,Grow,https://business.facebook.com/adsmanager/manage/ads?act=239288150469483&selected_campaign_ids=120244255890770700&selected_adset_ids=120244255890750700&selected_ad_ids=120244256783160700&date=2026-01-01_2026-06-12&insight_date=2026-01-01_2026-06-12&comparison_date=2026-01-01_2026-06-12,Tennessee Nashville Mission,,28.771791091
120244256783160700,Ad Leads,Grow,https://business.facebook.com/adsmanager/manage/ads?act=239288150469483&selected_campaign_ids=120244255890770700&selected_adset_ids=120244255890750700&selected_ad_ids=120244256783160700&date=2026-01-01_2026-06-12&insight_date=2026-01-01_2026-06-12&comparison_date=2026-01-01_2026-06-12,Tennessee Nashville Mission,,53.292857143
120244256783160700,People Found,Grow,https://business.facebook.com/adsmanager/manage/ads?act=239288150469483&selected_campaign_ids=120244255890770700&selected_adset_ids=120244255890750700&selected_ad_ids=120244256783160700&date=2026-01-01_2026-06-12&insight_date=2026-01-01_2026-06-12&comparison_date=2026-01-01_2026-06-12,Tennessee Nashville Mission,,54
120237979398660727,Forecasted Cost Per Baptism,Grow,https://business.facebook.com/adsmanager/manage/ads?act=238929060375046&selected_campaign_ids=120237974899660727&selected_adset_ids=120237978307110727&selected_ad_ids=120237979398660727&date=2026-01-01_2026-06-12&insight_date=2026-01-01_2026-06-12&comparison_date=2026-01-01_2026-06-12,Nevada Reno Mission,,3034.248154622
120237979398660727,Forecasted Baptisms,Grow,https://business.facebook.com/adsmanager/manage/ads?act=238929060375046&selected_campaign_ids=120237974899660727&selected_adset_ids=120237978307110727&selected_ad_ids=120237979398660727&date=2026-01-01_2026-06-12&insight_date=2026-01-01_2026-06-12&comparison_date=2026-01-01_2026-06-12,Nevada Reno Mission,,0.444591191
120237979398660727,Forecasted % Found Baptized,Grow,https://business.facebook.com/adsmanager/manage/ads?act=238929060375046&selected_campaign_ids=120237974899660727&selected_adset_ids=120237978307110727&selected_ad_ids=120237979398660727&date=2026-01-01_2026-06-12&insight_date=2026-01-01_2026-06-12&comparison_date=2026-01-01_2026-06-12,Nevada Reno Mission,,0.011399774
120237979398660727,% Found Baptized,Grow,https://business.facebook.com/adsmanager/manage/ads?act=238929060375046&selected_campaign_ids=120237974899660727&selected_adset_ids=120237978307110727&selected_ad_ids=120237979398660727&date=2026-01-01_2026-06-12&insight_date=2026-01-01_2026-06-12&comparison_date=2026-01-01_2026-06-12,Nevada Reno Mission,,0
120237979398660727,% Found Attending Sacrament,Grow,https://business.facebook.com/adsmanager/manage/ads?act=238929060375046&selected_campaign_ids=120237974899660727&selected_adset_ids=120237978307110727&selected_ad_ids=120237979398660727&date=2026-01-01_2026-06-12&insight_date=2026-01-01_2026-06-12&comparison_date=2026-01-01_2026-06-12,Nevada Reno Mission,,0.076923077
120237979398660727,People Baptized and Confirmed,Grow,https://business.facebook.com/adsmanager/manage/ads?act=238929060375046&selected_campaign_ids=120237974899660727&selected_adset_ids=120237978307110727&selected_ad_ids=120237979398660727&date=2026-01-01_2026-06-12&insight_date=2026-01-01_2026-06-12&comparison_date=2026-01-01_2026-06-12,Nevada Reno Mission,,0
120237979398660727,People Who Attended Sacrament,Grow,https://business.facebook.com/adsmanager/manage/ads?act=238929060375046&selected_campaign_ids=120237974899660727&selected_adset_ids=120237978307110727&selected_ad_ids=120237979398660727&date=2026-01-01_2026-06-12&insight_date=2026-01-01_2026-06-12&comparison_date=2026-01-01_2026-06-12,Nevada Reno Mission,,3
120237979398660727,New People Being Taught,Grow,https://business.facebook.com/adsmanager/manage/ads?act=238929060375046&selected_campaign_ids=120237974899660727&selected_adset_ids=120237978307110727&selected_ad_ids=120237979398660727&date=2026-01-01_2026-06-12&insight_date=2026-01-01_2026-06-12&comparison_date=2026-01-01_2026-06-12,Nevada Reno Mission,,13
120237979398660727,Cost Per Facebook Lead,Grow,https://business.facebook.com/adsmanager/manage/ads?act=238929060375046&selected_campaign_ids=120237974899660727&selected_adset_ids=120237978307110727&selected_ad_ids=120237979398660727&date=2026-01-01_2026-06-12&insight_date=2026-01-01_2026-06-12&comparison_date=2026-01-01_2026-06-12,Nevada Reno Mission,,31.372093023
120237979398660727,Ad Leads,Grow,https://business.facebook.com/adsmanager/manage/ads?act=238929060375046&selected_campaign_ids=120237974899660727&selected_adset_ids=120237978307110727&selected_ad_ids=120237979398660727&date=2026-01-01_2026-06-12&insight_date=2026-01-01_2026-06-12&comparison_date=2026-01-01_2026-06-12,Nevada Reno Mission,,43
120237979398660727,People Found,Grow,https://business.facebook.com/adsmanager/manage/ads?act=238929060375046&selected_campaign_ids=120237974899660727&selected_adset_ids=120237978307110727&selected_ad_ids=120237979398660727&date=2026-01-01_2026-06-12&insight_date=2026-01-01_2026-06-12&comparison_date=2026-01-01_2026-06-12,Nevada Reno Mission,,39
120235784874950727,Forecasted Cost Per Baptism,Grow,https://business.facebook.com/adsmanager/manage/ads?act=238929060375046&selected_campaign_ids=120235784000030727&selected_adset_ids=120235784859800727&selected_ad_ids=120235784874950727&date=2026-01-01_2026-06-12&insight_date=2026-01-01_2026-06-12&comparison_date=2026-01-01_2026-06-12,Nevada Reno Mission,,3007.080627099
120235784874950727,Forecasted Baptisms,Grow,https://business.facebook.com/adsmanager/manage/ads?act=238929060375046&selected_campaign_ids=120235784000030727&selected_adset_ids=120235784859800727&selected_ad_ids=120235784874950727&date=2026-01-01_2026-06-12&insight_date=2026-01-01_2026-06-12&comparison_date=2026-01-01_2026-06-12,Nevada Reno Mission,,1.506777025
120235784874950727,Forecasted % Found Baptized,Grow,https://business.facebook.com/adsmanager/manage/ads?act=238929060375046&selected_campaign_ids=120235784000030727&selected_adset_ids=120235784859800727&selected_ad_ids=120235784874950727&date=2026-01-01_2026-06-12&insight_date=2026-01-01_2026-06-12&comparison_date=2026-01-01_2026-06-12,Nevada Reno Mission,,0.010998372
120235784874950727,% Found Baptized,Grow,https://business.facebook.com/adsmanager/manage/ads?act=238929060375046&selected_campaign_ids=120235784000030727&selected_adset_ids=120235784859800727&selected_ad_ids=120235784874950727&date=2026-01-01_2026-06-12&insight_date=2026-01-01_2026-06-12&comparison_date=2026-01-01_2026-06-12,Nevada Reno Mission,,0.007299270
120235784874950727,% Found Attending Sacrament,Grow,https://business.facebook.com/adsmanager/manage/ads?act=238929060375046&selected_campaign_ids=120235784000030727&selected_adset_ids=120235784859800727&selected_ad_ids=120235784874950727&date=2026-01-01_2026-06-12&insight_date=2026-01-01_2026-06-12&comparison_date=2026-01-01_2026-06-12,Nevada Reno Mission,,0.072992701
120235784874950727,People Baptized and Confirmed,Grow,https://business.facebook.com/adsmanager/manage/ads?act=238929060375046&selected_campaign_ids=120235784000030727&selected_adset_ids=120235784859800727&selected_ad_ids=120235784874950727&date=2026-01-01_2026-06-12&insight_date=2026-01-01_2026-06-12&comparison_date=2026-01-01_2026-06-12,Nevada Reno Mission,,1
120235784874950727,People Who Attended Sacrament,Grow,https://business.facebook.com/adsmanager/manage/ads?act=238929060375046&selected_campaign_ids=120235784000030727&selected_adset_ids=120235784859800727&selected_ad_ids=120235784874950727&date=2026-01-01_2026-06-12&insight_date=2026-01-01_2026-06-12&comparison_date=2026-01-01_2026-06-12,Nevada Reno Mission,,10
120235784874950727,New People Being Taught,Grow,https://business.facebook.com/adsmanager/manage/ads?act=238929060375046&selected_campaign_ids=120235784000030727&selected_adset_ids=120235784859800727&selected_ad_ids=120235784874950727&date=2026-01-01_2026-06-12&insight_date=2026-01-01_2026-06-12&comparison_date=2026-01-01_2026-06-12,Nevada Reno Mission,,28
120235784874950727,Cost Per Facebook Lead,Grow,https://business.facebook.com/adsmanager/manage/ads?act=238929060375046&selected_campaign_ids=120235784000030727&selected_adset_ids=120235784859800727&selected_ad_ids=120235784874950727&date=2026-01-01_2026-06-12&insight_date=2026-01-01_2026-06-12&comparison_date=2026-01-01_2026-06-12,Nevada Reno Mission,,28.344057194
120235784874950727,Ad Leads,Grow,https://business.facebook.com/adsmanager/manage/ads?act=238929060375046&selected_campaign_ids=120235784000030727&selected_adset_ids=120235784859800727&selected_ad_ids=120235784874950727&date=2026-01-01_2026-06-12&insight_date=2026-01-01_2026-06-12&comparison_date=2026-01-01_2026-06-12,Nevada Reno Mission,,159.857142857
120235784874950727,People Found,Grow,https://business.facebook.com/adsmanager/manage/ads?act=238929060375046&selected_campaign_ids=120235784000030727&selected_adset_ids=120235784859800727&selected_ad_ids=120235784874950727&date=2026-01-01_2026-06-12&insight_date=2026-01-01_2026-06-12&comparison_date=2026-01-01_2026-06-12,Nevada Reno Mission,,137
120239955688280313,Forecasted Cost Per Baptism,Grow,https://business.facebook.com/adsmanager/manage/ads?act=930733667354652&selected_campaign_ids=120239955644420313&selected_adset_ids=120239955646210313&selected_ad_ids=120239955688280313&date=2026-01-01_2026-06-12&insight_date=2026-01-01_2026-06-12&comparison_date=2026-01-01_2026-06-12,Washington Everett Mission,,2999.859663026
120239955688280313,Forecasted Baptisms,Grow,https://business.facebook.com/adsmanager/manage/ads?act=930733667354652&selected_campaign_ids=120239955644420313&selected_adset_ids=120239955646210313&selected_ad_ids=120239955688280313&date=2026-01-01_2026-06-12&insight_date=2026-01-01_2026-06-12&comparison_date=2026-01-01_2026-06-12,Washington Everett Mission,,1.319556172
120239955688280313,Forecasted % Found Baptized,Grow,https://business.facebook.com/adsmanager/manage/ads?act=930733667354652&selected_campaign_ids=120239955644420313&selected_adset_ids=120239955646210313&selected_ad_ids=120239955688280313&date=2026-01-01_2026-06-12&insight_date=2026-01-01_2026-06-12&comparison_date=2026-01-01_2026-06-12,Washington Everett Mission,,0.019993275
120239955688280313,% Found Baptized,Grow,https://business.facebook.com/adsmanager/manage/ads?act=930733667354652&selected_campaign_ids=120239955644420313&selected_adset_ids=120239955646210313&selected_ad_ids=120239955688280313&date=2026-01-01_2026-06-12&insight_date=2026-01-01_2026-06-12&comparison_date=2026-01-01_2026-06-12,Washington Everett Mission,,0.015151515
120239955688280313,% Found Attending Sacrament,Grow,https://business.facebook.com/adsmanager/manage/ads?act=930733667354652&selected_campaign_ids=120239955644420313&selected_adset_ids=120239955646210313&selected_ad_ids=120239955688280313&date=2026-01-01_2026-06-12&insight_date=2026-01-01_2026-06-12&comparison_date=2026-01-01_2026-06-12,Washington Everett Mission,,0.045454545
120239955688280313,People Baptized and Confirmed,Grow,https://business.facebook.com/adsmanager/manage/ads?act=930733667354652&selected_campaign_ids=120239955644420313&selected_adset_ids=120239955646210313&selected_ad_ids=120239955688280313&date=2026-01-01_2026-06-12&insight_date=2026-01-01_2026-06-12&comparison_date=2026-01-01_2026-06-12,Washington Everett Mission,,1
120239955688280313,People Who Attended Sacrament,Grow,https://business.facebook.com/adsmanager/manage/ads?act=930733667354652&selected_campaign_ids=120239955644420313&selected_adset_ids=120239955646210313&selected_ad_ids=120239955688280313&date=2026-01-01_2026-06-12&insight_date=2026-01-01_2026-06-12&comparison_date=2026-01-01_2026-06-12,Washington Everett Mission,,3
120239955688280313,New People Being Taught,Grow,https://business.facebook.com/adsmanager/manage/ads?act=930733667354652&selected_campaign_ids=120239955644420313&selected_adset_ids=120239955646210313&selected_ad_ids=120239955688280313&date=2026-01-01_2026-06-12&insight_date=2026-01-01_2026-06-12&comparison_date=2026-01-01_2026-06-12,Washington Everett Mission,,13
120239955688280313,Cost Per Facebook Lead,Grow,https://business.facebook.com/adsmanager/manage/ads?act=930733667354652&selected_campaign_ids=120239955644420313&selected_adset_ids=120239955646210313&selected_ad_ids=120239955688280313&date=2026-01-01_2026-06-12&insight_date=2026-01-01_2026-06-12&comparison_date=2026-01-01_2026-06-12,Washington Everett Mission,,25.513911269
120239955688280313,Ad Leads,Grow,https://business.facebook.com/adsmanager/manage/ads?act=930733667354652&selected_campaign_ids=120239955644420313&selected_adset_ids=120239955646210313&selected_ad_ids=120239955688280313&date=2026-01-01_2026-06-12&insight_date=2026-01-01_2026-06-12&comparison_date=2026-01-01_2026-06-12,Washington Everett Mission,,155.15
120239955688280313,People Found,Grow,https://business.facebook.com/adsmanager/manage/ads?act=930733667354652&selected_campaign_ids=120239955644420313&selected_adset_ids=120239955646210313&selected_ad_ids=120239955688280313&date=2026-01-01_2026-06-12&insight_date=2026-01-01_2026-06-12&comparison_date=2026-01-01_2026-06-12,Washington Everett Mission,,66
6928737853658,Forecasted Cost Per Baptism,Grow,https://business.facebook.com/adsmanager/manage/ads?act=59491887&selected_campaign_ids=6924724260458&selected_adset_ids=6928736524258&selected_ad_ids=6928737853658&date=2026-01-01_2026-06-12&insight_date=2026-01-01_2026-06-12&comparison_date=2026-01-01_2026-06-12,Tennessee Nashville Mission,,2984.684239462
6928737853658,Forecasted Baptisms,Grow,https://business.facebook.com/adsmanager/manage/ads?act=59491887&selected_campaign_ids=6924724260458&selected_adset_ids=6928736524258&selected_ad_ids=6928737853658&date=2026-01-01_2026-06-12&insight_date=2026-01-01_2026-06-12&comparison_date=2026-01-01_2026-06-12,Tennessee Nashville Mission,,0.421485122
6928737853658,Forecasted % Found Baptized,Grow,https://business.facebook.com/adsmanager/manage/ads?act=59491887&selected_campaign_ids=6924724260458&selected_adset_ids=6928736524258&selected_ad_ids=6928737853658&date=2026-01-01_2026-06-12&insight_date=2026-01-01_2026-06-12&comparison_date=2026-01-01_2026-06-12,Tennessee Nashville Mission,,0.011391490
6928737853658,% Found Baptized,Grow,https://business.facebook.com/adsmanager/manage/ads?act=59491887&selected_campaign_ids=6924724260458&selected_adset_ids=6928736524258&selected_ad_ids=6928737853658&date=2026-01-01_2026-06-12&insight_date=2026-01-01_2026-06-12&comparison_date=2026-01-01_2026-06-12,Tennessee Nashville Mission,,0
6928737853658,% Found Attending Sacrament,Grow,https://business.facebook.com/adsmanager/manage/ads?act=59491887&selected_campaign_ids=6924724260458&selected_adset_ids=6928736524258&selected_ad_ids=6928737853658&date=2026-01-01_2026-06-12&insight_date=2026-01-01_2026-06-12&comparison_date=2026-01-01_2026-06-12,Tennessee Nashville Mission,,0.162162162
6928737853658,People Baptized and Confirmed,Grow,https://business.facebook.com/adsmanager/manage/ads?act=59491887&selected_campaign_ids=6924724260458&selected_adset_ids=6928736524258&selected_ad_ids=6928737853658&date=2026-01-01_2026-06-12&insight_date=2026-01-01_2026-06-12&comparison_date=2026-01-01_2026-06-12,Tennessee Nashville Mission,,0
6928737853658,People Who Attended Sacrament,Grow,https://business.facebook.com/adsmanager/manage/ads?act=59491887&selected_campaign_ids=6924724260458&selected_adset_ids=6928736524258&selected_ad_ids=6928737853658&date=2026-01-01_2026-06-12&insight_date=2026-01-01_2026-06-12&comparison_date=2026-01-01_2026-06-12,Tennessee Nashville Mission,,6
6928737853658,New People Being Taught,Grow,https://business.facebook.com/adsmanager/manage/ads?act=59491887&selected_campaign_ids=6924724260458&selected_adset_ids=6928736524258&selected_ad_ids=6928737853658&date=2026-01-01_2026-06-12&insight_date=2026-01-01_2026-06-12&comparison_date=2026-01-01_2026-06-12,Tennessee Nashville Mission,,15
6928737853658,Cost Per Facebook Lead,Grow,https://business.facebook.com/adsmanager/manage/ads?act=59491887&selected_campaign_ids=6924724260458&selected_adset_ids=6928736524258&selected_ad_ids=6928737853658&date=2026-01-01_2026-06-12&insight_date=2026-01-01_2026-06-12&comparison_date=2026-01-01_2026-06-12,Tennessee Nashville Mission,,27.852398524
6928737853658,Ad Leads,Grow,https://business.facebook.com/adsmanager/manage/ads?act=59491887&selected_campaign_ids=6924724260458&selected_adset_ids=6928736524258&selected_ad_ids=6928737853658&date=2026-01-01_2026-06-12&insight_date=2026-01-01_2026-06-12&comparison_date=2026-01-01_2026-06-12,Tennessee Nashville Mission,,45.166666667
6928737853658,People Found,Grow,https://business.facebook.com/adsmanager/manage/ads?act=59491887&selected_campaign_ids=6924724260458&selected_adset_ids=6928736524258&selected_ad_ids=6928737853658&date=2026-01-01_2026-06-12&insight_date=2026-01-01_2026-06-12&comparison_date=2026-01-01_2026-06-12,Tennessee Nashville Mission,,37
120236869220870727,Forecasted Cost Per Baptism,Grow,https://business.facebook.com/adsmanager/manage/ads?act=238929060375046&selected_campaign_ids=120236831705160727&selected_adset_ids=120236832227540727&selected_ad_ids=120236869220870727&date=2026-01-01_2026-06-12&insight_date=2026-01-01_2026-06-12&comparison_date=2026-01-01_2026-06-12,Nevada Reno Mission,,2949.892373594
120236869220870727,Forecasted Baptisms,Grow,https://business.facebook.com/adsmanager/manage/ads?act=238929060375046&selected_campaign_ids=120236831705160727&selected_adset_ids=120236832227540727&selected_ad_ids=120236869220870727&date=2026-01-01_2026-06-12&insight_date=2026-01-01_2026-06-12&comparison_date=2026-01-01_2026-06-12,Nevada Reno Mission,,1.531958904
120236869220870727,Forecasted % Found Baptized,Grow,https://business.facebook.com/adsmanager/manage/ads?act=238929060375046&selected_campaign_ids=120236831705160727&selected_adset_ids=120236832227540727&selected_ad_ids=120236869220870727&date=2026-01-01_2026-06-12&insight_date=2026-01-01_2026-06-12&comparison_date=2026-01-01_2026-06-12,Nevada Reno Mission,,0.010788443
120236869220870727,% Found Baptized,Grow,https://business.facebook.com/adsmanager/manage/ads?act=238929060375046&selected_campaign_ids=120236831705160727&selected_adset_ids=120236832227540727&selected_ad_ids=120236869220870727&date=2026-01-01_2026-06-12&insight_date=2026-01-01_2026-06-12&comparison_date=2026-01-01_2026-06-12,Nevada Reno Mission,,0.014084507
120236869220870727,% Found Attending Sacrament,Grow,https://business.facebook.com/adsmanager/manage/ads?act=238929060375046&selected_campaign_ids=120236831705160727&selected_adset_ids=120236832227540727&selected_ad_ids=120236869220870727&date=2026-01-01_2026-06-12&insight_date=2026-01-01_2026-06-12&comparison_date=2026-01-01_2026-06-12,Nevada Reno Mission,,0.042253521
120236869220870727,People Baptized and Confirmed,Grow,https://business.facebook.com/adsmanager/manage/ads?act=238929060375046&selected_campaign_ids=120236831705160727&selected_adset_ids=120236832227540727&selected_ad_ids=120236869220870727&date=2026-01-01_2026-06-12&insight_date=2026-01-01_2026-06-12&comparison_date=2026-01-01_2026-06-12,Nevada Reno Mission,,2
120236869220870727,People Who Attended Sacrament,Grow,https://business.facebook.com/adsmanager/manage/ads?act=238929060375046&selected_campaign_ids=120236831705160727&selected_adset_ids=120236832227540727&selected_ad_ids=120236869220870727&date=2026-01-01_2026-06-12&insight_date=2026-01-01_2026-06-12&comparison_date=2026-01-01_2026-06-12,Nevada Reno Mission,,6
120236869220870727,New People Being Taught,Grow,https://business.facebook.com/adsmanager/manage/ads?act=238929060375046&selected_campaign_ids=120236831705160727&selected_adset_ids=120236832227540727&selected_ad_ids=120236869220870727&date=2026-01-01_2026-06-12&insight_date=2026-01-01_2026-06-12&comparison_date=2026-01-01_2026-06-12,Nevada Reno Mission,,33
120236869220870727,Cost Per Facebook Lead,Grow,https://business.facebook.com/adsmanager/manage/ads?act=238929060375046&selected_campaign_ids=120236831705160727&selected_adset_ids=120236832227540727&selected_ad_ids=120236869220870727&date=2026-01-01_2026-06-12&insight_date=2026-01-01_2026-06-12&comparison_date=2026-01-01_2026-06-12,Nevada Reno Mission,,29.624899847
120236869220870727,Ad Leads,Grow,https://business.facebook.com/adsmanager/manage/ads?act=238929060375046&selected_campaign_ids=120236831705160727&selected_adset_ids=120236832227540727&selected_ad_ids=120236869220870727&date=2026-01-01_2026-06-12&insight_date=2026-01-01_2026-06-12&comparison_date=2026-01-01_2026-06-12,Nevada Reno Mission,,152.544444444
120236869220870727,People Found,Grow,https://business.facebook.com/adsmanager/manage/ads?act=238929060375046&selected_campaign_ids=120236831705160727&selected_adset_ids=120236832227540727&selected_ad_ids=120236869220870727&date=2026-01-01_2026-06-12&insight_date=2026-01-01_2026-06-12&comparison_date=2026-01-01_2026-06-12,Nevada Reno Mission,,142
120238500460830760,Forecasted Cost Per Baptism,Grow,https://business.facebook.com/adsmanager/manage/ads?act=1366001053593379&selected_campaign_ids=120238500460700760&selected_adset_ids=120238500460900760&selected_ad_ids=120238500460830760&date=2026-01-01_2026-06-12&insight_date=2026-01-01_2026-06-12&comparison_date=2026-01-01_2026-06-12,Nebraska Omaha Mission,,2927.564392898
120238500460830760,Forecasted Baptisms,Grow,https://business.facebook.com/adsmanager/manage/ads?act=1366001053593379&selected_campaign_ids=120238500460700760&selected_adset_ids=120238500460900760&selected_ad_ids=120238500460830760&date=2026-01-01_2026-06-12&insight_date=2026-01-01_2026-06-12&comparison_date=2026-01-01_2026-06-12,Nebraska Omaha Mission,,1.815217687
120238500460830760,Forecasted % Found Baptized,Grow,https://business.facebook.com/adsmanager/manage/ads?act=1366001053593379&selected_campaign_ids=120238500460700760&selected_adset_ids=120238500460900760&selected_ad_ids=120238500460830760&date=2026-01-01_2026-06-12&insight_date=2026-01-01_2026-06-12&comparison_date=2026-01-01_2026-06-12,Nebraska Omaha Mission,,0.018908518
120238500460830760,% Found Baptized,Grow,https://business.facebook.com/adsmanager/manage/ads?act=1366001053593379&selected_campaign_ids=120238500460700760&selected_adset_ids=120238500460900760&selected_ad_ids=120238500460830760&date=2026-01-01_2026-06-12&insight_date=2026-01-01_2026-06-12&comparison_date=2026-01-01_2026-06-12,Nebraska Omaha Mission,,0.010416667
120238500460830760,% Found Attending Sacrament,Grow,https://business.facebook.com/adsmanager/manage/ads?act=1366001053593379&selected_campaign_ids=120238500460700760&selected_adset_ids=120238500460900760&selected_ad_ids=120238500460830760&date=2026-01-01_2026-06-12&insight_date=2026-01-01_2026-06-12&comparison_date=2026-01-01_2026-06-12,Nebraska Omaha Mission,,0.0625
120238500460830760,People Baptized and Confirmed,Grow,https://business.facebook.com/adsmanager/manage/ads?act=1366001053593379&selected_campaign_ids=120238500460700760&selected_adset_ids=120238500460900760&selected_ad_ids=120238500460830760&date=2026-01-01_2026-06-12&insight_date=2026-01-01_2026-06-12&comparison_date=2026-01-01_2026-06-12,Nebraska Omaha Mission,,1
120238500460830760,People Who Attended Sacrament,Grow,https://business.facebook.com/adsmanager/manage/ads?act=1366001053593379&selected_campaign_ids=120238500460700760&selected_adset_ids=120238500460900760&selected_ad_ids=120238500460830760&date=2026-01-01_2026-06-12&insight_date=2026-01-01_2026-06-12&comparison_date=2026-01-01_2026-06-12,Nebraska Omaha Mission,,6
120238500460830760,New People Being Taught,Grow,https://business.facebook.com/adsmanager/manage/ads?act=1366001053593379&selected_campaign_ids=120238500460700760&selected_adset_ids=120238500460900760&selected_ad_ids=120238500460830760&date=2026-01-01_2026-06-12&insight_date=2026-01-01_2026-06-12&comparison_date=2026-01-01_2026-06-12,Nebraska Omaha Mission,,25
120238500460830760,Cost Per Facebook Lead,Grow,https://business.facebook.com/adsmanager/manage/ads?act=1366001053593379&selected_campaign_ids=120238500460700760&selected_adset_ids=120238500460900760&selected_ad_ids=120238500460830760&date=2026-01-01_2026-06-12&insight_date=2026-01-01_2026-06-12&comparison_date=2026-01-01_2026-06-12,Nebraska Omaha Mission,,39.707347447
120238500460830760,Ad Leads,Grow,https://business.facebook.com/adsmanager/manage/ads?act=1366001053593379&selected_campaign_ids=120238500460700760&selected_adset_ids=120238500460900760&selected_ad_ids=120238500460830760&date=2026-01-01_2026-06-12&insight_date=2026-01-01_2026-06-12&comparison_date=2026-01-01_2026-06-12,Nebraska Omaha Mission,,133.833333333
120238500460830760,People Found,Grow,https://business.facebook.com/adsmanager/manage/ads?act=1366001053593379&selected_campaign_ids=120238500460700760&selected_adset_ids=120238500460900760&selected_ad_ids=120238500460830760&date=2026-01-01_2026-06-12&insight_date=2026-01-01_2026-06-12&comparison_date=2026-01-01_2026-06-12,Nebraska Omaha Mission,,96
120240212376230700,Forecasted Cost Per Baptism,Grow,https://business.facebook.com/adsmanager/manage/ads?act=239288150469483&selected_campaign_ids=120240212376100700&selected_adset_ids=120240212376090700&selected_ad_ids=120240212376230700&date=2026-01-01_2026-06-12&insight_date=2026-01-01_2026-06-12&comparison_date=2026-01-01_2026-06-12,Tennessee Nashville Mission,,2904.789477055
120240212376230700,Forecasted Baptisms,Grow,https://business.facebook.com/adsmanager/manage/ads?act=239288150469483&selected_campaign_ids=120240212376100700&selected_adset_ids=120240212376090700&selected_ad_ids=120240212376230700&date=2026-01-01_2026-06-12&insight_date=2026-01-01_2026-06-12&comparison_date=2026-01-01_2026-06-12,Tennessee Nashville Mission,,3.393103038
120240212376230700,Forecasted % Found Baptized,Grow,https://business.facebook.com/adsmanager/manage/ads?act=239288150469483&selected_campaign_ids=120240212376100700&selected_adset_ids=120240212376090700&selected_ad_ids=120240212376230700&date=2026-01-01_2026-06-12&insight_date=2026-01-01_2026-06-12&comparison_date=2026-01-01_2026-06-12,Tennessee Nashville Mission,,0.012338557
120240212376230700,% Found Baptized,Grow,https://business.facebook.com/adsmanager/manage/ads?act=239288150469483&selected_campaign_ids=120240212376100700&selected_adset_ids=120240212376090700&selected_ad_ids=120240212376230700&date=2026-01-01_2026-06-12&insight_date=2026-01-01_2026-06-12&comparison_date=2026-01-01_2026-06-12,Tennessee Nashville Mission,,0.010909091
120240212376230700,% Found Attending Sacrament,Grow,https://business.facebook.com/adsmanager/manage/ads?act=239288150469483&selected_campaign_ids=120240212376100700&selected_adset_ids=120240212376090700&selected_ad_ids=120240212376230700&date=2026-01-01_2026-06-12&insight_date=2026-01-01_2026-06-12&comparison_date=2026-01-01_2026-06-12,Tennessee Nashville Mission,,0.061818182
120240212376230700,People Baptized and Confirmed,Grow,https://business.facebook.com/adsmanager/manage/ads?act=239288150469483&selected_campaign_ids=120240212376100700&selected_adset_ids=120240212376090700&selected_ad_ids=120240212376230700&date=2026-01-01_2026-06-12&insight_date=2026-01-01_2026-06-12&comparison_date=2026-01-01_2026-06-12,Tennessee Nashville Mission,,3
120240212376230700,People Who Attended Sacrament,Grow,https://business.facebook.com/adsmanager/manage/ads?act=239288150469483&selected_campaign_ids=120240212376100700&selected_adset_ids=120240212376090700&selected_ad_ids=120240212376230700&date=2026-01-01_2026-06-12&insight_date=2026-01-01_2026-06-12&comparison_date=2026-01-01_2026-06-12,Tennessee Nashville Mission,,17
120240212376230700,New People Being Taught,Grow,https://business.facebook.com/adsmanager/manage/ads?act=239288150469483&selected_campaign_ids=120240212376100700&selected_adset_ids=120240212376090700&selected_ad_ids=120240212376230700&date=2026-01-01_2026-06-12&insight_date=2026-01-01_2026-06-12&comparison_date=2026-01-01_2026-06-12,Tennessee Nashville Mission,,83
120240212376230700,Cost Per Facebook Lead,Grow,https://business.facebook.com/adsmanager/manage/ads?act=239288150469483&selected_campaign_ids=120240212376100700&selected_adset_ids=120240212376090700&selected_ad_ids=120240212376230700&date=2026-01-01_2026-06-12&insight_date=2026-01-01_2026-06-12&comparison_date=2026-01-01_2026-06-12,Tennessee Nashville Mission,,24.717868339
120240212376230700,Ad Leads,Grow,https://business.facebook.com/adsmanager/manage/ads?act=239288150469483&selected_campaign_ids=120240212376100700&selected_adset_ids=120240212376090700&selected_ad_ids=120240212376230700&date=2026-01-01_2026-06-12&insight_date=2026-01-01_2026-06-12&comparison_date=2026-01-01_2026-06-12,Tennessee Nashville Mission,,398.75
120240212376230700,People Found,Grow,https://business.facebook.com/adsmanager/manage/ads?act=239288150469483&selected_campaign_ids=120240212376100700&selected_adset_ids=120240212376090700&selected_ad_ids=120240212376230700&date=2026-01-01_2026-06-12&insight_date=2026-01-01_2026-06-12&comparison_date=2026-01-01_2026-06-12,Tennessee Nashville Mission,,275
120241438738060524,Forecasted Cost Per Baptism,Grow,https://business.facebook.com/adsmanager/manage/ads?act=2683631865285420&selected_campaign_ids=120241364733460524&selected_adset_ids=120241364733470524&selected_ad_ids=120241438738060524&date=2026-01-01_2026-06-12&insight_date=2026-01-01_2026-06-12&comparison_date=2026-01-01_2026-06-12,Washington DC South Mission,,2854.389768632
120241438738060524,Forecasted Baptisms,Grow,https://business.facebook.com/adsmanager/manage/ads?act=2683631865285420&selected_campaign_ids=120241364733460524&selected_adset_ids=120241364733470524&selected_ad_ids=120241438738060524&date=2026-01-01_2026-06-12&insight_date=2026-01-01_2026-06-12&comparison_date=2026-01-01_2026-06-12,Washington DC South Mission,,0.723408173
120241438738060524,Forecasted % Found Baptized,Grow,https://business.facebook.com/adsmanager/manage/ads?act=2683631865285420&selected_campaign_ids=120241364733460524&selected_adset_ids=120241364733470524&selected_ad_ids=120241438738060524&date=2026-01-01_2026-06-12&insight_date=2026-01-01_2026-06-12&comparison_date=2026-01-01_2026-06-12,Washington DC South Mission,,0.011482669
120241438738060524,% Found Baptized,Grow,https://business.facebook.com/adsmanager/manage/ads?act=2683631865285420&selected_campaign_ids=120241364733460524&selected_adset_ids=120241364733470524&selected_ad_ids=120241438738060524&date=2026-01-01_2026-06-12&insight_date=2026-01-01_2026-06-12&comparison_date=2026-01-01_2026-06-12,Washington DC South Mission,,0
120241438738060524,% Found Attending Sacrament,Grow,https://business.facebook.com/adsmanager/manage/ads?act=2683631865285420&selected_campaign_ids=120241364733460524&selected_adset_ids=120241364733470524&selected_ad_ids=120241438738060524&date=2026-01-01_2026-06-12&insight_date=2026-01-01_2026-06-12&comparison_date=2026-01-01_2026-06-12,Washington DC South Mission,,0.126984127
120241438738060524,People Baptized and Confirmed,Grow,https://business.facebook.com/adsmanager/manage/ads?act=2683631865285420&selected_campaign_ids=120241364733460524&selected_adset_ids=120241364733470524&selected_ad_ids=120241438738060524&date=2026-01-01_2026-06-12&insight_date=2026-01-01_2026-06-12&comparison_date=2026-01-01_2026-06-12,Washington DC South Mission,,0
120241438738060524,People Who Attended Sacrament,Grow,https://business.facebook.com/adsmanager/manage/ads?act=2683631865285420&selected_campaign_ids=120241364733460524&selected_adset_ids=120241364733470524&selected_ad_ids=120241438738060524&date=2026-01-01_2026-06-12&insight_date=2026-01-01_2026-06-12&comparison_date=2026-01-01_2026-06-12,Washington DC South Mission,,8
120241438738060524,New People Being Taught,Grow,https://business.facebook.com/adsmanager/manage/ads?act=2683631865285420&selected_campaign_ids=120241364733460524&selected_adset_ids=120241364733470524&selected_ad_ids=120241438738060524&date=2026-01-01_2026-06-12&insight_date=2026-01-01_2026-06-12&comparison_date=2026-01-01_2026-06-12,Washington DC South Mission,,18
120241438738060524,Cost Per Facebook Lead,Grow,https://business.facebook.com/adsmanager/manage/ads?act=2683631865285420&selected_campaign_ids=120241364733460524&selected_adset_ids=120241364733470524&selected_ad_ids=120241438738060524&date=2026-01-01_2026-06-12&insight_date=2026-01-01_2026-06-12&comparison_date=2026-01-01_2026-06-12,Washington DC South Mission,,29.877813505
120241438738060524,Ad Leads,Grow,https://business.facebook.com/adsmanager/manage/ads?act=2683631865285420&selected_campaign_ids=120241364733460524&selected_adset_ids=120241364733470524&selected_ad_ids=120241438738060524&date=2026-01-01_2026-06-12&insight_date=2026-01-01_2026-06-12&comparison_date=2026-01-01_2026-06-12,Washington DC South Mission,,69.111111111
120241438738060524,People Found,Grow,https://business.facebook.com/adsmanager/manage/ads?act=2683631865285420&selected_campaign_ids=120241364733460524&selected_adset_ids=120241364733470524&selected_ad_ids=120241438738060524&date=2026-01-01_2026-06-12&insight_date=2026-01-01_2026-06-12&comparison_date=2026-01-01_2026-06-12,Washington DC South Mission,,63
120236035588640368,Forecasted Cost Per Baptism,Grow,https://business.facebook.com/adsmanager/manage/ads?act=1059444081122469&selected_campaign_ids=120236035538190368&selected_adset_ids=120236035538920368&selected_ad_ids=120236035588640368&date=2026-01-01_2026-06-12&insight_date=2026-01-01_2026-06-12&comparison_date=2026-01-01_2026-06-12,Utah Orem Mission,,2820.958138737
120236035588640368,Forecasted Baptisms,Grow,https://business.facebook.com/adsmanager/manage/ads?act=1059444081122469&selected_campaign_ids=120236035538190368&selected_adset_ids=120236035538920368&selected_ad_ids=120236035588640368&date=2026-01-01_2026-06-12&insight_date=2026-01-01_2026-06-12&comparison_date=2026-01-01_2026-06-12,Utah Orem Mission,,1.305939266
120236035588640368,Forecasted % Found Baptized,Grow,https://business.facebook.com/adsmanager/manage/ads?act=1059444081122469&selected_campaign_ids=120236035538190368&selected_adset_ids=120236035538920368&selected_ad_ids=120236035588640368&date=2026-01-01_2026-06-12&insight_date=2026-01-01_2026-06-12&comparison_date=2026-01-01_2026-06-12,Utah Orem Mission,,0.011556985
120236035588640368,% Found Baptized,Grow,https://business.facebook.com/adsmanager/manage/ads?act=1059444081122469&selected_campaign_ids=120236035538190368&selected_adset_ids=120236035538920368&selected_ad_ids=120236035588640368&date=2026-01-01_2026-06-12&insight_date=2026-01-01_2026-06-12&comparison_date=2026-01-01_2026-06-12,Utah Orem Mission,,0.008849558
120236035588640368,% Found Attending Sacrament,Grow,https://business.facebook.com/adsmanager/manage/ads?act=1059444081122469&selected_campaign_ids=120236035538190368&selected_adset_ids=120236035538920368&selected_ad_ids=120236035588640368&date=2026-01-01_2026-06-12&insight_date=2026-01-01_2026-06-12&comparison_date=2026-01-01_2026-06-12,Utah Orem Mission,,0.070796460
120236035588640368,People Baptized and Confirmed,Grow,https://business.facebook.com/adsmanager/manage/ads?act=1059444081122469&selected_campaign_ids=120236035538190368&selected_adset_ids=120236035538920368&selected_ad_ids=120236035588640368&date=2026-01-01_2026-06-12&insight_date=2026-01-01_2026-06-12&comparison_date=2026-01-01_2026-06-12,Utah Orem Mission,,1
120236035588640368,People Who Attended Sacrament,Grow,https://business.facebook.com/adsmanager/manage/ads?act=1059444081122469&selected_campaign_ids=120236035538190368&selected_adset_ids=120236035538920368&selected_ad_ids=120236035588640368&date=2026-01-01_2026-06-12&insight_date=2026-01-01_2026-06-12&comparison_date=2026-01-01_2026-06-12,Utah Orem Mission,,8
120236035588640368,New People Being Taught,Grow,https://business.facebook.com/adsmanager/manage/ads?act=1059444081122469&selected_campaign_ids=120236035538190368&selected_adset_ids=120236035538920368&selected_ad_ids=120236035588640368&date=2026-01-01_2026-06-12&insight_date=2026-01-01_2026-06-12&comparison_date=2026-01-01_2026-06-12,Utah Orem Mission,,21
120236035588640368,Cost Per Facebook Lead,Grow,https://business.facebook.com/adsmanager/manage/ads?act=1059444081122469&selected_campaign_ids=120236035538190368&selected_adset_ids=120236035538920368&selected_ad_ids=120236035588640368&date=2026-01-01_2026-06-12&insight_date=2026-01-01_2026-06-12&comparison_date=2026-01-01_2026-06-12,Utah Orem Mission,,27.088235294
120236035588640368,Ad Leads,Grow,https://business.facebook.com/adsmanager/manage/ads?act=1059444081122469&selected_campaign_ids=120236035538190368&selected_adset_ids=120236035538920368&selected_ad_ids=120236035588640368&date=2026-01-01_2026-06-12&insight_date=2026-01-01_2026-06-12&comparison_date=2026-01-01_2026-06-12,Utah Orem Mission,,136
120236035588640368,People Found,Grow,https://business.facebook.com/adsmanager/manage/ads?act=1059444081122469&selected_campaign_ids=120236035538190368&selected_adset_ids=120236035538920368&selected_ad_ids=120236035588640368&date=2026-01-01_2026-06-12&insight_date=2026-01-01_2026-06-12&comparison_date=2026-01-01_2026-06-12,Utah Orem Mission,,113
120236656292990727,Forecasted Cost Per Baptism,Grow,https://business.facebook.com/adsmanager/manage/ads?act=238929060375046&selected_campaign_ids=120236656280570727&selected_adset_ids=120236656282410727&selected_ad_ids=120236656292990727&date=2026-01-01_2026-06-12&insight_date=2026-01-01_2026-06-12&comparison_date=2026-01-01_2026-06-12,Nevada Reno Mission,,2814.104239787
120236656292990727,Forecasted Baptisms,Grow,https://business.facebook.com/adsmanager/manage/ads?act=238929060375046&selected_campaign_ids=120236656280570727&selected_adset_ids=120236656282410727&selected_ad_ids=120236656292990727&date=2026-01-01_2026-06-12&insight_date=2026-01-01_2026-06-12&comparison_date=2026-01-01_2026-06-12,Nevada Reno Mission,,2.547524679
120236656292990727,Forecasted % Found Baptized,Grow,https://business.facebook.com/adsmanager/manage/ads?act=238929060375046&selected_campaign_ids=120236656280570727&selected_adset_ids=120236656282410727&selected_ad_ids=120236656292990727&date=2026-01-01_2026-06-12&insight_date=2026-01-01_2026-06-12&comparison_date=2026-01-01_2026-06-12,Nevada Reno Mission,,0.020380197
120236656292990727,% Found Baptized,Grow,https://business.facebook.com/adsmanager/manage/ads?act=238929060375046&selected_campaign_ids=120236656280570727&selected_adset_ids=120236656282410727&selected_ad_ids=120236656292990727&date=2026-01-01_2026-06-12&insight_date=2026-01-01_2026-06-12&comparison_date=2026-01-01_2026-06-12,Nevada Reno Mission,,0.016
120236656292990727,% Found Attending Sacrament,Grow,https://business.facebook.com/adsmanager/manage/ads?act=238929060375046&selected_campaign_ids=120236656280570727&selected_adset_ids=120236656282410727&selected_ad_ids=120236656292990727&date=2026-01-01_2026-06-12&insight_date=2026-01-01_2026-06-12&comparison_date=2026-01-01_2026-06-12,Nevada Reno Mission,,0.048
120236656292990727,People Baptized and Confirmed,Grow,https://business.facebook.com/adsmanager/manage/ads?act=238929060375046&selected_campaign_ids=120236656280570727&selected_adset_ids=120236656282410727&selected_ad_ids=120236656292990727&date=2026-01-01_2026-06-12&insight_date=2026-01-01_2026-06-12&comparison_date=2026-01-01_2026-06-12,Nevada Reno Mission,,2
120236656292990727,People Who Attended Sacrament,Grow,https://business.facebook.com/adsmanager/manage/ads?act=238929060375046&selected_campaign_ids=120236656280570727&selected_adset_ids=120236656282410727&selected_ad_ids=120236656292990727&date=2026-01-01_2026-06-12&insight_date=2026-01-01_2026-06-12&comparison_date=2026-01-01_2026-06-12,Nevada Reno Mission,,6
120236656292990727,New People Being Taught,Grow,https://business.facebook.com/adsmanager/manage/ads?act=238929060375046&selected_campaign_ids=120236656280570727&selected_adset_ids=120236656282410727&selected_ad_ids=120236656292990727&date=2026-01-01_2026-06-12&insight_date=2026-01-01_2026-06-12&comparison_date=2026-01-01_2026-06-12,Nevada Reno Mission,,28
120236656292990727,Cost Per Facebook Lead,Grow,https://business.facebook.com/adsmanager/manage/ads?act=238929060375046&selected_campaign_ids=120236656280570727&selected_adset_ids=120236656282410727&selected_ad_ids=120236656292990727&date=2026-01-01_2026-06-12&insight_date=2026-01-01_2026-06-12&comparison_date=2026-01-01_2026-06-12,Nevada Reno Mission,,31.721238938
120236656292990727,Ad Leads,Grow,https://business.facebook.com/adsmanager/manage/ads?act=238929060375046&selected_campaign_ids=120236656280570727&selected_adset_ids=120236656282410727&selected_ad_ids=120236656292990727&date=2026-01-01_2026-06-12&insight_date=2026-01-01_2026-06-12&comparison_date=2026-01-01_2026-06-12,Nevada Reno Mission,,226
120236656292990727,People Found,Grow,https://business.facebook.com/adsmanager/manage/ads?act=238929060375046&selected_campaign_ids=120236656280570727&selected_adset_ids=120236656282410727&selected_ad_ids=120236656292990727&date=2026-01-01_2026-06-12&insight_date=2026-01-01_2026-06-12&comparison_date=2026-01-01_2026-06-12,Nevada Reno Mission,,125
120247978609760188,Forecasted Cost Per Baptism,Grow,https://business.facebook.com/adsmanager/manage/ads?act=265070661450846&selected_campaign_ids=120247978569840188&selected_adset_ids=120247978573970188&selected_ad_ids=120247978609760188&date=2026-01-01_2026-06-12&insight_date=2026-01-01_2026-06-12&comparison_date=2026-01-01_2026-06-12,Tennessee Nashville Mission,,2753.605135972
120247978609760188,Forecasted Baptisms,Grow,https://business.facebook.com/adsmanager/manage/ads?act=265070661450846&selected_campaign_ids=120247978569840188&selected_adset_ids=120247978573970188&selected_ad_ids=120247978609760188&date=2026-01-01_2026-06-12&insight_date=2026-01-01_2026-06-12&comparison_date=2026-01-01_2026-06-12,Tennessee Nashville Mission,,1.313187556
120247978609760188,Forecasted % Found Baptized,Grow,https://business.facebook.com/adsmanager/manage/ads?act=265070661450846&selected_campaign_ids=120247978569840188&selected_adset_ids=120247978573970188&selected_ad_ids=120247978609760188&date=2026-01-01_2026-06-12&insight_date=2026-01-01_2026-06-12&comparison_date=2026-01-01_2026-06-12,Tennessee Nashville Mission,,0.009948391
120247978609760188,% Found Baptized,Grow,https://business.facebook.com/adsmanager/manage/ads?act=265070661450846&selected_campaign_ids=120247978569840188&selected_adset_ids=120247978573970188&selected_ad_ids=120247978609760188&date=2026-01-01_2026-06-12&insight_date=2026-01-01_2026-06-12&comparison_date=2026-01-01_2026-06-12,Tennessee Nashville Mission,,0.007575758
120247978609760188,% Found Attending Sacrament,Grow,https://business.facebook.com/adsmanager/manage/ads?act=265070661450846&selected_campaign_ids=120247978569840188&selected_adset_ids=120247978573970188&selected_ad_ids=120247978609760188&date=2026-01-01_2026-06-12&insight_date=2026-01-01_2026-06-12&comparison_date=2026-01-01_2026-06-12,Tennessee Nashville Mission,,0.045454545
120247978609760188,People Baptized and Confirmed,Grow,https://business.facebook.com/adsmanager/manage/ads?act=265070661450846&selected_campaign_ids=120247978569840188&selected_adset_ids=120247978573970188&selected_ad_ids=120247978609760188&date=2026-01-01_2026-06-12&insight_date=2026-01-01_2026-06-12&comparison_date=2026-01-01_2026-06-12,Tennessee Nashville Mission,,1
120247978609760188,People Who Attended Sacrament,Grow,https://business.facebook.com/adsmanager/manage/ads?act=265070661450846&selected_campaign_ids=120247978569840188&selected_adset_ids=120247978573970188&selected_ad_ids=120247978609760188&date=2026-01-01_2026-06-12&insight_date=2026-01-01_2026-06-12&comparison_date=2026-01-01_2026-06-12,Tennessee Nashville Mission,,6
120247978609760188,New People Being Taught,Grow,https://business.facebook.com/adsmanager/manage/ads?act=265070661450846&selected_campaign_ids=120247978569840188&selected_adset_ids=120247978573970188&selected_ad_ids=120247978609760188&date=2026-01-01_2026-06-12&insight_date=2026-01-01_2026-06-12&comparison_date=2026-01-01_2026-06-12,Tennessee Nashville Mission,,48
120247978609760188,Cost Per Facebook Lead,Grow,https://business.facebook.com/adsmanager/manage/ads?act=265070661450846&selected_campaign_ids=120247978569840188&selected_adset_ids=120247978573970188&selected_ad_ids=120247978609760188&date=2026-01-01_2026-06-12&insight_date=2026-01-01_2026-06-12&comparison_date=2026-01-01_2026-06-12,Tennessee Nashville Mission,,27.815384615
120247978609760188,Ad Leads,Grow,https://business.facebook.com/adsmanager/manage/ads?act=265070661450846&selected_campaign_ids=120247978569840188&selected_adset_ids=120247978573970188&selected_ad_ids=120247978609760188&date=2026-01-01_2026-06-12&insight_date=2026-01-01_2026-06-12&comparison_date=2026-01-01_2026-06-12,Tennessee Nashville Mission,,130
120247978609760188,People Found,Grow,https://business.facebook.com/adsmanager/manage/ads?act=265070661450846&selected_campaign_ids=120247978569840188&selected_adset_ids=120247978573970188&selected_ad_ids=120247978609760188&date=2026-01-01_2026-06-12&insight_date=2026-01-01_2026-06-12&comparison_date=2026-01-01_2026-06-12,Tennessee Nashville Mission,,132
120238381279150727,Forecasted Cost Per Baptism,-,https://business.facebook.com/adsmanager/manage/ads?act=238929060375046&selected_campaign_ids=120238293810250727&selected_adset_ids=120238381225260727&selected_ad_ids=120238381279150727&date=2026-01-01_2026-06-12&insight_date=2026-01-01_2026-06-12&comparison_date=2026-01-01_2026-06-12,Nevada Reno Mission,,2752.730739716
120238381279150727,Forecasted Baptisms,-,https://business.facebook.com/adsmanager/manage/ads?act=238929060375046&selected_campaign_ids=120238293810250727&selected_adset_ids=120238381225260727&selected_ad_ids=120238381279150727&date=2026-01-01_2026-06-12&insight_date=2026-01-01_2026-06-12&comparison_date=2026-01-01_2026-06-12,Nevada Reno Mission,,0.447555579
120238381279150727,Forecasted % Found Baptized,-,https://business.facebook.com/adsmanager/manage/ads?act=238929060375046&selected_campaign_ids=120238293810250727&selected_adset_ids=120238381225260727&selected_ad_ids=120238381279150727&date=2026-01-01_2026-06-12&insight_date=2026-01-01_2026-06-12&comparison_date=2026-01-01_2026-06-12,Nevada Reno Mission,,0.014437277
120238381279150727,% Found Baptized,-,https://business.facebook.com/adsmanager/manage/ads?act=238929060375046&selected_campaign_ids=120238293810250727&selected_adset_ids=120238381225260727&selected_ad_ids=120238381279150727&date=2026-01-01_2026-06-12&insight_date=2026-01-01_2026-06-12&comparison_date=2026-01-01_2026-06-12,Nevada Reno Mission,,0.064516129
120238381279150727,% Found Attending Sacrament,-,https://business.facebook.com/adsmanager/manage/ads?act=238929060375046&selected_campaign_ids=120238293810250727&selected_adset_ids=120238381225260727&selected_ad_ids=120238381279150727&date=2026-01-01_2026-06-12&insight_date=2026-01-01_2026-06-12&comparison_date=2026-01-01_2026-06-12,Nevada Reno Mission,,0.161290323
120238381279150727,People Baptized and Confirmed,-,https://business.facebook.com/adsmanager/manage/ads?act=238929060375046&selected_campaign_ids=120238293810250727&selected_adset_ids=120238381225260727&selected_ad_ids=120238381279150727&date=2026-01-01_2026-06-12&insight_date=2026-01-01_2026-06-12&comparison_date=2026-01-01_2026-06-12,Nevada Reno Mission,,2
120238381279150727,People Who Attended Sacrament,-,https://business.facebook.com/adsmanager/manage/ads?act=238929060375046&selected_campaign_ids=120238293810250727&selected_adset_ids=120238381225260727&selected_ad_ids=120238381279150727&date=2026-01-01_2026-06-12&insight_date=2026-01-01_2026-06-12&comparison_date=2026-01-01_2026-06-12,Nevada Reno Mission,,5
120238381279150727,New People Being Taught,-,https://business.facebook.com/adsmanager/manage/ads?act=238929060375046&selected_campaign_ids=120238293810250727&selected_adset_ids=120238381225260727&selected_ad_ids=120238381279150727&date=2026-01-01_2026-06-12&insight_date=2026-01-01_2026-06-12&comparison_date=2026-01-01_2026-06-12,Nevada Reno Mission,,11
120238381279150727,Cost Per Facebook Lead,-,https://business.facebook.com/adsmanager/manage/ads?act=238929060375046&selected_campaign_ids=120238293810250727&selected_adset_ids=120238381225260727&selected_ad_ids=120238381279150727&date=2026-01-01_2026-06-12&insight_date=2026-01-01_2026-06-12&comparison_date=2026-01-01_2026-06-12,Nevada Reno Mission,,34.222222222
120238381279150727,Ad Leads,-,https://business.facebook.com/adsmanager/manage/ads?act=238929060375046&selected_campaign_ids=120238293810250727&selected_adset_ids=120238381225260727&selected_ad_ids=120238381279150727&date=2026-01-01_2026-06-12&insight_date=2026-01-01_2026-06-12&comparison_date=2026-01-01_2026-06-12,Nevada Reno Mission,,36
120238381279150727,People Found,-,https://business.facebook.com/adsmanager/manage/ads?act=238929060375046&selected_campaign_ids=120238293810250727&selected_adset_ids=120238381225260727&selected_ad_ids=120238381279150727&date=2026-01-01_2026-06-12&insight_date=2026-01-01_2026-06-12&comparison_date=2026-01-01_2026-06-12,Nevada Reno Mission,,31
120239202399150714,Forecasted Cost Per Baptism,-,https://business.facebook.com/adsmanager/manage/ads?act=2475001822720339&selected_campaign_ids=120239198566650714&selected_adset_ids=120239202302780714&selected_ad_ids=120239202399150714&date=2026-01-01_2026-06-12&insight_date=2026-01-01_2026-06-12&comparison_date=2026-01-01_2026-06-12,Arizona Mesa Mission,,2690.799764982
120239202399150714,Forecasted Baptisms,-,https://business.facebook.com/adsmanager/manage/ads?act=2475001822720339&selected_campaign_ids=120239198566650714&selected_adset_ids=120239202302780714&selected_ad_ids=120239202399150714&date=2026-01-01_2026-06-12&insight_date=2026-01-01_2026-06-12&comparison_date=2026-01-01_2026-06-12,Arizona Mesa Mission,,0.359001072
120239202399150714,Forecasted % Found Baptized,-,https://business.facebook.com/adsmanager/manage/ads?act=2475001822720339&selected_campaign_ids=120239198566650714&selected_adset_ids=120239202302780714&selected_ad_ids=120239202399150714&date=2026-01-01_2026-06-12&insight_date=2026-01-01_2026-06-12&comparison_date=2026-01-01_2026-06-12,Arizona Mesa Mission,,0.012379347
120239202399150714,% Found Baptized,-,https://business.facebook.com/adsmanager/manage/ads?act=2475001822720339&selected_campaign_ids=120239198566650714&selected_adset_ids=120239202302780714&selected_ad_ids=120239202399150714&date=2026-01-01_2026-06-12&insight_date=2026-01-01_2026-06-12&comparison_date=2026-01-01_2026-06-12,Arizona Mesa Mission,,0
120239202399150714,% Found Attending Sacrament,-,https://business.facebook.com/adsmanager/manage/ads?act=2475001822720339&selected_campaign_ids=120239198566650714&selected_adset_ids=120239202302780714&selected_ad_ids=120239202399150714&date=2026-01-01_2026-06-12&insight_date=2026-01-01_2026-06-12&comparison_date=2026-01-01_2026-06-12,Arizona Mesa Mission,,0.137931034
120239202399150714,People Baptized and Confirmed,-,https://business.facebook.com/adsmanager/manage/ads?act=2475001822720339&selected_campaign_ids=120239198566650714&selected_adset_ids=120239202302780714&selected_ad_ids=120239202399150714&date=2026-01-01_2026-06-12&insight_date=2026-01-01_2026-06-12&comparison_date=2026-01-01_2026-06-12,Arizona Mesa Mission,,0
120239202399150714,People Who Attended Sacrament,-,https://business.facebook.com/adsmanager/manage/ads?act=2475001822720339&selected_campaign_ids=120239198566650714&selected_adset_ids=120239202302780714&selected_ad_ids=120239202399150714&date=2026-01-01_2026-06-12&insight_date=2026-01-01_2026-06-12&comparison_date=2026-01-01_2026-06-12,Arizona Mesa Mission,,4
120239202399150714,New People Being Taught,-,https://business.facebook.com/adsmanager/manage/ads?act=2475001822720339&selected_campaign_ids=120239198566650714&selected_adset_ids=120239202302780714&selected_ad_ids=120239202399150714&date=2026-01-01_2026-06-12&insight_date=2026-01-01_2026-06-12&comparison_date=2026-01-01_2026-06-12,Arizona Mesa Mission,,8
120239202399150714,Cost Per Facebook Lead,-,https://business.facebook.com/adsmanager/manage/ads?act=2475001822720339&selected_campaign_ids=120239198566650714&selected_adset_ids=120239202302780714&selected_ad_ids=120239202399150714&date=2026-01-01_2026-06-12&insight_date=2026-01-01_2026-06-12&comparison_date=2026-01-01_2026-06-12,Arizona Mesa Mission,,33.310344828
120239202399150714,Ad Leads,-,https://business.facebook.com/adsmanager/manage/ads?act=2475001822720339&selected_campaign_ids=120239198566650714&selected_adset_ids=120239202302780714&selected_ad_ids=120239202399150714&date=2026-01-01_2026-06-12&insight_date=2026-01-01_2026-06-12&comparison_date=2026-01-01_2026-06-12,Arizona Mesa Mission,,29
120239202399150714,People Found,-,https://business.facebook.com/adsmanager/manage/ads?act=2475001822720339&selected_campaign_ids=120239198566650714&selected_adset_ids=120239202302780714&selected_ad_ids=120239202399150714&date=2026-01-01_2026-06-12&insight_date=2026-01-01_2026-06-12&comparison_date=2026-01-01_2026-06-12,Arizona Mesa Mission,,29
120238948991520708,Forecasted Cost Per Baptism,Grow,https://business.facebook.com/adsmanager/manage/ads?act=282246452801626&selected_campaign_ids=120238948676490708&selected_adset_ids=120238948755040708&selected_ad_ids=120238948991520708&date=2026-01-01_2026-06-12&insight_date=2026-01-01_2026-06-12&comparison_date=2026-01-01_2026-06-12,Texas Austin Mission,,2632.655746339
120238948991520708,Forecasted Baptisms,Grow,https://business.facebook.com/adsmanager/manage/ads?act=282246452801626&selected_campaign_ids=120238948676490708&selected_adset_ids=120238948755040708&selected_ad_ids=120238948991520708&date=2026-01-01_2026-06-12&insight_date=2026-01-01_2026-06-12&comparison_date=2026-01-01_2026-06-12,Texas Austin Mission,,5.288196157
120238948991520708,Forecasted % Found Baptized,Grow,https://business.facebook.com/adsmanager/manage/ads?act=282246452801626&selected_campaign_ids=120238948676490708&selected_adset_ids=120238948755040708&selected_ad_ids=120238948991520708&date=2026-01-01_2026-06-12&insight_date=2026-01-01_2026-06-12&comparison_date=2026-01-01_2026-06-12,Texas Austin Mission,,0.013354031
120238948991520708,% Found Baptized,Grow,https://business.facebook.com/adsmanager/manage/ads?act=282246452801626&selected_campaign_ids=120238948676490708&selected_adset_ids=120238948755040708&selected_ad_ids=120238948991520708&date=2026-01-01_2026-06-12&insight_date=2026-01-01_2026-06-12&comparison_date=2026-01-01_2026-06-12,Texas Austin Mission,,0.010101010
120238948991520708,% Found Attending Sacrament,Grow,https://business.facebook.com/adsmanager/manage/ads?act=282246452801626&selected_campaign_ids=120238948676490708&selected_adset_ids=120238948755040708&selected_ad_ids=120238948991520708&date=2026-01-01_2026-06-12&insight_date=2026-01-01_2026-06-12&comparison_date=2026-01-01_2026-06-12,Texas Austin Mission,,0.068181818
120238948991520708,People Baptized and Confirmed,Grow,https://business.facebook.com/adsmanager/manage/ads?act=282246452801626&selected_campaign_ids=120238948676490708&selected_adset_ids=120238948755040708&selected_ad_ids=120238948991520708&date=2026-01-01_2026-06-12&insight_date=2026-01-01_2026-06-12&comparison_date=2026-01-01_2026-06-12,Texas Austin Mission,,4
120238948991520708,People Who Attended Sacrament,Grow,https://business.facebook.com/adsmanager/manage/ads?act=282246452801626&selected_campaign_ids=120238948676490708&selected_adset_ids=120238948755040708&selected_ad_ids=120238948991520708&date=2026-01-01_2026-06-12&insight_date=2026-01-01_2026-06-12&comparison_date=2026-01-01_2026-06-12,Texas Austin Mission,,27
120238948991520708,New People Being Taught,Grow,https://business.facebook.com/adsmanager/manage/ads?act=282246452801626&selected_campaign_ids=120238948676490708&selected_adset_ids=120238948755040708&selected_ad_ids=120238948991520708&date=2026-01-01_2026-06-12&insight_date=2026-01-01_2026-06-12&comparison_date=2026-01-01_2026-06-12,Texas Austin Mission,,124
120238948991520708,Cost Per Facebook Lead,Grow,https://business.facebook.com/adsmanager/manage/ads?act=282246452801626&selected_campaign_ids=120238948676490708&selected_adset_ids=120238948755040708&selected_ad_ids=120238948991520708&date=2026-01-01_2026-06-12&insight_date=2026-01-01_2026-06-12&comparison_date=2026-01-01_2026-06-12,Texas Austin Mission,,33.306220096
120238948991520708,Ad Leads,Grow,https://business.facebook.com/adsmanager/manage/ads?act=282246452801626&selected_campaign_ids=120238948676490708&selected_adset_ids=120238948755040708&selected_ad_ids=120238948991520708&date=2026-01-01_2026-06-12&insight_date=2026-01-01_2026-06-12&comparison_date=2026-01-01_2026-06-12,Texas Austin Mission,,418
120238948991520708,People Found,Grow,https://business.facebook.com/adsmanager/manage/ads?act=282246452801626&selected_campaign_ids=120238948676490708&selected_adset_ids=120238948755040708&selected_ad_ids=120238948991520708&date=2026-01-01_2026-06-12&insight_date=2026-01-01_2026-06-12&comparison_date=2026-01-01_2026-06-12,Texas Austin Mission,,396
120237569554110246,Forecasted Cost Per Baptism,Grow,https://business.facebook.com/adsmanager/manage/ads?act=1405980847467818&selected_campaign_ids=120237567653260246&selected_adset_ids=120237569554100246&selected_ad_ids=120237569554110246&date=2026-01-01_2026-06-12&insight_date=2026-01-01_2026-06-12&comparison_date=2026-01-01_2026-06-12,California Modesto Mission,,2558.649250119
120237569554110246,Forecasted Baptisms,Grow,https://business.facebook.com/adsmanager/manage/ads?act=1405980847467818&selected_campaign_ids=120237567653260246&selected_adset_ids=120237569554100246&selected_ad_ids=120237569554110246&date=2026-01-01_2026-06-12&insight_date=2026-01-01_2026-06-12&comparison_date=2026-01-01_2026-06-12,California Modesto Mission,,1.447004399
120237569554110246,Forecasted % Found Baptized,Grow,https://business.facebook.com/adsmanager/manage/ads?act=1405980847467818&selected_campaign_ids=120237567653260246&selected_adset_ids=120237569554100246&selected_ad_ids=120237569554110246&date=2026-01-01_2026-06-12&insight_date=2026-01-01_2026-06-12&comparison_date=2026-01-01_2026-06-12,California Modesto Mission,,0.015728309
120237569554110246,% Found Baptized,Grow,https://business.facebook.com/adsmanager/manage/ads?act=1405980847467818&selected_campaign_ids=120237567653260246&selected_adset_ids=120237569554100246&selected_ad_ids=120237569554110246&date=2026-01-01_2026-06-12&insight_date=2026-01-01_2026-06-12&comparison_date=2026-01-01_2026-06-12,California Modesto Mission,,0.010869565
120237569554110246,% Found Attending Sacrament,Grow,https://business.facebook.com/adsmanager/manage/ads?act=1405980847467818&selected_campaign_ids=120237567653260246&selected_adset_ids=120237569554100246&selected_ad_ids=120237569554110246&date=2026-01-01_2026-06-12&insight_date=2026-01-01_2026-06-12&comparison_date=2026-01-01_2026-06-12,California Modesto Mission,,0.032608696
120237569554110246,People Baptized and Confirmed,Grow,https://business.facebook.com/adsmanager/manage/ads?act=1405980847467818&selected_campaign_ids=120237567653260246&selected_adset_ids=120237569554100246&selected_ad_ids=120237569554110246&date=2026-01-01_2026-06-12&insight_date=2026-01-01_2026-06-12&comparison_date=2026-01-01_2026-06-12,California Modesto Mission,,1
120237569554110246,People Who Attended Sacrament,Grow,https://business.facebook.com/adsmanager/manage/ads?act=1405980847467818&selected_campaign_ids=120237567653260246&selected_adset_ids=120237569554100246&selected_ad_ids=120237569554110246&date=2026-01-01_2026-06-12&insight_date=2026-01-01_2026-06-12&comparison_date=2026-01-01_2026-06-12,California Modesto Mission,,3
120237569554110246,New People Being Taught,Grow,https://business.facebook.com/adsmanager/manage/ads?act=1405980847467818&selected_campaign_ids=120237567653260246&selected_adset_ids=120237569554100246&selected_ad_ids=120237569554110246&date=2026-01-01_2026-06-12&insight_date=2026-01-01_2026-06-12&comparison_date=2026-01-01_2026-06-12,California Modesto Mission,,20
120237569554110246,Cost Per Facebook Lead,Grow,https://business.facebook.com/adsmanager/manage/ads?act=1405980847467818&selected_campaign_ids=120237567653260246&selected_adset_ids=120237569554100246&selected_ad_ids=120237569554110246&date=2026-01-01_2026-06-12&insight_date=2026-01-01_2026-06-12&comparison_date=2026-01-01_2026-06-12,California Modesto Mission,,31.315134211
120237569554110246,Ad Leads,Grow,https://business.facebook.com/adsmanager/manage/ads?act=1405980847467818&selected_campaign_ids=120237567653260246&selected_adset_ids=120237569554100246&selected_ad_ids=120237569554110246&date=2026-01-01_2026-06-12&insight_date=2026-01-01_2026-06-12&comparison_date=2026-01-01_2026-06-12,California Modesto Mission,,118.229629630
120237569554110246,People Found,Grow,https://business.facebook.com/adsmanager/manage/ads?act=1405980847467818&selected_campaign_ids=120237567653260246&selected_adset_ids=120237569554100246&selected_ad_ids=120237569554110246&date=2026-01-01_2026-06-12&insight_date=2026-01-01_2026-06-12&comparison_date=2026-01-01_2026-06-12,California Modesto Mission,,92
120241391876710019,Forecasted Cost Per Baptism,Grow,https://business.facebook.com/adsmanager/manage/ads?act=1557243931332340&selected_campaign_ids=120241391726200019&selected_adset_ids=120241391728750019&selected_ad_ids=120241391876710019&date=2026-01-01_2026-06-12&insight_date=2026-01-01_2026-06-12&comparison_date=2026-01-01_2026-06-12,Ohio Columbus Mission,,2526.081450930
120241391876710019,Forecasted Baptisms,Grow,https://business.facebook.com/adsmanager/manage/ads?act=1557243931332340&selected_campaign_ids=120241391726200019&selected_adset_ids=120241391728750019&selected_ad_ids=120241391876710019&date=2026-01-01_2026-06-12&insight_date=2026-01-01_2026-06-12&comparison_date=2026-01-01_2026-06-12,Ohio Columbus Mission,,0.697918905
120241391876710019,Forecasted % Found Baptized,Grow,https://business.facebook.com/adsmanager/manage/ads?act=1557243931332340&selected_campaign_ids=120241391726200019&selected_adset_ids=120241391728750019&selected_ad_ids=120241391876710019&date=2026-01-01_2026-06-12&insight_date=2026-01-01_2026-06-12&comparison_date=2026-01-01_2026-06-12,Ohio Columbus Mission,,0.018862673
120241391876710019,% Found Baptized,Grow,https://business.facebook.com/adsmanager/manage/ads?act=1557243931332340&selected_campaign_ids=120241391726200019&selected_adset_ids=120241391728750019&selected_ad_ids=120241391876710019&date=2026-01-01_2026-06-12&insight_date=2026-01-01_2026-06-12&comparison_date=2026-01-01_2026-06-12,Ohio Columbus Mission,,0
120241391876710019,% Found Attending Sacrament,Grow,https://business.facebook.com/adsmanager/manage/ads?act=1557243931332340&selected_campaign_ids=120241391726200019&selected_adset_ids=120241391728750019&selected_ad_ids=120241391876710019&date=2026-01-01_2026-06-12&insight_date=2026-01-01_2026-06-12&comparison_date=2026-01-01_2026-06-12,Ohio Columbus Mission,,0.081081081
120241391876710019,People Baptized and Confirmed,Grow,https://business.facebook.com/adsmanager/manage/ads?act=1557243931332340&selected_campaign_ids=120241391726200019&selected_adset_ids=120241391728750019&selected_ad_ids=120241391876710019&date=2026-01-01_2026-06-12&insight_date=2026-01-01_2026-06-12&comparison_date=2026-01-01_2026-06-12,Ohio Columbus Mission,,0
120241391876710019,People Who Attended Sacrament,Grow,https://business.facebook.com/adsmanager/manage/ads?act=1557243931332340&selected_campaign_ids=120241391726200019&selected_adset_ids=120241391728750019&selected_ad_ids=120241391876710019&date=2026-01-01_2026-06-12&insight_date=2026-01-01_2026-06-12&comparison_date=2026-01-01_2026-06-12,Ohio Columbus Mission,,3
120241391876710019,New People Being Taught,Grow,https://business.facebook.com/adsmanager/manage/ads?act=1557243931332340&selected_campaign_ids=120241391726200019&selected_adset_ids=120241391728750019&selected_ad_ids=120241391876710019&date=2026-01-01_2026-06-12&insight_date=2026-01-01_2026-06-12&comparison_date=2026-01-01_2026-06-12,Ohio Columbus Mission,,7
120241391876710019,Cost Per Facebook Lead,Grow,https://business.facebook.com/adsmanager/manage/ads?act=1557243931332340&selected_campaign_ids=120241391726200019&selected_adset_ids=120241391728750019&selected_ad_ids=120241391876710019&date=2026-01-01_2026-06-12&insight_date=2026-01-01_2026-06-12&comparison_date=2026-01-01_2026-06-12,Ohio Columbus Mission,,29.881355932
120241391876710019,Ad Leads,Grow,https://business.facebook.com/adsmanager/manage/ads?act=1557243931332340&selected_campaign_ids=120241391726200019&selected_adset_ids=120241391728750019&selected_ad_ids=120241391876710019&date=2026-01-01_2026-06-12&insight_date=2026-01-01_2026-06-12&comparison_date=2026-01-01_2026-06-12,Ohio Columbus Mission,,59
120241391876710019,People Found,Grow,https://business.facebook.com/adsmanager/manage/ads?act=1557243931332340&selected_campaign_ids=120241391726200019&selected_adset_ids=120241391728750019&selected_ad_ids=120241391876710019&date=2026-01-01_2026-06-12&insight_date=2026-01-01_2026-06-12&comparison_date=2026-01-01_2026-06-12,Ohio Columbus Mission,,37
120241069954560708,Forecasted Cost Per Baptism,-,https://business.facebook.com/adsmanager/manage/ads?act=282246452801626&selected_campaign_ids=120241035349460708&selected_adset_ids=120241069901660708&selected_ad_ids=120241069954560708&date=2026-01-01_2026-06-12&insight_date=2026-01-01_2026-06-12&comparison_date=2026-01-01_2026-06-12,Texas Austin Mission,,2516.768321348
120241069954560708,Forecasted Baptisms,-,https://business.facebook.com/adsmanager/manage/ads?act=282246452801626&selected_campaign_ids=120241035349460708&selected_adset_ids=120241069901660708&selected_ad_ids=120241069954560708&date=2026-01-01_2026-06-12&insight_date=2026-01-01_2026-06-12&comparison_date=2026-01-01_2026-06-12,Texas Austin Mission,,0.437531996
120241069954560708,Forecasted % Found Baptized,-,https://business.facebook.com/adsmanager/manage/ads?act=282246452801626&selected_campaign_ids=120241035349460708&selected_adset_ids=120241069901660708&selected_ad_ids=120241069954560708&date=2026-01-01_2026-06-12&insight_date=2026-01-01_2026-06-12&comparison_date=2026-01-01_2026-06-12,Texas Austin Mission,,0.013672875
120241069954560708,% Found Baptized,-,https://business.facebook.com/adsmanager/manage/ads?act=282246452801626&selected_campaign_ids=120241035349460708&selected_adset_ids=120241069901660708&selected_ad_ids=120241069954560708&date=2026-01-01_2026-06-12&insight_date=2026-01-01_2026-06-12&comparison_date=2026-01-01_2026-06-12,Texas Austin Mission,,0.03125
120241069954560708,% Found Attending Sacrament,-,https://business.facebook.com/adsmanager/manage/ads?act=282246452801626&selected_campaign_ids=120241035349460708&selected_adset_ids=120241069901660708&selected_ad_ids=120241069954560708&date=2026-01-01_2026-06-12&insight_date=2026-01-01_2026-06-12&comparison_date=2026-01-01_2026-06-12,Texas Austin Mission,,0.09375
120241069954560708,People Baptized and Confirmed,-,https://business.facebook.com/adsmanager/manage/ads?act=282246452801626&selected_campaign_ids=120241035349460708&selected_adset_ids=120241069901660708&selected_ad_ids=120241069954560708&date=2026-01-01_2026-06-12&insight_date=2026-01-01_2026-06-12&comparison_date=2026-01-01_2026-06-12,Texas Austin Mission,,1
120241069954560708,People Who Attended Sacrament,-,https://business.facebook.com/adsmanager/manage/ads?act=282246452801626&selected_campaign_ids=120241035349460708&selected_adset_ids=120241069901660708&selected_ad_ids=120241069954560708&date=2026-01-01_2026-06-12&insight_date=2026-01-01_2026-06-12&comparison_date=2026-01-01_2026-06-12,Texas Austin Mission,,3
120241069954560708,New People Being Taught,-,https://business.facebook.com/adsmanager/manage/ads?act=282246452801626&selected_campaign_ids=120241035349460708&selected_adset_ids=120241069901660708&selected_ad_ids=120241069954560708&date=2026-01-01_2026-06-12&insight_date=2026-01-01_2026-06-12&comparison_date=2026-01-01_2026-06-12,Texas Austin Mission,,8
120241069954560708,Cost Per Facebook Lead,-,https://business.facebook.com/adsmanager/manage/ads?act=282246452801626&selected_campaign_ids=120241035349460708&selected_adset_ids=120241069901660708&selected_ad_ids=120241069954560708&date=2026-01-01_2026-06-12&insight_date=2026-01-01_2026-06-12&comparison_date=2026-01-01_2026-06-12,Texas Austin Mission,,28.851528384
120241069954560708,Ad Leads,-,https://business.facebook.com/adsmanager/manage/ads?act=282246452801626&selected_campaign_ids=120241035349460708&selected_adset_ids=120241069901660708&selected_ad_ids=120241069954560708&date=2026-01-01_2026-06-12&insight_date=2026-01-01_2026-06-12&comparison_date=2026-01-01_2026-06-12,Texas Austin Mission,,38.166666667
120241069954560708,People Found,-,https://business.facebook.com/adsmanager/manage/ads?act=282246452801626&selected_campaign_ids=120241035349460708&selected_adset_ids=120241069901660708&selected_ad_ids=120241069954560708&date=2026-01-01_2026-06-12&insight_date=2026-01-01_2026-06-12&comparison_date=2026-01-01_2026-06-12,Texas Austin Mission,,32
120240730896500052,Forecasted Cost Per Baptism,-,https://business.facebook.com/adsmanager/manage/ads?act=1819834835084037&selected_campaign_ids=120240725779340052&selected_adset_ids=120240730168010052&selected_ad_ids=120240730896500052&date=2026-01-01_2026-06-12&insight_date=2026-01-01_2026-06-12&comparison_date=2026-01-01_2026-06-12,Texas Houston East Mission,,2439.470826774
120240730896500052,Forecasted Baptisms,-,https://business.facebook.com/adsmanager/manage/ads?act=1819834835084037&selected_campaign_ids=120240725779340052&selected_adset_ids=120240730168010052&selected_ad_ids=120240730896500052&date=2026-01-01_2026-06-12&insight_date=2026-01-01_2026-06-12&comparison_date=2026-01-01_2026-06-12,Texas Houston East Mission,,0.365625743
120240730896500052,Forecasted % Found Baptized,-,https://business.facebook.com/adsmanager/manage/ads?act=1819834835084037&selected_campaign_ids=120240725779340052&selected_adset_ids=120240730168010052&selected_ad_ids=120240730896500052&date=2026-01-01_2026-06-12&insight_date=2026-01-01_2026-06-12&comparison_date=2026-01-01_2026-06-12,Texas Houston East Mission,,0.014625030
120240730896500052,% Found Baptized,-,https://business.facebook.com/adsmanager/manage/ads?act=1819834835084037&selected_campaign_ids=120240725779340052&selected_adset_ids=120240730168010052&selected_ad_ids=120240730896500052&date=2026-01-01_2026-06-12&insight_date=2026-01-01_2026-06-12&comparison_date=2026-01-01_2026-06-12,Texas Houston East Mission,,0
120240730896500052,% Found Attending Sacrament,-,https://business.facebook.com/adsmanager/manage/ads?act=1819834835084037&selected_campaign_ids=120240725779340052&selected_adset_ids=120240730168010052&selected_ad_ids=120240730896500052&date=2026-01-01_2026-06-12&insight_date=2026-01-01_2026-06-12&comparison_date=2026-01-01_2026-06-12,Texas Houston East Mission,,0.16
120240730896500052,People Baptized and Confirmed,-,https://business.facebook.com/adsmanager/manage/ads?act=1819834835084037&selected_campaign_ids=120240725779340052&selected_adset_ids=120240730168010052&selected_ad_ids=120240730896500052&date=2026-01-01_2026-06-12&insight_date=2026-01-01_2026-06-12&comparison_date=2026-01-01_2026-06-12,Texas Houston East Mission,,0
120240730896500052,People Who Attended Sacrament,-,https://business.facebook.com/adsmanager/manage/ads?act=1819834835084037&selected_campaign_ids=120240725779340052&selected_adset_ids=120240730168010052&selected_ad_ids=120240730896500052&date=2026-01-01_2026-06-12&insight_date=2026-01-01_2026-06-12&comparison_date=2026-01-01_2026-06-12,Texas Houston East Mission,,4
120240730896500052,New People Being Taught,-,https://business.facebook.com/adsmanager/manage/ads?act=1819834835084037&selected_campaign_ids=120240725779340052&selected_adset_ids=120240730168010052&selected_ad_ids=120240730896500052&date=2026-01-01_2026-06-12&insight_date=2026-01-01_2026-06-12&comparison_date=2026-01-01_2026-06-12,Texas Houston East Mission,,6
120240730896500052,Cost Per Facebook Lead,-,https://business.facebook.com/adsmanager/manage/ads?act=1819834835084037&selected_campaign_ids=120240725779340052&selected_adset_ids=120240730168010052&selected_ad_ids=120240730896500052&date=2026-01-01_2026-06-12&insight_date=2026-01-01_2026-06-12&comparison_date=2026-01-01_2026-06-12,Texas Houston East Mission,,29.084782609
120240730896500052,Ad Leads,-,https://business.facebook.com/adsmanager/manage/ads?act=1819834835084037&selected_campaign_ids=120240725779340052&selected_adset_ids=120240730168010052&selected_ad_ids=120240730896500052&date=2026-01-01_2026-06-12&insight_date=2026-01-01_2026-06-12&comparison_date=2026-01-01_2026-06-12,Texas Houston East Mission,,30.666666667
120240730896500052,People Found,-,https://business.facebook.com/adsmanager/manage/ads?act=1819834835084037&selected_campaign_ids=120240725779340052&selected_adset_ids=120240730168010052&selected_ad_ids=120240730896500052&date=2026-01-01_2026-06-12&insight_date=2026-01-01_2026-06-12&comparison_date=2026-01-01_2026-06-12,Texas Houston East Mission,,25
120238500460740760,Forecasted Cost Per Baptism,Grow,https://business.facebook.com/adsmanager/manage/ads?act=1366001053593379&selected_campaign_ids=120238500460700760&selected_adset_ids=120238500460890760&selected_ad_ids=120238500460740760&date=2026-01-01_2026-06-12&insight_date=2026-01-01_2026-06-12&comparison_date=2026-01-01_2026-06-12,Nebraska Omaha Mission,,2271.942610044
120238500460740760,Forecasted Baptisms,Grow,https://business.facebook.com/adsmanager/manage/ads?act=1366001053593379&selected_campaign_ids=120238500460700760&selected_adset_ids=120238500460890760&selected_ad_ids=120238500460740760&date=2026-01-01_2026-06-12&insight_date=2026-01-01_2026-06-12&comparison_date=2026-01-01_2026-06-12,Nebraska Omaha Mission,,2.301554615
120238500460740760,Forecasted % Found Baptized,Grow,https://business.facebook.com/adsmanager/manage/ads?act=1366001053593379&selected_campaign_ids=120238500460700760&selected_adset_ids=120238500460890760&selected_ad_ids=120238500460740760&date=2026-01-01_2026-06-12&insight_date=2026-01-01_2026-06-12&comparison_date=2026-01-01_2026-06-12,Nebraska Omaha Mission,,0.031102089
120238500460740760,% Found Baptized,Grow,https://business.facebook.com/adsmanager/manage/ads?act=1366001053593379&selected_campaign_ids=120238500460700760&selected_adset_ids=120238500460890760&selected_ad_ids=120238500460740760&date=2026-01-01_2026-06-12&insight_date=2026-01-01_2026-06-12&comparison_date=2026-01-01_2026-06-12,Nebraska Omaha Mission,,0.013513514
120238500460740760,% Found Attending Sacrament,Grow,https://business.facebook.com/adsmanager/manage/ads?act=1366001053593379&selected_campaign_ids=120238500460700760&selected_adset_ids=120238500460890760&selected_ad_ids=120238500460740760&date=2026-01-01_2026-06-12&insight_date=2026-01-01_2026-06-12&comparison_date=2026-01-01_2026-06-12,Nebraska Omaha Mission,,0.067567568
120238500460740760,People Baptized and Confirmed,Grow,https://business.facebook.com/adsmanager/manage/ads?act=1366001053593379&selected_campaign_ids=120238500460700760&selected_adset_ids=120238500460890760&selected_ad_ids=120238500460740760&date=2026-01-01_2026-06-12&insight_date=2026-01-01_2026-06-12&comparison_date=2026-01-01_2026-06-12,Nebraska Omaha Mission,,1
120238500460740760,People Who Attended Sacrament,Grow,https://business.facebook.com/adsmanager/manage/ads?act=1366001053593379&selected_campaign_ids=120238500460700760&selected_adset_ids=120238500460890760&selected_ad_ids=120238500460740760&date=2026-01-01_2026-06-12&insight_date=2026-01-01_2026-06-12&comparison_date=2026-01-01_2026-06-12,Nebraska Omaha Mission,,5
120238500460740760,New People Being Taught,Grow,https://business.facebook.com/adsmanager/manage/ads?act=1366001053593379&selected_campaign_ids=120238500460700760&selected_adset_ids=120238500460890760&selected_ad_ids=120238500460740760&date=2026-01-01_2026-06-12&insight_date=2026-01-01_2026-06-12&comparison_date=2026-01-01_2026-06-12,Nebraska Omaha Mission,,24
120238500460740760,Cost Per Facebook Lead,Grow,https://business.facebook.com/adsmanager/manage/ads?act=1366001053593379&selected_campaign_ids=120238500460700760&selected_adset_ids=120238500460890760&selected_ad_ids=120238500460740760&date=2026-01-01_2026-06-12&insight_date=2026-01-01_2026-06-12&comparison_date=2026-01-01_2026-06-12,Nebraska Omaha Mission,,62.25
120238500460740760,Ad Leads,Grow,https://business.facebook.com/adsmanager/manage/ads?act=1366001053593379&selected_campaign_ids=120238500460700760&selected_adset_ids=120238500460890760&selected_ad_ids=120238500460740760&date=2026-01-01_2026-06-12&insight_date=2026-01-01_2026-06-12&comparison_date=2026-01-01_2026-06-12,Nebraska Omaha Mission,,84
120238500460740760,People Found,Grow,https://business.facebook.com/adsmanager/manage/ads?act=1366001053593379&selected_campaign_ids=120238500460700760&selected_adset_ids=120238500460890760&selected_ad_ids=120238500460740760&date=2026-01-01_2026-06-12&insight_date=2026-01-01_2026-06-12&comparison_date=2026-01-01_2026-06-12,Nebraska Omaha Mission,,74
120240562880640246,Forecasted Cost Per Baptism,Grow,https://business.facebook.com/adsmanager/manage/ads?act=1405980847467818&selected_campaign_ids=120240525698980246&selected_adset_ids=120240525698990246&selected_ad_ids=120240562880640246&date=2026-01-01_2026-06-12&insight_date=2026-01-01_2026-06-12&comparison_date=2026-01-01_2026-06-12,California Modesto Mission,,2266.622393903
120240562880640246,Forecasted Baptisms,Grow,https://business.facebook.com/adsmanager/manage/ads?act=1405980847467818&selected_campaign_ids=120240525698980246&selected_adset_ids=120240525698990246&selected_ad_ids=120240562880640246&date=2026-01-01_2026-06-12&insight_date=2026-01-01_2026-06-12&comparison_date=2026-01-01_2026-06-12,California Modesto Mission,,1.282326517
120240562880640246,Forecasted % Found Baptized,Grow,https://business.facebook.com/adsmanager/manage/ads?act=1405980847467818&selected_campaign_ids=120240525698980246&selected_adset_ids=120240525698990246&selected_ad_ids=120240562880640246&date=2026-01-01_2026-06-12&insight_date=2026-01-01_2026-06-12&comparison_date=2026-01-01_2026-06-12,California Modesto Mission,,0.015638128
120240562880640246,% Found Baptized,Grow,https://business.facebook.com/adsmanager/manage/ads?act=1405980847467818&selected_campaign_ids=120240525698980246&selected_adset_ids=120240525698990246&selected_ad_ids=120240562880640246&date=2026-01-01_2026-06-12&insight_date=2026-01-01_2026-06-12&comparison_date=2026-01-01_2026-06-12,California Modesto Mission,,0.012195122
120240562880640246,% Found Attending Sacrament,Grow,https://business.facebook.com/adsmanager/manage/ads?act=1405980847467818&selected_campaign_ids=120240525698980246&selected_adset_ids=120240525698990246&selected_ad_ids=120240562880640246&date=2026-01-01_2026-06-12&insight_date=2026-01-01_2026-06-12&comparison_date=2026-01-01_2026-06-12,California Modesto Mission,,0.036585366
120240562880640246,People Baptized and Confirmed,Grow,https://business.facebook.com/adsmanager/manage/ads?act=1405980847467818&selected_campaign_ids=120240525698980246&selected_adset_ids=120240525698990246&selected_ad_ids=120240562880640246&date=2026-01-01_2026-06-12&insight_date=2026-01-01_2026-06-12&comparison_date=2026-01-01_2026-06-12,California Modesto Mission,,1
120240562880640246,People Who Attended Sacrament,Grow,https://business.facebook.com/adsmanager/manage/ads?act=1405980847467818&selected_campaign_ids=120240525698980246&selected_adset_ids=120240525698990246&selected_ad_ids=120240562880640246&date=2026-01-01_2026-06-12&insight_date=2026-01-01_2026-06-12&comparison_date=2026-01-01_2026-06-12,California Modesto Mission,,3
120240562880640246,New People Being Taught,Grow,https://business.facebook.com/adsmanager/manage/ads?act=1405980847467818&selected_campaign_ids=120240525698980246&selected_adset_ids=120240525698990246&selected_ad_ids=120240562880640246&date=2026-01-01_2026-06-12&insight_date=2026-01-01_2026-06-12&comparison_date=2026-01-01_2026-06-12,California Modesto Mission,,23
120240562880640246,Cost Per Facebook Lead,Grow,https://business.facebook.com/adsmanager/manage/ads?act=1405980847467818&selected_campaign_ids=120240525698980246&selected_adset_ids=120240525698990246&selected_ad_ids=120240562880640246&date=2026-01-01_2026-06-12&insight_date=2026-01-01_2026-06-12&comparison_date=2026-01-01_2026-06-12,California Modesto Mission,,28.384277344
120240562880640246,Ad Leads,Grow,https://business.facebook.com/adsmanager/manage/ads?act=1405980847467818&selected_campaign_ids=120240525698980246&selected_adset_ids=120240525698990246&selected_ad_ids=120240562880640246&date=2026-01-01_2026-06-12&insight_date=2026-01-01_2026-06-12&comparison_date=2026-01-01_2026-06-12,California Modesto Mission,,102.4
120240562880640246,People Found,Grow,https://business.facebook.com/adsmanager/manage/ads?act=1405980847467818&selected_campaign_ids=120240525698980246&selected_adset_ids=120240525698990246&selected_ad_ids=120240562880640246&date=2026-01-01_2026-06-12&insight_date=2026-01-01_2026-06-12&comparison_date=2026-01-01_2026-06-12,California Modesto Mission,,82
120234880956400727,Forecasted Cost Per Baptism,Grow,https://business.facebook.com/adsmanager/manage/ads?act=305551410810029&selected_campaign_ids=120234880931670727&selected_adset_ids=120234880933430727&selected_ad_ids=120234880956400727&date=2026-01-01_2026-06-12&insight_date=2026-01-01_2026-06-12&comparison_date=2026-01-01_2026-06-12,Arizona Tucson Mission,,2214.074740023
120234880956400727,Forecasted Baptisms,Grow,https://business.facebook.com/adsmanager/manage/ads?act=305551410810029&selected_campaign_ids=120234880931670727&selected_adset_ids=120234880933430727&selected_ad_ids=120234880956400727&date=2026-01-01_2026-06-12&insight_date=2026-01-01_2026-06-12&comparison_date=2026-01-01_2026-06-12,Arizona Tucson Mission,,2.187301952
120234880956400727,Forecasted % Found Baptized,Grow,https://business.facebook.com/adsmanager/manage/ads?act=305551410810029&selected_campaign_ids=120234880931670727&selected_adset_ids=120234880933430727&selected_ad_ids=120234880956400727&date=2026-01-01_2026-06-12&insight_date=2026-01-01_2026-06-12&comparison_date=2026-01-01_2026-06-12,Arizona Tucson Mission,,0.025433744
120234880956400727,% Found Baptized,Grow,https://business.facebook.com/adsmanager/manage/ads?act=305551410810029&selected_campaign_ids=120234880931670727&selected_adset_ids=120234880933430727&selected_ad_ids=120234880956400727&date=2026-01-01_2026-06-12&insight_date=2026-01-01_2026-06-12&comparison_date=2026-01-01_2026-06-12,Arizona Tucson Mission,,0.023255814
120234880956400727,% Found Attending Sacrament,Grow,https://business.facebook.com/adsmanager/manage/ads?act=305551410810029&selected_campaign_ids=120234880931670727&selected_adset_ids=120234880933430727&selected_ad_ids=120234880956400727&date=2026-01-01_2026-06-12&insight_date=2026-01-01_2026-06-12&comparison_date=2026-01-01_2026-06-12,Arizona Tucson Mission,,0.058139535
120234880956400727,People Baptized and Confirmed,Grow,https://business.facebook.com/adsmanager/manage/ads?act=305551410810029&selected_campaign_ids=120234880931670727&selected_adset_ids=120234880933430727&selected_ad_ids=120234880956400727&date=2026-01-01_2026-06-12&insight_date=2026-01-01_2026-06-12&comparison_date=2026-01-01_2026-06-12,Arizona Tucson Mission,,2
120234880956400727,People Who Attended Sacrament,Grow,https://business.facebook.com/adsmanager/manage/ads?act=305551410810029&selected_campaign_ids=120234880931670727&selected_adset_ids=120234880933430727&selected_ad_ids=120234880956400727&date=2026-01-01_2026-06-12&insight_date=2026-01-01_2026-06-12&comparison_date=2026-01-01_2026-06-12,Arizona Tucson Mission,,5
120234880956400727,New People Being Taught,Grow,https://business.facebook.com/adsmanager/manage/ads?act=305551410810029&selected_campaign_ids=120234880931670727&selected_adset_ids=120234880933430727&selected_ad_ids=120234880956400727&date=2026-01-01_2026-06-12&insight_date=2026-01-01_2026-06-12&comparison_date=2026-01-01_2026-06-12,Arizona Tucson Mission,,22
120234880956400727,Cost Per Facebook Lead,Grow,https://business.facebook.com/adsmanager/manage/ads?act=305551410810029&selected_campaign_ids=120234880931670727&selected_adset_ids=120234880933430727&selected_ad_ids=120234880956400727&date=2026-01-01_2026-06-12&insight_date=2026-01-01_2026-06-12&comparison_date=2026-01-01_2026-06-12,Arizona Tucson Mission,,28.941334661
120234880956400727,Ad Leads,Grow,https://business.facebook.com/adsmanager/manage/ads?act=305551410810029&selected_campaign_ids=120234880931670727&selected_adset_ids=120234880933430727&selected_ad_ids=120234880956400727&date=2026-01-01_2026-06-12&insight_date=2026-01-01_2026-06-12&comparison_date=2026-01-01_2026-06-12,Arizona Tucson Mission,,167.333333333
120234880956400727,People Found,Grow,https://business.facebook.com/adsmanager/manage/ads?act=305551410810029&selected_campaign_ids=120234880931670727&selected_adset_ids=120234880933430727&selected_ad_ids=120234880956400727&date=2026-01-01_2026-06-12&insight_date=2026-01-01_2026-06-12&comparison_date=2026-01-01_2026-06-12,Arizona Tucson Mission,,86
120236744937000524,Forecasted Cost Per Baptism,Grow,https://business.facebook.com/adsmanager/manage/ads?act=2683631865285420&selected_campaign_ids=120236744774300524&selected_adset_ids=120236744774340524&selected_ad_ids=120236744937000524&date=2026-01-01_2026-06-12&insight_date=2026-01-01_2026-06-12&comparison_date=2026-01-01_2026-06-12,Washington DC South Mission,,1956.829004537
120236744937000524,Forecasted Baptisms,Grow,https://business.facebook.com/adsmanager/manage/ads?act=2683631865285420&selected_campaign_ids=120236744774300524&selected_adset_ids=120236744774340524&selected_ad_ids=120236744937000524&date=2026-01-01_2026-06-12&insight_date=2026-01-01_2026-06-12&comparison_date=2026-01-01_2026-06-12,Washington DC South Mission,,1.284731570
120236744937000524,Forecasted % Found Baptized,Grow,https://business.facebook.com/adsmanager/manage/ads?act=2683631865285420&selected_campaign_ids=120236744774300524&selected_adset_ids=120236744774340524&selected_ad_ids=120236744937000524&date=2026-01-01_2026-06-12&insight_date=2026-01-01_2026-06-12&comparison_date=2026-01-01_2026-06-12,Washington DC South Mission,,0.018893111
120236744937000524,% Found Baptized,Grow,https://business.facebook.com/adsmanager/manage/ads?act=2683631865285420&selected_campaign_ids=120236744774300524&selected_adset_ids=120236744774340524&selected_ad_ids=120236744937000524&date=2026-01-01_2026-06-12&insight_date=2026-01-01_2026-06-12&comparison_date=2026-01-01_2026-06-12,Washington DC South Mission,,0.014705882
120236744937000524,% Found Attending Sacrament,Grow,https://business.facebook.com/adsmanager/manage/ads?act=2683631865285420&selected_campaign_ids=120236744774300524&selected_adset_ids=120236744774340524&selected_ad_ids=120236744937000524&date=2026-01-01_2026-06-12&insight_date=2026-01-01_2026-06-12&comparison_date=2026-01-01_2026-06-12,Washington DC South Mission,,0.117647059
120236744937000524,People Baptized and Confirmed,Grow,https://business.facebook.com/adsmanager/manage/ads?act=2683631865285420&selected_campaign_ids=120236744774300524&selected_adset_ids=120236744774340524&selected_ad_ids=120236744937000524&date=2026-01-01_2026-06-12&insight_date=2026-01-01_2026-06-12&comparison_date=2026-01-01_2026-06-12,Washington DC South Mission,,1
120236744937000524,People Who Attended Sacrament,Grow,https://business.facebook.com/adsmanager/manage/ads?act=2683631865285420&selected_campaign_ids=120236744774300524&selected_adset_ids=120236744774340524&selected_ad_ids=120236744937000524&date=2026-01-01_2026-06-12&insight_date=2026-01-01_2026-06-12&comparison_date=2026-01-01_2026-06-12,Washington DC South Mission,,8
120236744937000524,New People Being Taught,Grow,https://business.facebook.com/adsmanager/manage/ads?act=2683631865285420&selected_campaign_ids=120236744774300524&selected_adset_ids=120236744774340524&selected_ad_ids=120236744937000524&date=2026-01-01_2026-06-12&insight_date=2026-01-01_2026-06-12&comparison_date=2026-01-01_2026-06-12,Washington DC South Mission,,25
120236744937000524,Cost Per Facebook Lead,Grow,https://business.facebook.com/adsmanager/manage/ads?act=2683631865285420&selected_campaign_ids=120236744774300524&selected_adset_ids=120236744774340524&selected_ad_ids=120236744937000524&date=2026-01-01_2026-06-12&insight_date=2026-01-01_2026-06-12&comparison_date=2026-01-01_2026-06-12,Washington DC South Mission,,24.891089109
120236744937000524,Ad Leads,Grow,https://business.facebook.com/adsmanager/manage/ads?act=2683631865285420&selected_campaign_ids=120236744774300524&selected_adset_ids=120236744774340524&selected_ad_ids=120236744937000524&date=2026-01-01_2026-06-12&insight_date=2026-01-01_2026-06-12&comparison_date=2026-01-01_2026-06-12,Washington DC South Mission,,101
120236744937000524,People Found,Grow,https://business.facebook.com/adsmanager/manage/ads?act=2683631865285420&selected_campaign_ids=120236744774300524&selected_adset_ids=120236744774340524&selected_ad_ids=120236744937000524&date=2026-01-01_2026-06-12&insight_date=2026-01-01_2026-06-12&comparison_date=2026-01-01_2026-06-12,Washington DC South Mission,,68
120245791741310116,Forecasted Cost Per Baptism,-,https://business.facebook.com/adsmanager/manage/ads?act=969086184816615&selected_campaign_ids=120245790961760116&selected_adset_ids=120245790961930116&selected_ad_ids=120245791741310116&date=2026-01-01_2026-06-12&insight_date=2026-01-01_2026-06-12&comparison_date=2026-01-01_2026-06-12,Tennessee Nashville Mission,,1896.419190286
120245791741310116,Forecasted Baptisms,-,https://business.facebook.com/adsmanager/manage/ads?act=969086184816615&selected_campaign_ids=120245790961760116&selected_adset_ids=120245790961930116&selected_ad_ids=120245791741310116&date=2026-01-01_2026-06-12&insight_date=2026-01-01_2026-06-12&comparison_date=2026-01-01_2026-06-12,Tennessee Nashville Mission,,0.811529438
120245791741310116,Forecasted % Found Baptized,-,https://business.facebook.com/adsmanager/manage/ads?act=969086184816615&selected_campaign_ids=120245790961760116&selected_adset_ids=120245790961930116&selected_ad_ids=120245791741310116&date=2026-01-01_2026-06-12&insight_date=2026-01-01_2026-06-12&comparison_date=2026-01-01_2026-06-12,Tennessee Nashville Mission,,0.024591801
120245791741310116,% Found Baptized,-,https://business.facebook.com/adsmanager/manage/ads?act=969086184816615&selected_campaign_ids=120245790961760116&selected_adset_ids=120245790961930116&selected_ad_ids=120245791741310116&date=2026-01-01_2026-06-12&insight_date=2026-01-01_2026-06-12&comparison_date=2026-01-01_2026-06-12,Tennessee Nashville Mission,,0
120245791741310116,% Found Attending Sacrament,-,https://business.facebook.com/adsmanager/manage/ads?act=969086184816615&selected_campaign_ids=120245790961760116&selected_adset_ids=120245790961930116&selected_ad_ids=120245791741310116&date=2026-01-01_2026-06-12&insight_date=2026-01-01_2026-06-12&comparison_date=2026-01-01_2026-06-12,Tennessee Nashville Mission,,0.121212121
120245791741310116,People Baptized and Confirmed,-,https://business.facebook.com/adsmanager/manage/ads?act=969086184816615&selected_campaign_ids=120245790961760116&selected_adset_ids=120245790961930116&selected_ad_ids=120245791741310116&date=2026-01-01_2026-06-12&insight_date=2026-01-01_2026-06-12&comparison_date=2026-01-01_2026-06-12,Tennessee Nashville Mission,,0
120245791741310116,People Who Attended Sacrament,-,https://business.facebook.com/adsmanager/manage/ads?act=969086184816615&selected_campaign_ids=120245790961760116&selected_adset_ids=120245790961930116&selected_ad_ids=120245791741310116&date=2026-01-01_2026-06-12&insight_date=2026-01-01_2026-06-12&comparison_date=2026-01-01_2026-06-12,Tennessee Nashville Mission,,4
120245791741310116,New People Being Taught,-,https://business.facebook.com/adsmanager/manage/ads?act=969086184816615&selected_campaign_ids=120245790961760116&selected_adset_ids=120245790961930116&selected_ad_ids=120245791741310116&date=2026-01-01_2026-06-12&insight_date=2026-01-01_2026-06-12&comparison_date=2026-01-01_2026-06-12,Tennessee Nashville Mission,,12
120245791741310116,Cost Per Facebook Lead,-,https://business.facebook.com/adsmanager/manage/ads?act=969086184816615&selected_campaign_ids=120245790961760116&selected_adset_ids=120245790961930116&selected_ad_ids=120245791741310116&date=2026-01-01_2026-06-12&insight_date=2026-01-01_2026-06-12&comparison_date=2026-01-01_2026-06-12,Tennessee Nashville Mission,,48.09375
120245791741310116,Ad Leads,-,https://business.facebook.com/adsmanager/manage/ads?act=969086184816615&selected_campaign_ids=120245790961760116&selected_adset_ids=120245790961930116&selected_ad_ids=120245791741310116&date=2026-01-01_2026-06-12&insight_date=2026-01-01_2026-06-12&comparison_date=2026-01-01_2026-06-12,Tennessee Nashville Mission,,32
120245791741310116,People Found,-,https://business.facebook.com/adsmanager/manage/ads?act=969086184816615&selected_campaign_ids=120245790961760116&selected_adset_ids=120245790961930116&selected_ad_ids=120245791741310116&date=2026-01-01_2026-06-12&insight_date=2026-01-01_2026-06-12&comparison_date=2026-01-01_2026-06-12,Tennessee Nashville Mission,,33
120236047446260727,Forecasted Cost Per Baptism,Grow,https://business.facebook.com/adsmanager/manage/ads?act=238929060375046&selected_campaign_ids=120236047053750727&selected_adset_ids=120236047446250727&selected_ad_ids=120236047446260727&date=2026-01-01_2026-06-12&insight_date=2026-01-01_2026-06-12&comparison_date=2026-01-01_2026-06-12,Nevada Reno Mission,,1822.936482764
120236047446260727,Forecasted Baptisms,Grow,https://business.facebook.com/adsmanager/manage/ads?act=238929060375046&selected_campaign_ids=120236047053750727&selected_adset_ids=120236047446250727&selected_ad_ids=120236047446260727&date=2026-01-01_2026-06-12&insight_date=2026-01-01_2026-06-12&comparison_date=2026-01-01_2026-06-12,Nevada Reno Mission,,1.242500779
120236047446260727,Forecasted % Found Baptized,Grow,https://business.facebook.com/adsmanager/manage/ads?act=238929060375046&selected_campaign_ids=120236047053750727&selected_adset_ids=120236047446250727&selected_ad_ids=120236047446260727&date=2026-01-01_2026-06-12&insight_date=2026-01-01_2026-06-12&comparison_date=2026-01-01_2026-06-12,Nevada Reno Mission,,0.024850016
120236047446260727,% Found Baptized,Grow,https://business.facebook.com/adsmanager/manage/ads?act=238929060375046&selected_campaign_ids=120236047053750727&selected_adset_ids=120236047446250727&selected_ad_ids=120236047446260727&date=2026-01-01_2026-06-12&insight_date=2026-01-01_2026-06-12&comparison_date=2026-01-01_2026-06-12,Nevada Reno Mission,,0.02
120236047446260727,% Found Attending Sacrament,Grow,https://business.facebook.com/adsmanager/manage/ads?act=238929060375046&selected_campaign_ids=120236047053750727&selected_adset_ids=120236047446250727&selected_ad_ids=120236047446260727&date=2026-01-01_2026-06-12&insight_date=2026-01-01_2026-06-12&comparison_date=2026-01-01_2026-06-12,Nevada Reno Mission,,0.06
120236047446260727,People Baptized and Confirmed,Grow,https://business.facebook.com/adsmanager/manage/ads?act=238929060375046&selected_campaign_ids=120236047053750727&selected_adset_ids=120236047446250727&selected_ad_ids=120236047446260727&date=2026-01-01_2026-06-12&insight_date=2026-01-01_2026-06-12&comparison_date=2026-01-01_2026-06-12,Nevada Reno Mission,,1
120236047446260727,People Who Attended Sacrament,Grow,https://business.facebook.com/adsmanager/manage/ads?act=238929060375046&selected_campaign_ids=120236047053750727&selected_adset_ids=120236047446250727&selected_ad_ids=120236047446260727&date=2026-01-01_2026-06-12&insight_date=2026-01-01_2026-06-12&comparison_date=2026-01-01_2026-06-12,Nevada Reno Mission,,3
120236047446260727,New People Being Taught,Grow,https://business.facebook.com/adsmanager/manage/ads?act=238929060375046&selected_campaign_ids=120236047053750727&selected_adset_ids=120236047446250727&selected_ad_ids=120236047446260727&date=2026-01-01_2026-06-12&insight_date=2026-01-01_2026-06-12&comparison_date=2026-01-01_2026-06-12,Nevada Reno Mission,,10
120236047446260727,Cost Per Facebook Lead,Grow,https://business.facebook.com/adsmanager/manage/ads?act=238929060375046&selected_campaign_ids=120236047053750727&selected_adset_ids=120236047446250727&selected_ad_ids=120236047446260727&date=2026-01-01_2026-06-12&insight_date=2026-01-01_2026-06-12&comparison_date=2026-01-01_2026-06-12,Nevada Reno Mission,,33.431734317
120236047446260727,Ad Leads,Grow,https://business.facebook.com/adsmanager/manage/ads?act=238929060375046&selected_campaign_ids=120236047053750727&selected_adset_ids=120236047446250727&selected_ad_ids=120236047446260727&date=2026-01-01_2026-06-12&insight_date=2026-01-01_2026-06-12&comparison_date=2026-01-01_2026-06-12,Nevada Reno Mission,,67.75
120236047446260727,People Found,Grow,https://business.facebook.com/adsmanager/manage/ads?act=238929060375046&selected_campaign_ids=120236047053750727&selected_adset_ids=120236047446250727&selected_ad_ids=120236047446260727&date=2026-01-01_2026-06-12&insight_date=2026-01-01_2026-06-12&comparison_date=2026-01-01_2026-06-12,Nevada Reno Mission,,50
120238560760170374,Forecasted Cost Per Baptism,Grow,https://business.facebook.com/adsmanager/manage/ads?act=1907108976031694&selected_campaign_ids=120238502338300374&selected_adset_ids=120238560752670374&selected_ad_ids=120238560760170374&date=2026-01-01_2026-06-12&insight_date=2026-01-01_2026-06-12&comparison_date=2026-01-01_2026-06-12,North Dakota Bismarck Mission,,1757.566138411
120238560760170374,Forecasted Baptisms,Grow,https://business.facebook.com/adsmanager/manage/ads?act=1907108976031694&selected_campaign_ids=120238502338300374&selected_adset_ids=120238560752670374&selected_ad_ids=120238560760170374&date=2026-01-01_2026-06-12&insight_date=2026-01-01_2026-06-12&comparison_date=2026-01-01_2026-06-12,North Dakota Bismarck Mission,,1.924101540
120238560760170374,Forecasted % Found Baptized,Grow,https://business.facebook.com/adsmanager/manage/ads?act=1907108976031694&selected_campaign_ids=120238502338300374&selected_adset_ids=120238560752670374&selected_ad_ids=120238560760170374&date=2026-01-01_2026-06-12&insight_date=2026-01-01_2026-06-12&comparison_date=2026-01-01_2026-06-12,North Dakota Bismarck Mission,,0.010689453
120238560760170374,% Found Baptized,Grow,https://business.facebook.com/adsmanager/manage/ads?act=1907108976031694&selected_campaign_ids=120238502338300374&selected_adset_ids=120238560752670374&selected_ad_ids=120238560760170374&date=2026-01-01_2026-06-12&insight_date=2026-01-01_2026-06-12&comparison_date=2026-01-01_2026-06-12,North Dakota Bismarck Mission,,0.005555556
120238560760170374,% Found Attending Sacrament,Grow,https://business.facebook.com/adsmanager/manage/ads?act=1907108976031694&selected_campaign_ids=120238502338300374&selected_adset_ids=120238560752670374&selected_ad_ids=120238560760170374&date=2026-01-01_2026-06-12&insight_date=2026-01-01_2026-06-12&comparison_date=2026-01-01_2026-06-12,North Dakota Bismarck Mission,,0.05
120238560760170374,People Baptized and Confirmed,Grow,https://business.facebook.com/adsmanager/manage/ads?act=1907108976031694&selected_campaign_ids=120238502338300374&selected_adset_ids=120238560752670374&selected_ad_ids=120238560760170374&date=2026-01-01_2026-06-12&insight_date=2026-01-01_2026-06-12&comparison_date=2026-01-01_2026-06-12,North Dakota Bismarck Mission,,1
120238560760170374,People Who Attended Sacrament,Grow,https://business.facebook.com/adsmanager/manage/ads?act=1907108976031694&selected_campaign_ids=120238502338300374&selected_adset_ids=120238560752670374&selected_ad_ids=120238560760170374&date=2026-01-01_2026-06-12&insight_date=2026-01-01_2026-06-12&comparison_date=2026-01-01_2026-06-12,North Dakota Bismarck Mission,,9
120238560760170374,New People Being Taught,Grow,https://business.facebook.com/adsmanager/manage/ads?act=1907108976031694&selected_campaign_ids=120238502338300374&selected_adset_ids=120238560752670374&selected_ad_ids=120238560760170374&date=2026-01-01_2026-06-12&insight_date=2026-01-01_2026-06-12&comparison_date=2026-01-01_2026-06-12,North Dakota Bismarck Mission,,118
120238560760170374,Cost Per Facebook Lead,Grow,https://business.facebook.com/adsmanager/manage/ads?act=1907108976031694&selected_campaign_ids=120238502338300374&selected_adset_ids=120238560752670374&selected_ad_ids=120238560760170374&date=2026-01-01_2026-06-12&insight_date=2026-01-01_2026-06-12&comparison_date=2026-01-01_2026-06-12,North Dakota Bismarck Mission,,36.401891435
120238560760170374,Ad Leads,Grow,https://business.facebook.com/adsmanager/manage/ads?act=1907108976031694&selected_campaign_ids=120238502338300374&selected_adset_ids=120238560752670374&selected_ad_ids=120238560760170374&date=2026-01-01_2026-06-12&insight_date=2026-01-01_2026-06-12&comparison_date=2026-01-01_2026-06-12,North Dakota Bismarck Mission,,92.9
120238560760170374,People Found,Grow,https://business.facebook.com/adsmanager/manage/ads?act=1907108976031694&selected_campaign_ids=120238502338300374&selected_adset_ids=120238560752670374&selected_ad_ids=120238560760170374&date=2026-01-01_2026-06-12&insight_date=2026-01-01_2026-06-12&comparison_date=2026-01-01_2026-06-12,North Dakota Bismarck Mission,,180
120237266028900714,Forecasted Cost Per Baptism,Grow,https://business.facebook.com/adsmanager/manage/ads?act=2475001822720339&selected_campaign_ids=120237266022130714&selected_adset_ids=120237266024000714&selected_ad_ids=120237266028900714&date=2026-01-01_2026-06-12&insight_date=2026-01-01_2026-06-12&comparison_date=2026-01-01_2026-06-12,Arizona Mesa Mission,,1694.662709392
120237266028900714,Forecasted Baptisms,Grow,https://business.facebook.com/adsmanager/manage/ads?act=2475001822720339&selected_campaign_ids=120237266022130714&selected_adset_ids=120237266024000714&selected_ad_ids=120237266028900714&date=2026-01-01_2026-06-12&insight_date=2026-01-01_2026-06-12&comparison_date=2026-01-01_2026-06-12,Arizona Mesa Mission,,1.165797372
120237266028900714,Forecasted % Found Baptized,Grow,https://business.facebook.com/adsmanager/manage/ads?act=2475001822720339&selected_campaign_ids=120237266022130714&selected_adset_ids=120237266024000714&selected_ad_ids=120237266028900714&date=2026-01-01_2026-06-12&insight_date=2026-01-01_2026-06-12&comparison_date=2026-01-01_2026-06-12,Arizona Mesa Mission,,0.025343421
120237266028900714,% Found Baptized,Grow,https://business.facebook.com/adsmanager/manage/ads?act=2475001822720339&selected_campaign_ids=120237266022130714&selected_adset_ids=120237266024000714&selected_ad_ids=120237266028900714&date=2026-01-01_2026-06-12&insight_date=2026-01-01_2026-06-12&comparison_date=2026-01-01_2026-06-12,Arizona Mesa Mission,,0.021739130
120237266028900714,% Found Attending Sacrament,Grow,https://business.facebook.com/adsmanager/manage/ads?act=2475001822720339&selected_campaign_ids=120237266022130714&selected_adset_ids=120237266024000714&selected_ad_ids=120237266028900714&date=2026-01-01_2026-06-12&insight_date=2026-01-01_2026-06-12&comparison_date=2026-01-01_2026-06-12,Arizona Mesa Mission,,0.065217391
120237266028900714,People Baptized and Confirmed,Grow,https://business.facebook.com/adsmanager/manage/ads?act=2475001822720339&selected_campaign_ids=120237266022130714&selected_adset_ids=120237266024000714&selected_ad_ids=120237266028900714&date=2026-01-01_2026-06-12&insight_date=2026-01-01_2026-06-12&comparison_date=2026-01-01_2026-06-12,Arizona Mesa Mission,,1
120237266028900714,People Who Attended Sacrament,Grow,https://business.facebook.com/adsmanager/manage/ads?act=2475001822720339&selected_campaign_ids=120237266022130714&selected_adset_ids=120237266024000714&selected_ad_ids=120237266028900714&date=2026-01-01_2026-06-12&insight_date=2026-01-01_2026-06-12&comparison_date=2026-01-01_2026-06-12,Arizona Mesa Mission,,3
120237266028900714,New People Being Taught,Grow,https://business.facebook.com/adsmanager/manage/ads?act=2475001822720339&selected_campaign_ids=120237266022130714&selected_adset_ids=120237266024000714&selected_ad_ids=120237266028900714&date=2026-01-01_2026-06-12&insight_date=2026-01-01_2026-06-12&comparison_date=2026-01-01_2026-06-12,Arizona Mesa Mission,,17
120237266028900714,Cost Per Facebook Lead,Grow,https://business.facebook.com/adsmanager/manage/ads?act=2475001822720339&selected_campaign_ids=120237266022130714&selected_adset_ids=120237266024000714&selected_ad_ids=120237266028900714&date=2026-01-01_2026-06-12&insight_date=2026-01-01_2026-06-12&comparison_date=2026-01-01_2026-06-12,Arizona Mesa Mission,,38.826727809
120237266028900714,Ad Leads,Grow,https://business.facebook.com/adsmanager/manage/ads?act=2475001822720339&selected_campaign_ids=120237266022130714&selected_adset_ids=120237266024000714&selected_ad_ids=120237266028900714&date=2026-01-01_2026-06-12&insight_date=2026-01-01_2026-06-12&comparison_date=2026-01-01_2026-06-12,Arizona Mesa Mission,,50.883333333
120237266028900714,People Found,Grow,https://business.facebook.com/adsmanager/manage/ads?act=2475001822720339&selected_campaign_ids=120237266022130714&selected_adset_ids=120237266024000714&selected_ad_ids=120237266028900714&date=2026-01-01_2026-06-12&insight_date=2026-01-01_2026-06-12&comparison_date=2026-01-01_2026-06-12,Arizona Mesa Mission,,46
120234788230550218,Forecasted Cost Per Baptism,Grow,https://business.facebook.com/adsmanager/manage/ads?act=2690826994537559&selected_campaign_ids=120234788199470218&selected_adset_ids=120234788203140218&selected_ad_ids=120234788230550218&date=2026-01-01_2026-06-12&insight_date=2026-01-01_2026-06-12&comparison_date=2026-01-01_2026-06-12,California San Jose Mission,,1690.717312356
120234788230550218,Forecasted Baptisms,Grow,https://business.facebook.com/adsmanager/manage/ads?act=2690826994537559&selected_campaign_ids=120234788199470218&selected_adset_ids=120234788203140218&selected_ad_ids=120234788230550218&date=2026-01-01_2026-06-12&insight_date=2026-01-01_2026-06-12&comparison_date=2026-01-01_2026-06-12,California San Jose Mission,,2.358457360
120234788230550218,Forecasted % Found Baptized,Grow,https://business.facebook.com/adsmanager/manage/ads?act=2690826994537559&selected_campaign_ids=120234788199470218&selected_adset_ids=120234788203140218&selected_ad_ids=120234788230550218&date=2026-01-01_2026-06-12&insight_date=2026-01-01_2026-06-12&comparison_date=2026-01-01_2026-06-12,California San Jose Mission,,0.022677475
120234788230550218,% Found Baptized,Grow,https://business.facebook.com/adsmanager/manage/ads?act=2690826994537559&selected_campaign_ids=120234788199470218&selected_adset_ids=120234788203140218&selected_ad_ids=120234788230550218&date=2026-01-01_2026-06-12&insight_date=2026-01-01_2026-06-12&comparison_date=2026-01-01_2026-06-12,California San Jose Mission,,0.019230769
120234788230550218,% Found Attending Sacrament,Grow,https://business.facebook.com/adsmanager/manage/ads?act=2690826994537559&selected_campaign_ids=120234788199470218&selected_adset_ids=120234788203140218&selected_ad_ids=120234788230550218&date=2026-01-01_2026-06-12&insight_date=2026-01-01_2026-06-12&comparison_date=2026-01-01_2026-06-12,California San Jose Mission,,0.134615385
120234788230550218,People Baptized and Confirmed,Grow,https://business.facebook.com/adsmanager/manage/ads?act=2690826994537559&selected_campaign_ids=120234788199470218&selected_adset_ids=120234788203140218&selected_ad_ids=120234788230550218&date=2026-01-01_2026-06-12&insight_date=2026-01-01_2026-06-12&comparison_date=2026-01-01_2026-06-12,California San Jose Mission,,2
120234788230550218,People Who Attended Sacrament,Grow,https://business.facebook.com/adsmanager/manage/ads?act=2690826994537559&selected_campaign_ids=120234788199470218&selected_adset_ids=120234788203140218&selected_ad_ids=120234788230550218&date=2026-01-01_2026-06-12&insight_date=2026-01-01_2026-06-12&comparison_date=2026-01-01_2026-06-12,California San Jose Mission,,14
120234788230550218,New People Being Taught,Grow,https://business.facebook.com/adsmanager/manage/ads?act=2690826994537559&selected_campaign_ids=120234788199470218&selected_adset_ids=120234788203140218&selected_ad_ids=120234788230550218&date=2026-01-01_2026-06-12&insight_date=2026-01-01_2026-06-12&comparison_date=2026-01-01_2026-06-12,California San Jose Mission,,31
120234788230550218,Cost Per Facebook Lead,Grow,https://business.facebook.com/adsmanager/manage/ads?act=2690826994537559&selected_campaign_ids=120234788199470218&selected_adset_ids=120234788203140218&selected_ad_ids=120234788230550218&date=2026-01-01_2026-06-12&insight_date=2026-01-01_2026-06-12&comparison_date=2026-01-01_2026-06-12,California San Jose Mission,,30.801371840
120234788230550218,Ad Leads,Grow,https://business.facebook.com/adsmanager/manage/ads?act=2690826994537559&selected_campaign_ids=120234788199470218&selected_adset_ids=120234788203140218&selected_ad_ids=120234788230550218&date=2026-01-01_2026-06-12&insight_date=2026-01-01_2026-06-12&comparison_date=2026-01-01_2026-06-12,California San Jose Mission,,129.458022533
120234788230550218,People Found,Grow,https://business.facebook.com/adsmanager/manage/ads?act=2690826994537559&selected_campaign_ids=120234788199470218&selected_adset_ids=120234788203140218&selected_ad_ids=120234788230550218&date=2026-01-01_2026-06-12&insight_date=2026-01-01_2026-06-12&comparison_date=2026-01-01_2026-06-12,California San Jose Mission,,104
120240492565810524,Forecasted Cost Per Baptism,Grow,https://business.facebook.com/adsmanager/manage/ads?act=2683631865285420&selected_campaign_ids=120240492456060524&selected_adset_ids=120240492456080524&selected_ad_ids=120240492565810524&date=2026-01-01_2026-06-12&insight_date=2026-01-01_2026-06-12&comparison_date=2026-01-01_2026-06-12,Washington DC South Mission,,1596.079037812
120240492565810524,Forecasted Baptisms,Grow,https://business.facebook.com/adsmanager/manage/ads?act=2683631865285420&selected_campaign_ids=120240492456060524&selected_adset_ids=120240492456080524&selected_ad_ids=120240492565810524&date=2026-01-01_2026-06-12&insight_date=2026-01-01_2026-06-12&comparison_date=2026-01-01_2026-06-12,Washington DC South Mission,,1.178199798
120240492565810524,Forecasted % Found Baptized,Grow,https://business.facebook.com/adsmanager/manage/ads?act=2683631865285420&selected_campaign_ids=120240492456060524&selected_adset_ids=120240492456080524&selected_ad_ids=120240492565810524&date=2026-01-01_2026-06-12&insight_date=2026-01-01_2026-06-12&comparison_date=2026-01-01_2026-06-12,Washington DC South Mission,,0.014913921
120240492565810524,% Found Baptized,Grow,https://business.facebook.com/adsmanager/manage/ads?act=2683631865285420&selected_campaign_ids=120240492456060524&selected_adset_ids=120240492456080524&selected_ad_ids=120240492565810524&date=2026-01-01_2026-06-12&insight_date=2026-01-01_2026-06-12&comparison_date=2026-01-01_2026-06-12,Washington DC South Mission,,0
120240492565810524,% Found Attending Sacrament,Grow,https://business.facebook.com/adsmanager/manage/ads?act=2683631865285420&selected_campaign_ids=120240492456060524&selected_adset_ids=120240492456080524&selected_ad_ids=120240492565810524&date=2026-01-01_2026-06-12&insight_date=2026-01-01_2026-06-12&comparison_date=2026-01-01_2026-06-12,Washington DC South Mission,,0.088607595
120240492565810524,People Baptized and Confirmed,Grow,https://business.facebook.com/adsmanager/manage/ads?act=2683631865285420&selected_campaign_ids=120240492456060524&selected_adset_ids=120240492456080524&selected_ad_ids=120240492565810524&date=2026-01-01_2026-06-12&insight_date=2026-01-01_2026-06-12&comparison_date=2026-01-01_2026-06-12,Washington DC South Mission,,0
120240492565810524,People Who Attended Sacrament,Grow,https://business.facebook.com/adsmanager/manage/ads?act=2683631865285420&selected_campaign_ids=120240492456060524&selected_adset_ids=120240492456080524&selected_ad_ids=120240492565810524&date=2026-01-01_2026-06-12&insight_date=2026-01-01_2026-06-12&comparison_date=2026-01-01_2026-06-12,Washington DC South Mission,,7
120240492565810524,New People Being Taught,Grow,https://business.facebook.com/adsmanager/manage/ads?act=2683631865285420&selected_campaign_ids=120240492456060524&selected_adset_ids=120240492456080524&selected_ad_ids=120240492565810524&date=2026-01-01_2026-06-12&insight_date=2026-01-01_2026-06-12&comparison_date=2026-01-01_2026-06-12,Washington DC South Mission,,19
120240492565810524,Cost Per Facebook Lead,Grow,https://business.facebook.com/adsmanager/manage/ads?act=2683631865285420&selected_campaign_ids=120240492456060524&selected_adset_ids=120240492456080524&selected_ad_ids=120240492565810524&date=2026-01-01_2026-06-12&insight_date=2026-01-01_2026-06-12&comparison_date=2026-01-01_2026-06-12,Washington DC South Mission,,20.384823848
120240492565810524,Ad Leads,Grow,https://business.facebook.com/adsmanager/manage/ads?act=2683631865285420&selected_campaign_ids=120240492456060524&selected_adset_ids=120240492456080524&selected_ad_ids=120240492565810524&date=2026-01-01_2026-06-12&insight_date=2026-01-01_2026-06-12&comparison_date=2026-01-01_2026-06-12,Washington DC South Mission,,92.25
120240492565810524,People Found,Grow,https://business.facebook.com/adsmanager/manage/ads?act=2683631865285420&selected_campaign_ids=120240492456060524&selected_adset_ids=120240492456080524&selected_ad_ids=120240492565810524&date=2026-01-01_2026-06-12&insight_date=2026-01-01_2026-06-12&comparison_date=2026-01-01_2026-06-12,Washington DC South Mission,,79
120238709619420714,Forecasted Cost Per Baptism,Grow,https://business.facebook.com/adsmanager/manage/ads?act=2475001822720339&selected_campaign_ids=120238629565920714&selected_adset_ids=120238709500220714&selected_ad_ids=120238709619420714&date=2026-01-01_2026-06-12&insight_date=2026-01-01_2026-06-12&comparison_date=2026-01-01_2026-06-12,Arizona Mesa Mission,,1532.305697709
120238709619420714,Forecasted Baptisms,Grow,https://business.facebook.com/adsmanager/manage/ads?act=2475001822720339&selected_campaign_ids=120238629565920714&selected_adset_ids=120238709500220714&selected_ad_ids=120238709619420714&date=2026-01-01_2026-06-12&insight_date=2026-01-01_2026-06-12&comparison_date=2026-01-01_2026-06-12,Arizona Mesa Mission,,1.273630758
120238709619420714,Forecasted % Found Baptized,Grow,https://business.facebook.com/adsmanager/manage/ads?act=2475001822720339&selected_campaign_ids=120238629565920714&selected_adset_ids=120238709500220714&selected_ad_ids=120238709619420714&date=2026-01-01_2026-06-12&insight_date=2026-01-01_2026-06-12&comparison_date=2026-01-01_2026-06-12,Arizona Mesa Mission,,0.025992464
120238709619420714,% Found Baptized,Grow,https://business.facebook.com/adsmanager/manage/ads?act=2475001822720339&selected_campaign_ids=120238629565920714&selected_adset_ids=120238709500220714&selected_ad_ids=120238709619420714&date=2026-01-01_2026-06-12&insight_date=2026-01-01_2026-06-12&comparison_date=2026-01-01_2026-06-12,Arizona Mesa Mission,,0.020408163
120238709619420714,% Found Attending Sacrament,Grow,https://business.facebook.com/adsmanager/manage/ads?act=2475001822720339&selected_campaign_ids=120238629565920714&selected_adset_ids=120238709500220714&selected_ad_ids=120238709619420714&date=2026-01-01_2026-06-12&insight_date=2026-01-01_2026-06-12&comparison_date=2026-01-01_2026-06-12,Arizona Mesa Mission,,0.081632653
120238709619420714,People Baptized and Confirmed,Grow,https://business.facebook.com/adsmanager/manage/ads?act=2475001822720339&selected_campaign_ids=120238629565920714&selected_adset_ids=120238709500220714&selected_ad_ids=120238709619420714&date=2026-01-01_2026-06-12&insight_date=2026-01-01_2026-06-12&comparison_date=2026-01-01_2026-06-12,Arizona Mesa Mission,,1
120238709619420714,People Who Attended Sacrament,Grow,https://business.facebook.com/adsmanager/manage/ads?act=2475001822720339&selected_campaign_ids=120238629565920714&selected_adset_ids=120238709500220714&selected_ad_ids=120238709619420714&date=2026-01-01_2026-06-12&insight_date=2026-01-01_2026-06-12&comparison_date=2026-01-01_2026-06-12,Arizona Mesa Mission,,4
120238709619420714,New People Being Taught,Grow,https://business.facebook.com/adsmanager/manage/ads?act=2475001822720339&selected_campaign_ids=120238629565920714&selected_adset_ids=120238709500220714&selected_ad_ids=120238709619420714&date=2026-01-01_2026-06-12&insight_date=2026-01-01_2026-06-12&comparison_date=2026-01-01_2026-06-12,Arizona Mesa Mission,,11
120238709619420714,Cost Per Facebook Lead,Grow,https://business.facebook.com/adsmanager/manage/ads?act=2475001822720339&selected_campaign_ids=120238629565920714&selected_adset_ids=120238709500220714&selected_ad_ids=120238709619420714&date=2026-01-01_2026-06-12&insight_date=2026-01-01_2026-06-12&comparison_date=2026-01-01_2026-06-12,Arizona Mesa Mission,,30.828126371
120238709619420714,Ad Leads,Grow,https://business.facebook.com/adsmanager/manage/ads?act=2475001822720339&selected_campaign_ids=120238629565920714&selected_adset_ids=120238709500220714&selected_ad_ids=120238709619420714&date=2026-01-01_2026-06-12&insight_date=2026-01-01_2026-06-12&comparison_date=2026-01-01_2026-06-12,Arizona Mesa Mission,,63.305555556
120238709619420714,People Found,Grow,https://business.facebook.com/adsmanager/manage/ads?act=2475001822720339&selected_campaign_ids=120238629565920714&selected_adset_ids=120238709500220714&selected_ad_ids=120238709619420714&date=2026-01-01_2026-06-12&insight_date=2026-01-01_2026-06-12&comparison_date=2026-01-01_2026-06-12,Arizona Mesa Mission,,49
120249106606130360,Forecasted Cost Per Baptism,-,https://business.facebook.com/adsmanager/manage/ads?act=1566346430181695&selected_campaign_ids=120249105778430360&selected_adset_ids=120249105778460360&selected_ad_ids=120249106606130360&date=2026-01-01_2026-06-12&insight_date=2026-01-01_2026-06-12&comparison_date=2026-01-01_2026-06-12,Wisconsin Milwaukee Mission,,1469.694909783
120249106606130360,Forecasted Baptisms,-,https://business.facebook.com/adsmanager/manage/ads?act=1566346430181695&selected_campaign_ids=120249105778430360&selected_adset_ids=120249105778460360&selected_ad_ids=120249106606130360&date=2026-01-01_2026-06-12&insight_date=2026-01-01_2026-06-12&comparison_date=2026-01-01_2026-06-12,Wisconsin Milwaukee Mission,,0.700145311
120249106606130360,Forecasted % Found Baptized,-,https://business.facebook.com/adsmanager/manage/ads?act=1566346430181695&selected_campaign_ids=120249105778430360&selected_adset_ids=120249105778460360&selected_ad_ids=120249106606130360&date=2026-01-01_2026-06-12&insight_date=2026-01-01_2026-06-12&comparison_date=2026-01-01_2026-06-12,Wisconsin Milwaukee Mission,,0.017503633
120249106606130360,% Found Baptized,-,https://business.facebook.com/adsmanager/manage/ads?act=1566346430181695&selected_campaign_ids=120249105778430360&selected_adset_ids=120249105778460360&selected_ad_ids=120249106606130360&date=2026-01-01_2026-06-12&insight_date=2026-01-01_2026-06-12&comparison_date=2026-01-01_2026-06-12,Wisconsin Milwaukee Mission,,0
120249106606130360,% Found Attending Sacrament,-,https://business.facebook.com/adsmanager/manage/ads?act=1566346430181695&selected_campaign_ids=120249105778430360&selected_adset_ids=120249105778460360&selected_ad_ids=120249106606130360&date=2026-01-01_2026-06-12&insight_date=2026-01-01_2026-06-12&comparison_date=2026-01-01_2026-06-12,Wisconsin Milwaukee Mission,,0.075
120249106606130360,People Baptized and Confirmed,-,https://business.facebook.com/adsmanager/manage/ads?act=1566346430181695&selected_campaign_ids=120249105778430360&selected_adset_ids=120249105778460360&selected_ad_ids=120249106606130360&date=2026-01-01_2026-06-12&insight_date=2026-01-01_2026-06-12&comparison_date=2026-01-01_2026-06-12,Wisconsin Milwaukee Mission,,0
120249106606130360,People Who Attended Sacrament,-,https://business.facebook.com/adsmanager/manage/ads?act=1566346430181695&selected_campaign_ids=120249105778430360&selected_adset_ids=120249105778460360&selected_ad_ids=120249106606130360&date=2026-01-01_2026-06-12&insight_date=2026-01-01_2026-06-12&comparison_date=2026-01-01_2026-06-12,Wisconsin Milwaukee Mission,,3
120249106606130360,New People Being Taught,-,https://business.facebook.com/adsmanager/manage/ads?act=1566346430181695&selected_campaign_ids=120249105778430360&selected_adset_ids=120249105778460360&selected_ad_ids=120249106606130360&date=2026-01-01_2026-06-12&insight_date=2026-01-01_2026-06-12&comparison_date=2026-01-01_2026-06-12,Wisconsin Milwaukee Mission,,3
120249106606130360,Cost Per Facebook Lead,-,https://business.facebook.com/adsmanager/manage/ads?act=1566346430181695&selected_campaign_ids=120249105778430360&selected_adset_ids=120249105778460360&selected_ad_ids=120249106606130360&date=2026-01-01_2026-06-12&insight_date=2026-01-01_2026-06-12&comparison_date=2026-01-01_2026-06-12,Wisconsin Milwaukee Mission,,27.078947368
120249106606130360,Ad Leads,-,https://business.facebook.com/adsmanager/manage/ads?act=1566346430181695&selected_campaign_ids=120249105778430360&selected_adset_ids=120249105778460360&selected_ad_ids=120249106606130360&date=2026-01-01_2026-06-12&insight_date=2026-01-01_2026-06-12&comparison_date=2026-01-01_2026-06-12,Wisconsin Milwaukee Mission,,38
120249106606130360,People Found,-,https://business.facebook.com/adsmanager/manage/ads?act=1566346430181695&selected_campaign_ids=120249105778430360&selected_adset_ids=120249105778460360&selected_ad_ids=120249106606130360&date=2026-01-01_2026-06-12&insight_date=2026-01-01_2026-06-12&comparison_date=2026-01-01_2026-06-12,Wisconsin Milwaukee Mission,,40
6928731125458,Forecasted Cost Per Baptism,-,https://business.facebook.com/adsmanager/manage/ads?act=59491887&selected_campaign_ids=6924724920458&selected_adset_ids=6928727943658&selected_ad_ids=6928731125458&date=2026-01-01_2026-06-12&insight_date=2026-01-01_2026-06-12&comparison_date=2026-01-01_2026-06-12,Tennessee Nashville Mission,,1423.249227150
6928731125458,Forecasted Baptisms,-,https://business.facebook.com/adsmanager/manage/ads?act=59491887&selected_campaign_ids=6924724920458&selected_adset_ids=6928727943658&selected_ad_ids=6928731125458&date=2026-01-01_2026-06-12&insight_date=2026-01-01_2026-06-12&comparison_date=2026-01-01_2026-06-12,Tennessee Nashville Mission,,0.696961559
6928731125458,Forecasted % Found Baptized,-,https://business.facebook.com/adsmanager/manage/ads?act=59491887&selected_campaign_ids=6924724920458&selected_adset_ids=6928727943658&selected_ad_ids=6928731125458&date=2026-01-01_2026-06-12&insight_date=2026-01-01_2026-06-12&comparison_date=2026-01-01_2026-06-12,Tennessee Nashville Mission,,0.020498869
6928731125458,% Found Baptized,-,https://business.facebook.com/adsmanager/manage/ads?act=59491887&selected_campaign_ids=6924724920458&selected_adset_ids=6928727943658&selected_ad_ids=6928731125458&date=2026-01-01_2026-06-12&insight_date=2026-01-01_2026-06-12&comparison_date=2026-01-01_2026-06-12,Tennessee Nashville Mission,,0.029411765
6928731125458,% Found Attending Sacrament,-,https://business.facebook.com/adsmanager/manage/ads?act=59491887&selected_campaign_ids=6924724920458&selected_adset_ids=6928727943658&selected_ad_ids=6928731125458&date=2026-01-01_2026-06-12&insight_date=2026-01-01_2026-06-12&comparison_date=2026-01-01_2026-06-12,Tennessee Nashville Mission,,0.147058824
6928731125458,People Baptized and Confirmed,-,https://business.facebook.com/adsmanager/manage/ads?act=59491887&selected_campaign_ids=6924724920458&selected_adset_ids=6928727943658&selected_ad_ids=6928731125458&date=2026-01-01_2026-06-12&insight_date=2026-01-01_2026-06-12&comparison_date=2026-01-01_2026-06-12,Tennessee Nashville Mission,,1
6928731125458,People Who Attended Sacrament,-,https://business.facebook.com/adsmanager/manage/ads?act=59491887&selected_campaign_ids=6924724920458&selected_adset_ids=6928727943658&selected_ad_ids=6928731125458&date=2026-01-01_2026-06-12&insight_date=2026-01-01_2026-06-12&comparison_date=2026-01-01_2026-06-12,Tennessee Nashville Mission,,5
6928731125458,New People Being Taught,-,https://business.facebook.com/adsmanager/manage/ads?act=59491887&selected_campaign_ids=6924724920458&selected_adset_ids=6928727943658&selected_ad_ids=6928731125458&date=2026-01-01_2026-06-12&insight_date=2026-01-01_2026-06-12&comparison_date=2026-01-01_2026-06-12,Tennessee Nashville Mission,,14
6928731125458,Cost Per Facebook Lead,-,https://business.facebook.com/adsmanager/manage/ads?act=59491887&selected_campaign_ids=6924724920458&selected_adset_ids=6928727943658&selected_ad_ids=6928731125458&date=2026-01-01_2026-06-12&insight_date=2026-01-01_2026-06-12&comparison_date=2026-01-01_2026-06-12,Tennessee Nashville Mission,,31.095611285
6928731125458,Ad Leads,-,https://business.facebook.com/adsmanager/manage/ads?act=59491887&selected_campaign_ids=6924724920458&selected_adset_ids=6928727943658&selected_ad_ids=6928731125458&date=2026-01-01_2026-06-12&insight_date=2026-01-01_2026-06-12&comparison_date=2026-01-01_2026-06-12,Tennessee Nashville Mission,,31.9
6928731125458,People Found,-,https://business.facebook.com/adsmanager/manage/ads?act=59491887&selected_campaign_ids=6924724920458&selected_adset_ids=6928727943658&selected_ad_ids=6928731125458&date=2026-01-01_2026-06-12&insight_date=2026-01-01_2026-06-12&comparison_date=2026-01-01_2026-06-12,Tennessee Nashville Mission,,34
120238441718460368,Forecasted Cost Per Baptism,Grow,https://business.facebook.com/adsmanager/manage/ads?act=1059444081122469&selected_campaign_ids=120238441568260368&selected_adset_ids=120238441648080368&selected_ad_ids=120238441718460368&date=2026-01-01_2026-06-12&insight_date=2026-01-01_2026-06-12&comparison_date=2026-01-01_2026-06-12,Utah Orem Mission,,1407.262481289
120238441718460368,Forecasted Baptisms,Grow,https://business.facebook.com/adsmanager/manage/ads?act=1059444081122469&selected_campaign_ids=120238441568260368&selected_adset_ids=120238441648080368&selected_ad_ids=120238441718460368&date=2026-01-01_2026-06-12&insight_date=2026-01-01_2026-06-12&comparison_date=2026-01-01_2026-06-12,Utah Orem Mission,,1.383537205
120238441718460368,Forecasted % Found Baptized,Grow,https://business.facebook.com/adsmanager/manage/ads?act=1059444081122469&selected_campaign_ids=120238441568260368&selected_adset_ids=120238441648080368&selected_ad_ids=120238441718460368&date=2026-01-01_2026-06-12&insight_date=2026-01-01_2026-06-12&comparison_date=2026-01-01_2026-06-12,Utah Orem Mission,,0.030076896
120238441718460368,% Found Baptized,Grow,https://business.facebook.com/adsmanager/manage/ads?act=1059444081122469&selected_campaign_ids=120238441568260368&selected_adset_ids=120238441648080368&selected_ad_ids=120238441718460368&date=2026-01-01_2026-06-12&insight_date=2026-01-01_2026-06-12&comparison_date=2026-01-01_2026-06-12,Utah Orem Mission,,0.021739130
120238441718460368,% Found Attending Sacrament,Grow,https://business.facebook.com/adsmanager/manage/ads?act=1059444081122469&selected_campaign_ids=120238441568260368&selected_adset_ids=120238441648080368&selected_ad_ids=120238441718460368&date=2026-01-01_2026-06-12&insight_date=2026-01-01_2026-06-12&comparison_date=2026-01-01_2026-06-12,Utah Orem Mission,,0.065217391
120238441718460368,People Baptized and Confirmed,Grow,https://business.facebook.com/adsmanager/manage/ads?act=1059444081122469&selected_campaign_ids=120238441568260368&selected_adset_ids=120238441648080368&selected_ad_ids=120238441718460368&date=2026-01-01_2026-06-12&insight_date=2026-01-01_2026-06-12&comparison_date=2026-01-01_2026-06-12,Utah Orem Mission,,1
120238441718460368,People Who Attended Sacrament,Grow,https://business.facebook.com/adsmanager/manage/ads?act=1059444081122469&selected_campaign_ids=120238441568260368&selected_adset_ids=120238441648080368&selected_ad_ids=120238441718460368&date=2026-01-01_2026-06-12&insight_date=2026-01-01_2026-06-12&comparison_date=2026-01-01_2026-06-12,Utah Orem Mission,,3
120238441718460368,New People Being Taught,Grow,https://business.facebook.com/adsmanager/manage/ads?act=1059444081122469&selected_campaign_ids=120238441568260368&selected_adset_ids=120238441648080368&selected_ad_ids=120238441718460368&date=2026-01-01_2026-06-12&insight_date=2026-01-01_2026-06-12&comparison_date=2026-01-01_2026-06-12,Utah Orem Mission,,11
120238441718460368,Cost Per Facebook Lead,Grow,https://business.facebook.com/adsmanager/manage/ads?act=1059444081122469&selected_campaign_ids=120238441568260368&selected_adset_ids=120238441648080368&selected_ad_ids=120238441718460368&date=2026-01-01_2026-06-12&insight_date=2026-01-01_2026-06-12&comparison_date=2026-01-01_2026-06-12,Utah Orem Mission,,29.059701493
120238441718460368,Ad Leads,Grow,https://business.facebook.com/adsmanager/manage/ads?act=1059444081122469&selected_campaign_ids=120238441568260368&selected_adset_ids=120238441648080368&selected_ad_ids=120238441718460368&date=2026-01-01_2026-06-12&insight_date=2026-01-01_2026-06-12&comparison_date=2026-01-01_2026-06-12,Utah Orem Mission,,67
120238441718460368,People Found,Grow,https://business.facebook.com/adsmanager/manage/ads?act=1059444081122469&selected_campaign_ids=120238441568260368&selected_adset_ids=120238441648080368&selected_ad_ids=120238441718460368&date=2026-01-01_2026-06-12&insight_date=2026-01-01_2026-06-12&comparison_date=2026-01-01_2026-06-12,Utah Orem Mission,,46
120236939252990452,Forecasted Cost Per Baptism,Grow,https://business.facebook.com/adsmanager/manage/ads?act=304742883841363&selected_campaign_ids=120236937558640452&selected_adset_ids=120236939252950452&selected_ad_ids=120236939252990452&date=2026-01-01_2026-06-12&insight_date=2026-01-01_2026-06-12&comparison_date=2026-01-01_2026-06-12,Ohio Cincinnati Mission,,1354.241162841
120236939252990452,Forecasted Baptisms,Grow,https://business.facebook.com/adsmanager/manage/ads?act=304742883841363&selected_campaign_ids=120236937558640452&selected_adset_ids=120236939252950452&selected_ad_ids=120236939252990452&date=2026-01-01_2026-06-12&insight_date=2026-01-01_2026-06-12&comparison_date=2026-01-01_2026-06-12,Ohio Cincinnati Mission,,2.008847730
120236939252990452,Forecasted % Found Baptized,Grow,https://business.facebook.com/adsmanager/manage/ads?act=304742883841363&selected_campaign_ids=120236937558640452&selected_adset_ids=120236939252950452&selected_ad_ids=120236939252990452&date=2026-01-01_2026-06-12&insight_date=2026-01-01_2026-06-12&comparison_date=2026-01-01_2026-06-12,Ohio Cincinnati Mission,,0.019694586
120236939252990452,% Found Baptized,Grow,https://business.facebook.com/adsmanager/manage/ads?act=304742883841363&selected_campaign_ids=120236937558640452&selected_adset_ids=120236939252950452&selected_ad_ids=120236939252990452&date=2026-01-01_2026-06-12&insight_date=2026-01-01_2026-06-12&comparison_date=2026-01-01_2026-06-12,Ohio Cincinnati Mission,,0.019607843
120236939252990452,% Found Attending Sacrament,Grow,https://business.facebook.com/adsmanager/manage/ads?act=304742883841363&selected_campaign_ids=120236937558640452&selected_adset_ids=120236939252950452&selected_ad_ids=120236939252990452&date=2026-01-01_2026-06-12&insight_date=2026-01-01_2026-06-12&comparison_date=2026-01-01_2026-06-12,Ohio Cincinnati Mission,,0.127450980
120236939252990452,People Baptized and Confirmed,Grow,https://business.facebook.com/adsmanager/manage/ads?act=304742883841363&selected_campaign_ids=120236937558640452&selected_adset_ids=120236939252950452&selected_ad_ids=120236939252990452&date=2026-01-01_2026-06-12&insight_date=2026-01-01_2026-06-12&comparison_date=2026-01-01_2026-06-12,Ohio Cincinnati Mission,,2
120236939252990452,People Who Attended Sacrament,Grow,https://business.facebook.com/adsmanager/manage/ads?act=304742883841363&selected_campaign_ids=120236937558640452&selected_adset_ids=120236939252950452&selected_ad_ids=120236939252990452&date=2026-01-01_2026-06-12&insight_date=2026-01-01_2026-06-12&comparison_date=2026-01-01_2026-06-12,Ohio Cincinnati Mission,,13
120236939252990452,New People Being Taught,Grow,https://business.facebook.com/adsmanager/manage/ads?act=304742883841363&selected_campaign_ids=120236937558640452&selected_adset_ids=120236939252950452&selected_ad_ids=120236939252990452&date=2026-01-01_2026-06-12&insight_date=2026-01-01_2026-06-12&comparison_date=2026-01-01_2026-06-12,Ohio Cincinnati Mission,,41
120236939252990452,Cost Per Facebook Lead,Grow,https://business.facebook.com/adsmanager/manage/ads?act=304742883841363&selected_campaign_ids=120236937558640452&selected_adset_ids=120236939252950452&selected_ad_ids=120236939252990452&date=2026-01-01_2026-06-12&insight_date=2026-01-01_2026-06-12&comparison_date=2026-01-01_2026-06-12,Ohio Cincinnati Mission,,21.726468910
120236939252990452,Ad Leads,Grow,https://business.facebook.com/adsmanager/manage/ads?act=304742883841363&selected_campaign_ids=120236937558640452&selected_adset_ids=120236939252950452&selected_ad_ids=120236939252990452&date=2026-01-01_2026-06-12&insight_date=2026-01-01_2026-06-12&comparison_date=2026-01-01_2026-06-12,Ohio Cincinnati Mission,,125.214285714
120236939252990452,People Found,Grow,https://business.facebook.com/adsmanager/manage/ads?act=304742883841363&selected_campaign_ids=120236937558640452&selected_adset_ids=120236939252950452&selected_ad_ids=120236939252990452&date=2026-01-01_2026-06-12&insight_date=2026-01-01_2026-06-12&comparison_date=2026-01-01_2026-06-12,Ohio Cincinnati Mission,,102
120239001660890708,Forecasted Cost Per Baptism,Grow,https://business.facebook.com/adsmanager/manage/ads?act=282246452801626&selected_campaign_ids=120239001550960708&selected_adset_ids=120239001657940708&selected_ad_ids=120239001660890708&date=2026-01-01_2026-06-12&insight_date=2026-01-01_2026-06-12&comparison_date=2026-01-01_2026-06-12,Texas Austin Mission,,1338.461972518
120239001660890708,Forecasted Baptisms,Grow,https://business.facebook.com/adsmanager/manage/ads?act=282246452801626&selected_campaign_ids=120239001550960708&selected_adset_ids=120239001657940708&selected_ad_ids=120239001660890708&date=2026-01-01_2026-06-12&insight_date=2026-01-01_2026-06-12&comparison_date=2026-01-01_2026-06-12,Texas Austin Mission,,3.674417794
120239001660890708,Forecasted % Found Baptized,Grow,https://business.facebook.com/adsmanager/manage/ads?act=282246452801626&selected_campaign_ids=120239001550960708&selected_adset_ids=120239001657940708&selected_ad_ids=120239001660890708&date=2026-01-01_2026-06-12&insight_date=2026-01-01_2026-06-12&comparison_date=2026-01-01_2026-06-12,Texas Austin Mission,,0.029395342
120239001660890708,% Found Baptized,Grow,https://business.facebook.com/adsmanager/manage/ads?act=282246452801626&selected_campaign_ids=120239001550960708&selected_adset_ids=120239001657940708&selected_ad_ids=120239001660890708&date=2026-01-01_2026-06-12&insight_date=2026-01-01_2026-06-12&comparison_date=2026-01-01_2026-06-12,Texas Austin Mission,,0.024
120239001660890708,% Found Attending Sacrament,Grow,https://business.facebook.com/adsmanager/manage/ads?act=282246452801626&selected_campaign_ids=120239001550960708&selected_adset_ids=120239001657940708&selected_ad_ids=120239001660890708&date=2026-01-01_2026-06-12&insight_date=2026-01-01_2026-06-12&comparison_date=2026-01-01_2026-06-12,Texas Austin Mission,,0.072
120239001660890708,People Baptized and Confirmed,Grow,https://business.facebook.com/adsmanager/manage/ads?act=282246452801626&selected_campaign_ids=120239001550960708&selected_adset_ids=120239001657940708&selected_ad_ids=120239001660890708&date=2026-01-01_2026-06-12&insight_date=2026-01-01_2026-06-12&comparison_date=2026-01-01_2026-06-12,Texas Austin Mission,,3
120239001660890708,People Who Attended Sacrament,Grow,https://business.facebook.com/adsmanager/manage/ads?act=282246452801626&selected_campaign_ids=120239001550960708&selected_adset_ids=120239001657940708&selected_ad_ids=120239001660890708&date=2026-01-01_2026-06-12&insight_date=2026-01-01_2026-06-12&comparison_date=2026-01-01_2026-06-12,Texas Austin Mission,,9
120239001660890708,New People Being Taught,Grow,https://business.facebook.com/adsmanager/manage/ads?act=282246452801626&selected_campaign_ids=120239001550960708&selected_adset_ids=120239001657940708&selected_ad_ids=120239001660890708&date=2026-01-01_2026-06-12&insight_date=2026-01-01_2026-06-12&comparison_date=2026-01-01_2026-06-12,Texas Austin Mission,,40
120239001660890708,Cost Per Facebook Lead,Grow,https://business.facebook.com/adsmanager/manage/ads?act=282246452801626&selected_campaign_ids=120239001550960708&selected_adset_ids=120239001657940708&selected_ad_ids=120239001660890708&date=2026-01-01_2026-06-12&insight_date=2026-01-01_2026-06-12&comparison_date=2026-01-01_2026-06-12,Texas Austin Mission,,34.788436434
120239001660890708,Ad Leads,Grow,https://business.facebook.com/adsmanager/manage/ads?act=282246452801626&selected_campaign_ids=120239001550960708&selected_adset_ids=120239001657940708&selected_ad_ids=120239001660890708&date=2026-01-01_2026-06-12&insight_date=2026-01-01_2026-06-12&comparison_date=2026-01-01_2026-06-12,Texas Austin Mission,,141.370782726
120239001660890708,People Found,Grow,https://business.facebook.com/adsmanager/manage/ads?act=282246452801626&selected_campaign_ids=120239001550960708&selected_adset_ids=120239001657940708&selected_ad_ids=120239001660890708&date=2026-01-01_2026-06-12&insight_date=2026-01-01_2026-06-12&comparison_date=2026-01-01_2026-06-12,Texas Austin Mission,,125
120240272089480708,Forecasted Cost Per Baptism,Grow,https://business.facebook.com/adsmanager/manage/ads?act=282246452801626&selected_campaign_ids=120240115789510708&selected_adset_ids=120240271279510708&selected_ad_ids=120240272089480708&date=2026-01-01_2026-06-12&insight_date=2026-01-01_2026-06-12&comparison_date=2026-01-01_2026-06-12,Texas Austin Mission,,1297.786557400
120240272089480708,Forecasted Baptisms,Grow,https://business.facebook.com/adsmanager/manage/ads?act=282246452801626&selected_campaign_ids=120240115789510708&selected_adset_ids=120240271279510708&selected_ad_ids=120240272089480708&date=2026-01-01_2026-06-12&insight_date=2026-01-01_2026-06-12&comparison_date=2026-01-01_2026-06-12,Texas Austin Mission,,1.611863484
120240272089480708,Forecasted % Found Baptized,Grow,https://business.facebook.com/adsmanager/manage/ads?act=282246452801626&selected_campaign_ids=120240115789510708&selected_adset_ids=120240271279510708&selected_ad_ids=120240272089480708&date=2026-01-01_2026-06-12&insight_date=2026-01-01_2026-06-12&comparison_date=2026-01-01_2026-06-12,Texas Austin Mission,,0.026423992
120240272089480708,% Found Baptized,Grow,https://business.facebook.com/adsmanager/manage/ads?act=282246452801626&selected_campaign_ids=120240115789510708&selected_adset_ids=120240271279510708&selected_ad_ids=120240272089480708&date=2026-01-01_2026-06-12&insight_date=2026-01-01_2026-06-12&comparison_date=2026-01-01_2026-06-12,Texas Austin Mission,,0.049180328
120240272089480708,% Found Attending Sacrament,Grow,https://business.facebook.com/adsmanager/manage/ads?act=282246452801626&selected_campaign_ids=120240115789510708&selected_adset_ids=120240271279510708&selected_ad_ids=120240272089480708&date=2026-01-01_2026-06-12&insight_date=2026-01-01_2026-06-12&comparison_date=2026-01-01_2026-06-12,Texas Austin Mission,,0.081967213
120240272089480708,People Baptized and Confirmed,Grow,https://business.facebook.com/adsmanager/manage/ads?act=282246452801626&selected_campaign_ids=120240115789510708&selected_adset_ids=120240271279510708&selected_ad_ids=120240272089480708&date=2026-01-01_2026-06-12&insight_date=2026-01-01_2026-06-12&comparison_date=2026-01-01_2026-06-12,Texas Austin Mission,,3
120240272089480708,People Who Attended Sacrament,Grow,https://business.facebook.com/adsmanager/manage/ads?act=282246452801626&selected_campaign_ids=120240115789510708&selected_adset_ids=120240271279510708&selected_ad_ids=120240272089480708&date=2026-01-01_2026-06-12&insight_date=2026-01-01_2026-06-12&comparison_date=2026-01-01_2026-06-12,Texas Austin Mission,,5
120240272089480708,New People Being Taught,Grow,https://business.facebook.com/adsmanager/manage/ads?act=282246452801626&selected_campaign_ids=120240115789510708&selected_adset_ids=120240271279510708&selected_ad_ids=120240272089480708&date=2026-01-01_2026-06-12&insight_date=2026-01-01_2026-06-12&comparison_date=2026-01-01_2026-06-12,Texas Austin Mission,,19
120240272089480708,Cost Per Facebook Lead,Grow,https://business.facebook.com/adsmanager/manage/ads?act=282246452801626&selected_campaign_ids=120240115789510708&selected_adset_ids=120240271279510708&selected_ad_ids=120240272089480708&date=2026-01-01_2026-06-12&insight_date=2026-01-01_2026-06-12&comparison_date=2026-01-01_2026-06-12,Texas Austin Mission,,29.317238388
120240272089480708,Ad Leads,Grow,https://business.facebook.com/adsmanager/manage/ads?act=282246452801626&selected_campaign_ids=120240115789510708&selected_adset_ids=120240271279510708&selected_ad_ids=120240272089480708&date=2026-01-01_2026-06-12&insight_date=2026-01-01_2026-06-12&comparison_date=2026-01-01_2026-06-12,Texas Austin Mission,,71.352380952
120240272089480708,People Found,Grow,https://business.facebook.com/adsmanager/manage/ads?act=282246452801626&selected_campaign_ids=120240115789510708&selected_adset_ids=120240271279510708&selected_ad_ids=120240272089480708&date=2026-01-01_2026-06-12&insight_date=2026-01-01_2026-06-12&comparison_date=2026-01-01_2026-06-12,Texas Austin Mission,,61
120238708215020700,Forecasted Cost Per Baptism,Grow,https://business.facebook.com/adsmanager/manage/ads?act=239288150469483&selected_campaign_ids=120238708211150700&selected_adset_ids=120238708211210700&selected_ad_ids=120238708215020700&date=2026-01-01_2026-06-12&insight_date=2026-01-01_2026-06-12&comparison_date=2026-01-01_2026-06-12,Tennessee Nashville Mission,,1219.397238030
120238708215020700,Forecasted Baptisms,Grow,https://business.facebook.com/adsmanager/manage/ads?act=239288150469483&selected_campaign_ids=120238708211150700&selected_adset_ids=120238708211210700&selected_ad_ids=120238708215020700&date=2026-01-01_2026-06-12&insight_date=2026-01-01_2026-06-12&comparison_date=2026-01-01_2026-06-12,Tennessee Nashville Mission,,2.611126137
120238708215020700,Forecasted % Found Baptized,Grow,https://business.facebook.com/adsmanager/manage/ads?act=239288150469483&selected_campaign_ids=120238708211150700&selected_adset_ids=120238708211210700&selected_ad_ids=120238708215020700&date=2026-01-01_2026-06-12&insight_date=2026-01-01_2026-06-12&comparison_date=2026-01-01_2026-06-12,Tennessee Nashville Mission,,0.023955286
120238708215020700,% Found Baptized,Grow,https://business.facebook.com/adsmanager/manage/ads?act=239288150469483&selected_campaign_ids=120238708211150700&selected_adset_ids=120238708211210700&selected_ad_ids=120238708215020700&date=2026-01-01_2026-06-12&insight_date=2026-01-01_2026-06-12&comparison_date=2026-01-01_2026-06-12,Tennessee Nashville Mission,,0.018348624
120238708215020700,% Found Attending Sacrament,Grow,https://business.facebook.com/adsmanager/manage/ads?act=239288150469483&selected_campaign_ids=120238708211150700&selected_adset_ids=120238708211210700&selected_ad_ids=120238708215020700&date=2026-01-01_2026-06-12&insight_date=2026-01-01_2026-06-12&comparison_date=2026-01-01_2026-06-12,Tennessee Nashville Mission,,0.064220183
120238708215020700,People Baptized and Confirmed,Grow,https://business.facebook.com/adsmanager/manage/ads?act=239288150469483&selected_campaign_ids=120238708211150700&selected_adset_ids=120238708211210700&selected_ad_ids=120238708215020700&date=2026-01-01_2026-06-12&insight_date=2026-01-01_2026-06-12&comparison_date=2026-01-01_2026-06-12,Tennessee Nashville Mission,,2
120238708215020700,People Who Attended Sacrament,Grow,https://business.facebook.com/adsmanager/manage/ads?act=239288150469483&selected_campaign_ids=120238708211150700&selected_adset_ids=120238708211210700&selected_ad_ids=120238708215020700&date=2026-01-01_2026-06-12&insight_date=2026-01-01_2026-06-12&comparison_date=2026-01-01_2026-06-12,Tennessee Nashville Mission,,7
120238708215020700,New People Being Taught,Grow,https://business.facebook.com/adsmanager/manage/ads?act=239288150469483&selected_campaign_ids=120238708211150700&selected_adset_ids=120238708211210700&selected_ad_ids=120238708215020700&date=2026-01-01_2026-06-12&insight_date=2026-01-01_2026-06-12&comparison_date=2026-01-01_2026-06-12,Tennessee Nashville Mission,,32
120238708215020700,Cost Per Facebook Lead,Grow,https://business.facebook.com/adsmanager/manage/ads?act=239288150469483&selected_campaign_ids=120238708211150700&selected_adset_ids=120238708211210700&selected_ad_ids=120238708215020700&date=2026-01-01_2026-06-12&insight_date=2026-01-01_2026-06-12&comparison_date=2026-01-01_2026-06-12,Tennessee Nashville Mission,,25.886178862
120238708215020700,Ad Leads,Grow,https://business.facebook.com/adsmanager/manage/ads?act=239288150469483&selected_campaign_ids=120238708211150700&selected_adset_ids=120238708211210700&selected_ad_ids=120238708215020700&date=2026-01-01_2026-06-12&insight_date=2026-01-01_2026-06-12&comparison_date=2026-01-01_2026-06-12,Tennessee Nashville Mission,,123
120238708215020700,People Found,Grow,https://business.facebook.com/adsmanager/manage/ads?act=239288150469483&selected_campaign_ids=120238708211150700&selected_adset_ids=120238708211210700&selected_ad_ids=120238708215020700&date=2026-01-01_2026-06-12&insight_date=2026-01-01_2026-06-12&comparison_date=2026-01-01_2026-06-12,Tennessee Nashville Mission,,109
120242179979020017,Forecasted Cost Per Baptism,Grow,https://business.facebook.com/adsmanager/manage/ads?act=266351088100397&selected_campaign_ids=120242179907080017&selected_adset_ids=120242179907220017&selected_ad_ids=120242179979020017&date=2026-01-01_2026-06-12&insight_date=2026-01-01_2026-06-12&comparison_date=2026-01-01_2026-06-12,California Sacramento Mission,,972.473653990
120242179979020017,Forecasted Baptisms,Grow,https://business.facebook.com/adsmanager/manage/ads?act=266351088100397&selected_campaign_ids=120242179907080017&selected_adset_ids=120242179907220017&selected_ad_ids=120242179979020017&date=2026-01-01_2026-06-12&insight_date=2026-01-01_2026-06-12&comparison_date=2026-01-01_2026-06-12,California Sacramento Mission,,0.687936375
120242179979020017,Forecasted % Found Baptized,Grow,https://business.facebook.com/adsmanager/manage/ads?act=266351088100397&selected_campaign_ids=120242179907080017&selected_adset_ids=120242179907220017&selected_ad_ids=120242179979020017&date=2026-01-01_2026-06-12&insight_date=2026-01-01_2026-06-12&comparison_date=2026-01-01_2026-06-12,California Sacramento Mission,,0.009172485
120242179979020017,% Found Baptized,Grow,https://business.facebook.com/adsmanager/manage/ads?act=266351088100397&selected_campaign_ids=120242179907080017&selected_adset_ids=120242179907220017&selected_ad_ids=120242179979020017&date=2026-01-01_2026-06-12&insight_date=2026-01-01_2026-06-12&comparison_date=2026-01-01_2026-06-12,California Sacramento Mission,,0.026666667
120242179979020017,% Found Attending Sacrament,Grow,https://business.facebook.com/adsmanager/manage/ads?act=266351088100397&selected_campaign_ids=120242179907080017&selected_adset_ids=120242179907220017&selected_ad_ids=120242179979020017&date=2026-01-01_2026-06-12&insight_date=2026-01-01_2026-06-12&comparison_date=2026-01-01_2026-06-12,California Sacramento Mission,,0.093333333
120242179979020017,People Baptized and Confirmed,Grow,https://business.facebook.com/adsmanager/manage/ads?act=266351088100397&selected_campaign_ids=120242179907080017&selected_adset_ids=120242179907220017&selected_ad_ids=120242179979020017&date=2026-01-01_2026-06-12&insight_date=2026-01-01_2026-06-12&comparison_date=2026-01-01_2026-06-12,California Sacramento Mission,,2
120242179979020017,People Who Attended Sacrament,Grow,https://business.facebook.com/adsmanager/manage/ads?act=266351088100397&selected_campaign_ids=120242179907080017&selected_adset_ids=120242179907220017&selected_ad_ids=120242179979020017&date=2026-01-01_2026-06-12&insight_date=2026-01-01_2026-06-12&comparison_date=2026-01-01_2026-06-12,California Sacramento Mission,,7
120242179979020017,New People Being Taught,Grow,https://business.facebook.com/adsmanager/manage/ads?act=266351088100397&selected_campaign_ids=120242179907080017&selected_adset_ids=120242179907220017&selected_ad_ids=120242179979020017&date=2026-01-01_2026-06-12&insight_date=2026-01-01_2026-06-12&comparison_date=2026-01-01_2026-06-12,California Sacramento Mission,,15
120242179979020017,Cost Per Facebook Lead,Grow,https://business.facebook.com/adsmanager/manage/ads?act=266351088100397&selected_campaign_ids=120242179907080017&selected_adset_ids=120242179907220017&selected_ad_ids=120242179979020017&date=2026-01-01_2026-06-12&insight_date=2026-01-01_2026-06-12&comparison_date=2026-01-01_2026-06-12,California Sacramento Mission,,12.054054054
120242179979020017,Ad Leads,Grow,https://business.facebook.com/adsmanager/manage/ads?act=266351088100397&selected_campaign_ids=120242179907080017&selected_adset_ids=120242179907220017&selected_ad_ids=120242179979020017&date=2026-01-01_2026-06-12&insight_date=2026-01-01_2026-06-12&comparison_date=2026-01-01_2026-06-12,California Sacramento Mission,,55.5
120242179979020017,People Found,Grow,https://business.facebook.com/adsmanager/manage/ads?act=266351088100397&selected_campaign_ids=120242179907080017&selected_adset_ids=120242179907220017&selected_ad_ids=120242179979020017&date=2026-01-01_2026-06-12&insight_date=2026-01-01_2026-06-12&comparison_date=2026-01-01_2026-06-12,California Sacramento Mission,,75
120235255685100700,Forecasted Cost Per Baptism,Grow,https://business.facebook.com/adsmanager/manage/ads?act=239288150469483&selected_campaign_ids=120235255685110700&selected_adset_ids=120235255685120700&selected_ad_ids=120235255685100700&date=2026-01-01_2026-06-12&insight_date=2026-01-01_2026-06-12&comparison_date=2026-01-01_2026-06-12,Tennessee Nashville Mission,,940.112826594
120235255685100700,Forecasted Baptisms,Grow,https://business.facebook.com/adsmanager/manage/ads?act=239288150469483&selected_campaign_ids=120235255685110700&selected_adset_ids=120235255685120700&selected_ad_ids=120235255685100700&date=2026-01-01_2026-06-12&insight_date=2026-01-01_2026-06-12&comparison_date=2026-01-01_2026-06-12,Tennessee Nashville Mission,,1.403023087
120235255685100700,Forecasted % Found Baptized,Grow,https://business.facebook.com/adsmanager/manage/ads?act=239288150469483&selected_campaign_ids=120235255685110700&selected_adset_ids=120235255685120700&selected_ad_ids=120235255685100700&date=2026-01-01_2026-06-12&insight_date=2026-01-01_2026-06-12&comparison_date=2026-01-01_2026-06-12,Tennessee Nashville Mission,,0.027510257
120235255685100700,% Found Baptized,Grow,https://business.facebook.com/adsmanager/manage/ads?act=239288150469483&selected_campaign_ids=120235255685110700&selected_adset_ids=120235255685120700&selected_ad_ids=120235255685100700&date=2026-01-01_2026-06-12&insight_date=2026-01-01_2026-06-12&comparison_date=2026-01-01_2026-06-12,Tennessee Nashville Mission,,0.019607843
120235255685100700,% Found Attending Sacrament,Grow,https://business.facebook.com/adsmanager/manage/ads?act=239288150469483&selected_campaign_ids=120235255685110700&selected_adset_ids=120235255685120700&selected_ad_ids=120235255685100700&date=2026-01-01_2026-06-12&insight_date=2026-01-01_2026-06-12&comparison_date=2026-01-01_2026-06-12,Tennessee Nashville Mission,,0.058823529
120235255685100700,People Baptized and Confirmed,Grow,https://business.facebook.com/adsmanager/manage/ads?act=239288150469483&selected_campaign_ids=120235255685110700&selected_adset_ids=120235255685120700&selected_ad_ids=120235255685100700&date=2026-01-01_2026-06-12&insight_date=2026-01-01_2026-06-12&comparison_date=2026-01-01_2026-06-12,Tennessee Nashville Mission,,1
120235255685100700,People Who Attended Sacrament,Grow,https://business.facebook.com/adsmanager/manage/ads?act=239288150469483&selected_campaign_ids=120235255685110700&selected_adset_ids=120235255685120700&selected_ad_ids=120235255685100700&date=2026-01-01_2026-06-12&insight_date=2026-01-01_2026-06-12&comparison_date=2026-01-01_2026-06-12,Tennessee Nashville Mission,,3
120235255685100700,New People Being Taught,Grow,https://business.facebook.com/adsmanager/manage/ads?act=239288150469483&selected_campaign_ids=120235255685110700&selected_adset_ids=120235255685120700&selected_ad_ids=120235255685100700&date=2026-01-01_2026-06-12&insight_date=2026-01-01_2026-06-12&comparison_date=2026-01-01_2026-06-12,Tennessee Nashville Mission,,9
120235255685100700,Cost Per Facebook Lead,Grow,https://business.facebook.com/adsmanager/manage/ads?act=239288150469483&selected_campaign_ids=120235255685110700&selected_adset_ids=120235255685120700&selected_ad_ids=120235255685100700&date=2026-01-01_2026-06-12&insight_date=2026-01-01_2026-06-12&comparison_date=2026-01-01_2026-06-12,Tennessee Nashville Mission,,17.129870130
120235255685100700,Ad Leads,Grow,https://business.facebook.com/adsmanager/manage/ads?act=239288150469483&selected_campaign_ids=120235255685110700&selected_adset_ids=120235255685120700&selected_ad_ids=120235255685100700&date=2026-01-01_2026-06-12&insight_date=2026-01-01_2026-06-12&comparison_date=2026-01-01_2026-06-12,Tennessee Nashville Mission,,77
120235255685100700,People Found,Grow,https://business.facebook.com/adsmanager/manage/ads?act=239288150469483&selected_campaign_ids=120235255685110700&selected_adset_ids=120235255685120700&selected_ad_ids=120235255685100700&date=2026-01-01_2026-06-12&insight_date=2026-01-01_2026-06-12&comparison_date=2026-01-01_2026-06-12,Tennessee Nashville Mission,,51
120237843592790645,Forecasted Cost Per Baptism,-,https://business.facebook.com/adsmanager/manage/ads?act=638318370346986&selected_campaign_ids=120237843592740645&selected_adset_ids=120237843592710645&selected_ad_ids=120237843592790645&date=2026-01-01_2026-06-12&insight_date=2026-01-01_2026-06-12&comparison_date=2026-01-01_2026-06-12,Kansas Wichita Mission,,766.954958548
120237843592790645,Forecasted Baptisms,-,https://business.facebook.com/adsmanager/manage/ads?act=638318370346986&selected_campaign_ids=120237843592740645&selected_adset_ids=120237843592710645&selected_ad_ids=120237843592790645&date=2026-01-01_2026-06-12&insight_date=2026-01-01_2026-06-12&comparison_date=2026-01-01_2026-06-12,Kansas Wichita Mission,,1.457712722
120237843592790645,Forecasted % Found Baptized,-,https://business.facebook.com/adsmanager/manage/ads?act=638318370346986&selected_campaign_ids=120237843592740645&selected_adset_ids=120237843592710645&selected_ad_ids=120237843592790645&date=2026-01-01_2026-06-12&insight_date=2026-01-01_2026-06-12&comparison_date=2026-01-01_2026-06-12,Kansas Wichita Mission,,0.058308509
120237843592790645,% Found Baptized,-,https://business.facebook.com/adsmanager/manage/ads?act=638318370346986&selected_campaign_ids=120237843592740645&selected_adset_ids=120237843592710645&selected_ad_ids=120237843592790645&date=2026-01-01_2026-06-12&insight_date=2026-01-01_2026-06-12&comparison_date=2026-01-01_2026-06-12,Kansas Wichita Mission,,0.08
120237843592790645,% Found Attending Sacrament,-,https://business.facebook.com/adsmanager/manage/ads?act=638318370346986&selected_campaign_ids=120237843592740645&selected_adset_ids=120237843592710645&selected_ad_ids=120237843592790645&date=2026-01-01_2026-06-12&insight_date=2026-01-01_2026-06-12&comparison_date=2026-01-01_2026-06-12,Kansas Wichita Mission,,0.12
120237843592790645,People Baptized and Confirmed,-,https://business.facebook.com/adsmanager/manage/ads?act=638318370346986&selected_campaign_ids=120237843592740645&selected_adset_ids=120237843592710645&selected_ad_ids=120237843592790645&date=2026-01-01_2026-06-12&insight_date=2026-01-01_2026-06-12&comparison_date=2026-01-01_2026-06-12,Kansas Wichita Mission,,2
120237843592790645,People Who Attended Sacrament,-,https://business.facebook.com/adsmanager/manage/ads?act=638318370346986&selected_campaign_ids=120237843592740645&selected_adset_ids=120237843592710645&selected_ad_ids=120237843592790645&date=2026-01-01_2026-06-12&insight_date=2026-01-01_2026-06-12&comparison_date=2026-01-01_2026-06-12,Kansas Wichita Mission,,3
120237843592790645,New People Being Taught,-,https://business.facebook.com/adsmanager/manage/ads?act=638318370346986&selected_campaign_ids=120237843592740645&selected_adset_ids=120237843592710645&selected_ad_ids=120237843592790645&date=2026-01-01_2026-06-12&insight_date=2026-01-01_2026-06-12&comparison_date=2026-01-01_2026-06-12,Kansas Wichita Mission,,5
120237843592790645,Cost Per Facebook Lead,-,https://business.facebook.com/adsmanager/manage/ads?act=638318370346986&selected_campaign_ids=120237843592740645&selected_adset_ids=120237843592710645&selected_ad_ids=120237843592790645&date=2026-01-01_2026-06-12&insight_date=2026-01-01_2026-06-12&comparison_date=2026-01-01_2026-06-12,Kansas Wichita Mission,,56.847457627
120237843592790645,Ad Leads,-,https://business.facebook.com/adsmanager/manage/ads?act=638318370346986&selected_campaign_ids=120237843592740645&selected_adset_ids=120237843592710645&selected_ad_ids=120237843592790645&date=2026-01-01_2026-06-12&insight_date=2026-01-01_2026-06-12&comparison_date=2026-01-01_2026-06-12,Kansas Wichita Mission,,19.666666667
120237843592790645,People Found,-,https://business.facebook.com/adsmanager/manage/ads?act=638318370346986&selected_campaign_ids=120237843592740645&selected_adset_ids=120237843592710645&selected_ad_ids=120237843592790645&date=2026-01-01_2026-06-12&insight_date=2026-01-01_2026-06-12&comparison_date=2026-01-01_2026-06-12,Kansas Wichita Mission,,25
120239710900610524,Forecasted Cost Per Baptism,-,https://business.facebook.com/adsmanager/manage/ads?act=2683631865285420&selected_campaign_ids=120239709979060524&selected_adset_ids=120239709979050524&selected_ad_ids=120239710900610524&date=2026-01-01_2026-06-12&insight_date=2026-01-01_2026-06-12&comparison_date=2026-01-01_2026-06-12,Washington DC South Mission,,721.863129663
120239710900610524,Forecasted Baptisms,-,https://business.facebook.com/adsmanager/manage/ads?act=2683631865285420&selected_campaign_ids=120239709979060524&selected_adset_ids=120239709979050524&selected_ad_ids=120239710900610524&date=2026-01-01_2026-06-12&insight_date=2026-01-01_2026-06-12&comparison_date=2026-01-01_2026-06-12,Washington DC South Mission,,1.398579996
120239710900610524,Forecasted % Found Baptized,-,https://business.facebook.com/adsmanager/manage/ads?act=2683631865285420&selected_campaign_ids=120239709979060524&selected_adset_ids=120239709979050524&selected_ad_ids=120239710900610524&date=2026-01-01_2026-06-12&insight_date=2026-01-01_2026-06-12&comparison_date=2026-01-01_2026-06-12,Washington DC South Mission,,0.045115484
120239710900610524,% Found Baptized,-,https://business.facebook.com/adsmanager/manage/ads?act=2683631865285420&selected_campaign_ids=120239709979060524&selected_adset_ids=120239709979050524&selected_ad_ids=120239710900610524&date=2026-01-01_2026-06-12&insight_date=2026-01-01_2026-06-12&comparison_date=2026-01-01_2026-06-12,Washington DC South Mission,,0.032258065
120239710900610524,% Found Attending Sacrament,-,https://business.facebook.com/adsmanager/manage/ads?act=2683631865285420&selected_campaign_ids=120239709979060524&selected_adset_ids=120239709979050524&selected_ad_ids=120239710900610524&date=2026-01-01_2026-06-12&insight_date=2026-01-01_2026-06-12&comparison_date=2026-01-01_2026-06-12,Washington DC South Mission,,0.129032258
120239710900610524,People Baptized and Confirmed,-,https://business.facebook.com/adsmanager/manage/ads?act=2683631865285420&selected_campaign_ids=120239709979060524&selected_adset_ids=120239709979050524&selected_ad_ids=120239710900610524&date=2026-01-01_2026-06-12&insight_date=2026-01-01_2026-06-12&comparison_date=2026-01-01_2026-06-12,Washington DC South Mission,,1
120239710900610524,People Who Attended Sacrament,-,https://business.facebook.com/adsmanager/manage/ads?act=2683631865285420&selected_campaign_ids=120239709979060524&selected_adset_ids=120239709979050524&selected_ad_ids=120239710900610524&date=2026-01-01_2026-06-12&insight_date=2026-01-01_2026-06-12&comparison_date=2026-01-01_2026-06-12,Washington DC South Mission,,4
120239710900610524,New People Being Taught,-,https://business.facebook.com/adsmanager/manage/ads?act=2683631865285420&selected_campaign_ids=120239709979060524&selected_adset_ids=120239709979050524&selected_ad_ids=120239710900610524&date=2026-01-01_2026-06-12&insight_date=2026-01-01_2026-06-12&comparison_date=2026-01-01_2026-06-12,Washington DC South Mission,,9
120239710900610524,Cost Per Facebook Lead,-,https://business.facebook.com/adsmanager/manage/ads?act=2683631865285420&selected_campaign_ids=120239709979060524&selected_adset_ids=120239709979050524&selected_ad_ids=120239710900610524&date=2026-01-01_2026-06-12&insight_date=2026-01-01_2026-06-12&comparison_date=2026-01-01_2026-06-12,Washington DC South Mission,,32.597247847
120239710900610524,Ad Leads,-,https://business.facebook.com/adsmanager/manage/ads?act=2683631865285420&selected_campaign_ids=120239709979060524&selected_adset_ids=120239709979050524&selected_ad_ids=120239710900610524&date=2026-01-01_2026-06-12&insight_date=2026-01-01_2026-06-12&comparison_date=2026-01-01_2026-06-12,Washington DC South Mission,,30.971428571
120239710900610524,People Found,-,https://business.facebook.com/adsmanager/manage/ads?act=2683631865285420&selected_campaign_ids=120239709979060524&selected_adset_ids=120239709979050524&selected_ad_ids=120239710900610524&date=2026-01-01_2026-06-12&insight_date=2026-01-01_2026-06-12&comparison_date=2026-01-01_2026-06-12,Washington DC South Mission,,31
120242643973680368,Forecasted Cost Per Baptism,-,https://business.facebook.com/adsmanager/manage/ads?act=1059444081122469&selected_campaign_ids=120242570120440368&selected_adset_ids=120242571477270368&selected_ad_ids=120242643973680368&date=2026-01-01_2026-06-12&insight_date=2026-01-01_2026-06-12&comparison_date=2026-01-01_2026-06-12,Utah Orem Mission,,638.578810775
120242643973680368,Forecasted Baptisms,-,https://business.facebook.com/adsmanager/manage/ads?act=1059444081122469&selected_campaign_ids=120242570120440368&selected_adset_ids=120242571477270368&selected_ad_ids=120242643973680368&date=2026-01-01_2026-06-12&insight_date=2026-01-01_2026-06-12&comparison_date=2026-01-01_2026-06-12,Utah Orem Mission,,1.178659006
120242643973680368,Forecasted % Found Baptized,-,https://business.facebook.com/adsmanager/manage/ads?act=1059444081122469&selected_campaign_ids=120242570120440368&selected_adset_ids=120242571477270368&selected_ad_ids=120242643973680368&date=2026-01-01_2026-06-12&insight_date=2026-01-01_2026-06-12&comparison_date=2026-01-01_2026-06-12,Utah Orem Mission,,0.038021258
120242643973680368,% Found Baptized,-,https://business.facebook.com/adsmanager/manage/ads?act=1059444081122469&selected_campaign_ids=120242570120440368&selected_adset_ids=120242571477270368&selected_ad_ids=120242643973680368&date=2026-01-01_2026-06-12&insight_date=2026-01-01_2026-06-12&comparison_date=2026-01-01_2026-06-12,Utah Orem Mission,,0.193548387
120242643973680368,% Found Attending Sacrament,-,https://business.facebook.com/adsmanager/manage/ads?act=1059444081122469&selected_campaign_ids=120242570120440368&selected_adset_ids=120242571477270368&selected_ad_ids=120242643973680368&date=2026-01-01_2026-06-12&insight_date=2026-01-01_2026-06-12&comparison_date=2026-01-01_2026-06-12,Utah Orem Mission,,0.225806452
120242643973680368,People Baptized and Confirmed,-,https://business.facebook.com/adsmanager/manage/ads?act=1059444081122469&selected_campaign_ids=120242570120440368&selected_adset_ids=120242571477270368&selected_ad_ids=120242643973680368&date=2026-01-01_2026-06-12&insight_date=2026-01-01_2026-06-12&comparison_date=2026-01-01_2026-06-12,Utah Orem Mission,,6
120242643973680368,People Who Attended Sacrament,-,https://business.facebook.com/adsmanager/manage/ads?act=1059444081122469&selected_campaign_ids=120242570120440368&selected_adset_ids=120242571477270368&selected_ad_ids=120242643973680368&date=2026-01-01_2026-06-12&insight_date=2026-01-01_2026-06-12&comparison_date=2026-01-01_2026-06-12,Utah Orem Mission,,7
120242643973680368,New People Being Taught,-,https://business.facebook.com/adsmanager/manage/ads?act=1059444081122469&selected_campaign_ids=120242570120440368&selected_adset_ids=120242571477270368&selected_ad_ids=120242643973680368&date=2026-01-01_2026-06-12&insight_date=2026-01-01_2026-06-12&comparison_date=2026-01-01_2026-06-12,Utah Orem Mission,,10
120242643973680368,Cost Per Facebook Lead,-,https://business.facebook.com/adsmanager/manage/ads?act=1059444081122469&selected_campaign_ids=120242570120440368&selected_adset_ids=120242571477270368&selected_ad_ids=120242643973680368&date=2026-01-01_2026-06-12&insight_date=2026-01-01_2026-06-12&comparison_date=2026-01-01_2026-06-12,Utah Orem Mission,,29.135483871
120242643973680368,Ad Leads,-,https://business.facebook.com/adsmanager/manage/ads?act=1059444081122469&selected_campaign_ids=120242570120440368&selected_adset_ids=120242571477270368&selected_ad_ids=120242643973680368&date=2026-01-01_2026-06-12&insight_date=2026-01-01_2026-06-12&comparison_date=2026-01-01_2026-06-12,Utah Orem Mission,,25.833333333
120242643973680368,People Found,-,https://business.facebook.com/adsmanager/manage/ads?act=1059444081122469&selected_campaign_ids=120242570120440368&selected_adset_ids=120242571477270368&selected_ad_ids=120242643973680368&date=2026-01-01_2026-06-12&insight_date=2026-01-01_2026-06-12&comparison_date=2026-01-01_2026-06-12,Utah Orem Mission,,31
120240152787220246,Forecasted Cost Per Baptism,Grow,https://business.facebook.com/adsmanager/manage/ads?act=1405980847467818&selected_campaign_ids=120240152787210246&selected_adset_ids=120240152787230246&selected_ad_ids=120240152787220246&date=2026-01-01_2026-06-12&insight_date=2026-01-01_2026-06-12&comparison_date=2026-01-01_2026-06-12,California Modesto Mission,,602.679064225
120240152787220246,Forecasted Baptisms,Grow,https://business.facebook.com/adsmanager/manage/ads?act=1405980847467818&selected_campaign_ids=120240152787210246&selected_adset_ids=120240152787230246&selected_ad_ids=120240152787220246&date=2026-01-01_2026-06-12&insight_date=2026-01-01_2026-06-12&comparison_date=2026-01-01_2026-06-12,California Modesto Mission,,2.544165282
120240152787220246,Forecasted % Found Baptized,Grow,https://business.facebook.com/adsmanager/manage/ads?act=1405980847467818&selected_campaign_ids=120240152787210246&selected_adset_ids=120240152787230246&selected_ad_ids=120240152787220246&date=2026-01-01_2026-06-12&insight_date=2026-01-01_2026-06-12&comparison_date=2026-01-01_2026-06-12,California Modesto Mission,,0.063604132
120240152787220246,% Found Baptized,Grow,https://business.facebook.com/adsmanager/manage/ads?act=1405980847467818&selected_campaign_ids=120240152787210246&selected_adset_ids=120240152787230246&selected_ad_ids=120240152787220246&date=2026-01-01_2026-06-12&insight_date=2026-01-01_2026-06-12&comparison_date=2026-01-01_2026-06-12,California Modesto Mission,,0.05
120240152787220246,% Found Attending Sacrament,Grow,https://business.facebook.com/adsmanager/manage/ads?act=1405980847467818&selected_campaign_ids=120240152787210246&selected_adset_ids=120240152787230246&selected_ad_ids=120240152787220246&date=2026-01-01_2026-06-12&insight_date=2026-01-01_2026-06-12&comparison_date=2026-01-01_2026-06-12,California Modesto Mission,,0.125
120240152787220246,People Baptized and Confirmed,Grow,https://business.facebook.com/adsmanager/manage/ads?act=1405980847467818&selected_campaign_ids=120240152787210246&selected_adset_ids=120240152787230246&selected_ad_ids=120240152787220246&date=2026-01-01_2026-06-12&insight_date=2026-01-01_2026-06-12&comparison_date=2026-01-01_2026-06-12,California Modesto Mission,,2
120240152787220246,People Who Attended Sacrament,Grow,https://business.facebook.com/adsmanager/manage/ads?act=1405980847467818&selected_campaign_ids=120240152787210246&selected_adset_ids=120240152787230246&selected_ad_ids=120240152787220246&date=2026-01-01_2026-06-12&insight_date=2026-01-01_2026-06-12&comparison_date=2026-01-01_2026-06-12,California Modesto Mission,,5
120240152787220246,New People Being Taught,Grow,https://business.facebook.com/adsmanager/manage/ads?act=1405980847467818&selected_campaign_ids=120240152787210246&selected_adset_ids=120240152787230246&selected_ad_ids=120240152787220246&date=2026-01-01_2026-06-12&insight_date=2026-01-01_2026-06-12&comparison_date=2026-01-01_2026-06-12,California Modesto Mission,,15
120240152787220246,Cost Per Facebook Lead,Grow,https://business.facebook.com/adsmanager/manage/ads?act=1405980847467818&selected_campaign_ids=120240152787210246&selected_adset_ids=120240152787230246&selected_ad_ids=120240152787220246&date=2026-01-01_2026-06-12&insight_date=2026-01-01_2026-06-12&comparison_date=2026-01-01_2026-06-12,California Modesto Mission,,31.389205955
120240152787220246,Ad Leads,Grow,https://business.facebook.com/adsmanager/manage/ads?act=1405980847467818&selected_campaign_ids=120240152787210246&selected_adset_ids=120240152787230246&selected_ad_ids=120240152787220246&date=2026-01-01_2026-06-12&insight_date=2026-01-01_2026-06-12&comparison_date=2026-01-01_2026-06-12,California Modesto Mission,,48.848484848
120240152787220246,People Found,Grow,https://business.facebook.com/adsmanager/manage/ads?act=1405980847467818&selected_campaign_ids=120240152787210246&selected_adset_ids=120240152787230246&selected_ad_ids=120240152787220246&date=2026-01-01_2026-06-12&insight_date=2026-01-01_2026-06-12&comparison_date=2026-01-01_2026-06-12,California Modesto Mission,,40
120240087358830368,Forecasted Cost Per Baptism,-,https://business.facebook.com/adsmanager/manage/ads?act=1059444081122469&selected_campaign_ids=120240004894060368&selected_adset_ids=120240087267050368&selected_ad_ids=120240087358830368&date=2026-01-01_2026-06-12&insight_date=2026-01-01_2026-06-12&comparison_date=2026-01-01_2026-06-12,Utah Orem Mission,,464.151885282
120240087358830368,Forecasted Baptisms,-,https://business.facebook.com/adsmanager/manage/ads?act=1059444081122469&selected_campaign_ids=120240004894060368&selected_adset_ids=120240087267050368&selected_ad_ids=120240087358830368&date=2026-01-01_2026-06-12&insight_date=2026-01-01_2026-06-12&comparison_date=2026-01-01_2026-06-12,Utah Orem Mission,,1.449956407
120240087358830368,Forecasted % Found Baptized,-,https://business.facebook.com/adsmanager/manage/ads?act=1059444081122469&selected_campaign_ids=120240004894060368&selected_adset_ids=120240087267050368&selected_ad_ids=120240087358830368&date=2026-01-01_2026-06-12&insight_date=2026-01-01_2026-06-12&comparison_date=2026-01-01_2026-06-12,Utah Orem Mission,,0.049998497
120240087358830368,% Found Baptized,-,https://business.facebook.com/adsmanager/manage/ads?act=1059444081122469&selected_campaign_ids=120240004894060368&selected_adset_ids=120240087267050368&selected_ad_ids=120240087358830368&date=2026-01-01_2026-06-12&insight_date=2026-01-01_2026-06-12&comparison_date=2026-01-01_2026-06-12,Utah Orem Mission,,0.034482759
120240087358830368,% Found Attending Sacrament,-,https://business.facebook.com/adsmanager/manage/ads?act=1059444081122469&selected_campaign_ids=120240004894060368&selected_adset_ids=120240087267050368&selected_ad_ids=120240087358830368&date=2026-01-01_2026-06-12&insight_date=2026-01-01_2026-06-12&comparison_date=2026-01-01_2026-06-12,Utah Orem Mission,,0.137931034
120240087358830368,People Baptized and Confirmed,-,https://business.facebook.com/adsmanager/manage/ads?act=1059444081122469&selected_campaign_ids=120240004894060368&selected_adset_ids=120240087267050368&selected_ad_ids=120240087358830368&date=2026-01-01_2026-06-12&insight_date=2026-01-01_2026-06-12&comparison_date=2026-01-01_2026-06-12,Utah Orem Mission,,1
120240087358830368,People Who Attended Sacrament,-,https://business.facebook.com/adsmanager/manage/ads?act=1059444081122469&selected_campaign_ids=120240004894060368&selected_adset_ids=120240087267050368&selected_ad_ids=120240087358830368&date=2026-01-01_2026-06-12&insight_date=2026-01-01_2026-06-12&comparison_date=2026-01-01_2026-06-12,Utah Orem Mission,,4
120240087358830368,New People Being Taught,-,https://business.facebook.com/adsmanager/manage/ads?act=1059444081122469&selected_campaign_ids=120240004894060368&selected_adset_ids=120240087267050368&selected_ad_ids=120240087358830368&date=2026-01-01_2026-06-12&insight_date=2026-01-01_2026-06-12&comparison_date=2026-01-01_2026-06-12,Utah Orem Mission,,11
120240087358830368,Cost Per Facebook Lead,-,https://business.facebook.com/adsmanager/manage/ads?act=1059444081122469&selected_campaign_ids=120240004894060368&selected_adset_ids=120240087267050368&selected_ad_ids=120240087358830368&date=2026-01-01_2026-06-12&insight_date=2026-01-01_2026-06-12&comparison_date=2026-01-01_2026-06-12,Utah Orem Mission,,28.436619718
120240087358830368,Ad Leads,-,https://business.facebook.com/adsmanager/manage/ads?act=1059444081122469&selected_campaign_ids=120240004894060368&selected_adset_ids=120240087267050368&selected_ad_ids=120240087358830368&date=2026-01-01_2026-06-12&insight_date=2026-01-01_2026-06-12&comparison_date=2026-01-01_2026-06-12,Utah Orem Mission,,23.666666667
120240087358830368,People Found,-,https://business.facebook.com/adsmanager/manage/ads?act=1059444081122469&selected_campaign_ids=120240004894060368&selected_adset_ids=120240087267050368&selected_ad_ids=120240087358830368&date=2026-01-01_2026-06-12&insight_date=2026-01-01_2026-06-12&comparison_date=2026-01-01_2026-06-12,Utah Orem Mission,,29
120219811556580700,Forecasted Cost Per Baptism,-,https://business.facebook.com/adsmanager/manage/ads?act=239288150469483&selected_campaign_ids=120219809694120700&selected_adset_ids=120219811556870700&selected_ad_ids=120219811556580700&date=2026-01-01_2026-06-12&insight_date=2026-01-01_2026-06-12&comparison_date=2026-01-01_2026-06-12,Tennessee Nashville Mission,,0
120219811556580700,Forecasted Baptisms,-,https://business.facebook.com/adsmanager/manage/ads?act=239288150469483&selected_campaign_ids=120219809694120700&selected_adset_ids=120219811556870700&selected_ad_ids=120219811556580700&date=2026-01-01_2026-06-12&insight_date=2026-01-01_2026-06-12&comparison_date=2026-01-01_2026-06-12,Tennessee Nashville Mission,,1.024090630
120219811556580700,Forecasted % Found Baptized,-,https://business.facebook.com/adsmanager/manage/ads?act=239288150469483&selected_campaign_ids=120219809694120700&selected_adset_ids=120219811556870700&selected_ad_ids=120219811556580700&date=2026-01-01_2026-06-12&insight_date=2026-01-01_2026-06-12&comparison_date=2026-01-01_2026-06-12,Tennessee Nashville Mission,,0.040963625
120219811556580700,% Found Baptized,-,https://business.facebook.com/adsmanager/manage/ads?act=239288150469483&selected_campaign_ids=120219809694120700&selected_adset_ids=120219811556870700&selected_ad_ids=120219811556580700&date=2026-01-01_2026-06-12&insight_date=2026-01-01_2026-06-12&comparison_date=2026-01-01_2026-06-12,Tennessee Nashville Mission,,0.12
120219811556580700,% Found Attending Sacrament,-,https://business.facebook.com/adsmanager/manage/ads?act=239288150469483&selected_campaign_ids=120219809694120700&selected_adset_ids=120219811556870700&selected_ad_ids=120219811556580700&date=2026-01-01_2026-06-12&insight_date=2026-01-01_2026-06-12&comparison_date=2026-01-01_2026-06-12,Tennessee Nashville Mission,,0.24
120219811556580700,People Baptized and Confirmed,-,https://business.facebook.com/adsmanager/manage/ads?act=239288150469483&selected_campaign_ids=120219809694120700&selected_adset_ids=120219811556870700&selected_ad_ids=120219811556580700&date=2026-01-01_2026-06-12&insight_date=2026-01-01_2026-06-12&comparison_date=2026-01-01_2026-06-12,Tennessee Nashville Mission,,3
120219811556580700,People Who Attended Sacrament,-,https://business.facebook.com/adsmanager/manage/ads?act=239288150469483&selected_campaign_ids=120219809694120700&selected_adset_ids=120219811556870700&selected_ad_ids=120219811556580700&date=2026-01-01_2026-06-12&insight_date=2026-01-01_2026-06-12&comparison_date=2026-01-01_2026-06-12,Tennessee Nashville Mission,,6
120219811556580700,New People Being Taught,-,https://business.facebook.com/adsmanager/manage/ads?act=239288150469483&selected_campaign_ids=120219809694120700&selected_adset_ids=120219811556870700&selected_ad_ids=120219811556580700&date=2026-01-01_2026-06-12&insight_date=2026-01-01_2026-06-12&comparison_date=2026-01-01_2026-06-12,Tennessee Nashville Mission,,19
120219811556580700,Cost Per Facebook Lead,-,https://business.facebook.com/adsmanager/manage/ads?act=239288150469483&selected_campaign_ids=120219809694120700&selected_adset_ids=120219811556870700&selected_ad_ids=120219811556580700&date=2026-01-01_2026-06-12&insight_date=2026-01-01_2026-06-12&comparison_date=2026-01-01_2026-06-12,Tennessee Nashville Mission,,
120219811556580700,Ad Leads,-,https://business.facebook.com/adsmanager/manage/ads?act=239288150469483&selected_campaign_ids=120219809694120700&selected_adset_ids=120219811556870700&selected_ad_ids=120219811556580700&date=2026-01-01_2026-06-12&insight_date=2026-01-01_2026-06-12&comparison_date=2026-01-01_2026-06-12,Tennessee Nashville Mission,,0
120219811556580700,People Found,-,https://business.facebook.com/adsmanager/manage/ads?act=239288150469483&selected_campaign_ids=120219809694120700&selected_adset_ids=120219811556870700&selected_ad_ids=120219811556580700&date=2026-01-01_2026-06-12&insight_date=2026-01-01_2026-06-12&comparison_date=2026-01-01_2026-06-12,Tennessee Nashville Mission,,25
